
 /----------------------------------------------------------------------------\
 |                                                                            |
 |  yosys -- Yosys Open SYnthesis Suite                                       |
 |                                                                            |
 |  Copyright (C) 2012 - 2020  Claire Xenia Wolf <claire@yosyshq.com>         |
 |                                                                            |
 |  Permission to use, copy, modify, and/or distribute this software for any  |
 |  purpose with or without fee is hereby granted, provided that the above    |
 |  copyright notice and this permission notice appear in all copies.         |
 |                                                                            |
 |  THE SOFTWARE IS PROVIDED "AS IS" AND THE AUTHOR DISCLAIMS ALL WARRANTIES  |
 |  WITH REGARD TO THIS SOFTWARE INCLUDING ALL IMPLIED WARRANTIES OF          |
 |  MERCHANTABILITY AND FITNESS. IN NO EVENT SHALL THE AUTHOR BE LIABLE FOR   |
 |  ANY SPECIAL, DIRECT, INDIRECT, OR CONSEQUENTIAL DAMAGES OR ANY DAMAGES    |
 |  WHATSOEVER RESULTING FROM LOSS OF USE, DATA OR PROFITS, WHETHER IN AN     |
 |  ACTION OF CONTRACT, NEGLIGENCE OR OTHER TORTIOUS ACTION, ARISING OUT OF   |
 |  OR IN CONNECTION WITH THE USE OR PERFORMANCE OF THIS SOFTWARE.            |
 |                                                                            |
 \----------------------------------------------------------------------------/

 Yosys 0.38 (git sha1 543faed9c8c, clang++ 17.0.6 -fPIC -Os)


-- Executing script file `/tmp/synth.ys' --

1. Executing Liberty frontend: /openlane/pdks/sky130A/libs.ref/sky130_sram_macros/lib/sky130_sram_1kbyte_1rw1r_32x256_8_TT_1p8V_25C.lib
Imported 1 cell types from liberty file.

2. Executing Verilog-2005 frontend: /openlane/kws/src/compute_core.sv
Parsing SystemVerilog input from `/openlane/kws/src/compute_core.sv' to AST representation.
Generating RTLIL representation for module `\compute_core'.
Warning: Replacing memory \win_buf with list of registers. See /openlane/kws/src/compute_core.sv:154
Warning: Replacing memory \wt_buf with list of registers. See /openlane/kws/src/compute_core.sv:68
Successfully finished Verilog frontend.

3. Executing Verilog-2005 frontend: /openlane/kws/src/top.sv
Parsing SystemVerilog input from `/openlane/kws/src/top.sv' to AST representation.
Generating RTLIL representation for module `\top'.
Warning: Replacing memory \result_buf with list of registers. See /openlane/kws/src/top.sv:174, /openlane/kws/src/top.sv:119
Successfully finished Verilog frontend.

4. Executing Verilog-2005 frontend: /openlane/kws/src/interface.sv
Parsing SystemVerilog input from `/openlane/kws/src/interface.sv' to AST representation.
Generating RTLIL representation for module `\spi_slave'.
Successfully finished Verilog frontend.

5. Executing HIERARCHY pass (managing design hierarchy).

5.1. Analyzing design hierarchy..
Top module:  \top
Used module:     \compute_core
Used module:     \spi_slave
Parameter \N_IN_BYTES = 64
Parameter \N_OUT_BYTES = 10

5.2. Executing AST frontend in derive mode using pre-parsed AST for module `\spi_slave'.
Parameter \N_IN_BYTES = 64
Parameter \N_OUT_BYTES = 10
Generating RTLIL representation for module `$paramod$5ff19c0ce473189292aafc7f2ccdeae6cf22053c\spi_slave'.

5.3. Analyzing design hierarchy..
Top module:  \top
Used module:     \compute_core
Used module:     $paramod$5ff19c0ce473189292aafc7f2ccdeae6cf22053c\spi_slave

5.4. Analyzing design hierarchy..
Top module:  \top
Used module:     \compute_core
Used module:     $paramod$5ff19c0ce473189292aafc7f2ccdeae6cf22053c\spi_slave
Removing unused module `\spi_slave'.
Removed 1 unused modules.

6. Executing PROC pass (convert processes to netlists).

6.1. Executing PROC_CLEAN pass (remove empty switches from decision trees).
Cleaned up 0 empty switches.

6.2. Executing PROC_RMDEAD pass (remove dead branches from decision trees).
Marked 7 switch rules as full_case in process $proc$/openlane/kws/src/interface.sv:81$2457 in module $paramod$5ff19c0ce473189292aafc7f2ccdeae6cf22053c\spi_slave.
Marked 1 switch rules as full_case in process $proc$/openlane/kws/src/interface.sv:53$2446 in module $paramod$5ff19c0ce473189292aafc7f2ccdeae6cf22053c\spi_slave.
Removed 1 dead cases from process $proc$/openlane/kws/src/top.sv:123$2331 in module top.
Marked 5 switch rules as full_case in process $proc$/openlane/kws/src/top.sv:123$2331 in module top.
Removed 1 dead cases from process $proc$/openlane/kws/src/compute_core.sv:0$2136 in module compute_core.
Marked 1 switch rules as full_case in process $proc$/openlane/kws/src/compute_core.sv:0$2136 in module compute_core.
Removed 1 dead cases from process $proc$/openlane/kws/src/compute_core.sv:0$2133 in module compute_core.
Marked 1 switch rules as full_case in process $proc$/openlane/kws/src/compute_core.sv:0$2133 in module compute_core.
Removed 1 dead cases from process $proc$/openlane/kws/src/compute_core.sv:0$2130 in module compute_core.
Marked 1 switch rules as full_case in process $proc$/openlane/kws/src/compute_core.sv:0$2130 in module compute_core.
Removed 1 dead cases from process $proc$/openlane/kws/src/compute_core.sv:0$2127 in module compute_core.
Marked 1 switch rules as full_case in process $proc$/openlane/kws/src/compute_core.sv:0$2127 in module compute_core.
Removed 1 dead cases from process $proc$/openlane/kws/src/compute_core.sv:0$2124 in module compute_core.
Marked 1 switch rules as full_case in process $proc$/openlane/kws/src/compute_core.sv:0$2124 in module compute_core.
Removed 1 dead cases from process $proc$/openlane/kws/src/compute_core.sv:0$2121 in module compute_core.
Marked 1 switch rules as full_case in process $proc$/openlane/kws/src/compute_core.sv:0$2121 in module compute_core.
Removed 1 dead cases from process $proc$/openlane/kws/src/compute_core.sv:0$2118 in module compute_core.
Marked 1 switch rules as full_case in process $proc$/openlane/kws/src/compute_core.sv:0$2118 in module compute_core.
Removed 1 dead cases from process $proc$/openlane/kws/src/compute_core.sv:0$2115 in module compute_core.
Marked 1 switch rules as full_case in process $proc$/openlane/kws/src/compute_core.sv:0$2115 in module compute_core.
Removed 1 dead cases from process $proc$/openlane/kws/src/compute_core.sv:0$2112 in module compute_core.
Marked 1 switch rules as full_case in process $proc$/openlane/kws/src/compute_core.sv:0$2112 in module compute_core.
Removed 1 dead cases from process $proc$/openlane/kws/src/compute_core.sv:0$2109 in module compute_core.
Marked 1 switch rules as full_case in process $proc$/openlane/kws/src/compute_core.sv:0$2109 in module compute_core.
Removed 1 dead cases from process $proc$/openlane/kws/src/compute_core.sv:0$2106 in module compute_core.
Marked 1 switch rules as full_case in process $proc$/openlane/kws/src/compute_core.sv:0$2106 in module compute_core.
Removed 1 dead cases from process $proc$/openlane/kws/src/compute_core.sv:0$2103 in module compute_core.
Marked 1 switch rules as full_case in process $proc$/openlane/kws/src/compute_core.sv:0$2103 in module compute_core.
Removed 1 dead cases from process $proc$/openlane/kws/src/compute_core.sv:0$2100 in module compute_core.
Marked 1 switch rules as full_case in process $proc$/openlane/kws/src/compute_core.sv:0$2100 in module compute_core.
Removed 1 dead cases from process $proc$/openlane/kws/src/compute_core.sv:0$2097 in module compute_core.
Marked 1 switch rules as full_case in process $proc$/openlane/kws/src/compute_core.sv:0$2097 in module compute_core.
Removed 1 dead cases from process $proc$/openlane/kws/src/compute_core.sv:0$2094 in module compute_core.
Marked 1 switch rules as full_case in process $proc$/openlane/kws/src/compute_core.sv:0$2094 in module compute_core.
Removed 1 dead cases from process $proc$/openlane/kws/src/compute_core.sv:0$2091 in module compute_core.
Marked 1 switch rules as full_case in process $proc$/openlane/kws/src/compute_core.sv:0$2091 in module compute_core.
Removed 1 dead cases from process $proc$/openlane/kws/src/compute_core.sv:0$2088 in module compute_core.
Marked 1 switch rules as full_case in process $proc$/openlane/kws/src/compute_core.sv:0$2088 in module compute_core.
Removed 1 dead cases from process $proc$/openlane/kws/src/compute_core.sv:0$2085 in module compute_core.
Marked 1 switch rules as full_case in process $proc$/openlane/kws/src/compute_core.sv:0$2085 in module compute_core.
Removed 1 dead cases from process $proc$/openlane/kws/src/compute_core.sv:0$2082 in module compute_core.
Marked 1 switch rules as full_case in process $proc$/openlane/kws/src/compute_core.sv:0$2082 in module compute_core.
Removed 1 dead cases from process $proc$/openlane/kws/src/compute_core.sv:0$2079 in module compute_core.
Marked 1 switch rules as full_case in process $proc$/openlane/kws/src/compute_core.sv:0$2079 in module compute_core.
Removed 1 dead cases from process $proc$/openlane/kws/src/compute_core.sv:0$2076 in module compute_core.
Marked 1 switch rules as full_case in process $proc$/openlane/kws/src/compute_core.sv:0$2076 in module compute_core.
Removed 1 dead cases from process $proc$/openlane/kws/src/compute_core.sv:0$2073 in module compute_core.
Marked 1 switch rules as full_case in process $proc$/openlane/kws/src/compute_core.sv:0$2073 in module compute_core.
Removed 1 dead cases from process $proc$/openlane/kws/src/compute_core.sv:0$2070 in module compute_core.
Marked 1 switch rules as full_case in process $proc$/openlane/kws/src/compute_core.sv:0$2070 in module compute_core.
Removed 1 dead cases from process $proc$/openlane/kws/src/compute_core.sv:0$2067 in module compute_core.
Marked 1 switch rules as full_case in process $proc$/openlane/kws/src/compute_core.sv:0$2067 in module compute_core.
Removed 1 dead cases from process $proc$/openlane/kws/src/compute_core.sv:0$2064 in module compute_core.
Marked 1 switch rules as full_case in process $proc$/openlane/kws/src/compute_core.sv:0$2064 in module compute_core.
Removed 1 dead cases from process $proc$/openlane/kws/src/compute_core.sv:0$2061 in module compute_core.
Marked 1 switch rules as full_case in process $proc$/openlane/kws/src/compute_core.sv:0$2061 in module compute_core.
Removed 1 dead cases from process $proc$/openlane/kws/src/compute_core.sv:0$2058 in module compute_core.
Marked 1 switch rules as full_case in process $proc$/openlane/kws/src/compute_core.sv:0$2058 in module compute_core.
Removed 1 dead cases from process $proc$/openlane/kws/src/compute_core.sv:0$2055 in module compute_core.
Marked 1 switch rules as full_case in process $proc$/openlane/kws/src/compute_core.sv:0$2055 in module compute_core.
Removed 1 dead cases from process $proc$/openlane/kws/src/compute_core.sv:0$2052 in module compute_core.
Marked 1 switch rules as full_case in process $proc$/openlane/kws/src/compute_core.sv:0$2052 in module compute_core.
Removed 1 dead cases from process $proc$/openlane/kws/src/compute_core.sv:0$2049 in module compute_core.
Marked 1 switch rules as full_case in process $proc$/openlane/kws/src/compute_core.sv:0$2049 in module compute_core.
Removed 1 dead cases from process $proc$/openlane/kws/src/compute_core.sv:0$2046 in module compute_core.
Marked 1 switch rules as full_case in process $proc$/openlane/kws/src/compute_core.sv:0$2046 in module compute_core.
Removed 1 dead cases from process $proc$/openlane/kws/src/compute_core.sv:0$2043 in module compute_core.
Marked 1 switch rules as full_case in process $proc$/openlane/kws/src/compute_core.sv:0$2043 in module compute_core.
Removed 1 dead cases from process $proc$/openlane/kws/src/compute_core.sv:0$2040 in module compute_core.
Marked 1 switch rules as full_case in process $proc$/openlane/kws/src/compute_core.sv:0$2040 in module compute_core.
Removed 1 dead cases from process $proc$/openlane/kws/src/compute_core.sv:0$2037 in module compute_core.
Marked 1 switch rules as full_case in process $proc$/openlane/kws/src/compute_core.sv:0$2037 in module compute_core.
Removed 1 dead cases from process $proc$/openlane/kws/src/compute_core.sv:0$2034 in module compute_core.
Marked 1 switch rules as full_case in process $proc$/openlane/kws/src/compute_core.sv:0$2034 in module compute_core.
Removed 1 dead cases from process $proc$/openlane/kws/src/compute_core.sv:0$2031 in module compute_core.
Marked 1 switch rules as full_case in process $proc$/openlane/kws/src/compute_core.sv:0$2031 in module compute_core.
Removed 1 dead cases from process $proc$/openlane/kws/src/compute_core.sv:0$2028 in module compute_core.
Marked 1 switch rules as full_case in process $proc$/openlane/kws/src/compute_core.sv:0$2028 in module compute_core.
Removed 1 dead cases from process $proc$/openlane/kws/src/compute_core.sv:0$2025 in module compute_core.
Marked 1 switch rules as full_case in process $proc$/openlane/kws/src/compute_core.sv:0$2025 in module compute_core.
Removed 1 dead cases from process $proc$/openlane/kws/src/compute_core.sv:0$2022 in module compute_core.
Marked 1 switch rules as full_case in process $proc$/openlane/kws/src/compute_core.sv:0$2022 in module compute_core.
Removed 1 dead cases from process $proc$/openlane/kws/src/compute_core.sv:0$2019 in module compute_core.
Marked 1 switch rules as full_case in process $proc$/openlane/kws/src/compute_core.sv:0$2019 in module compute_core.
Removed 1 dead cases from process $proc$/openlane/kws/src/compute_core.sv:0$2016 in module compute_core.
Marked 1 switch rules as full_case in process $proc$/openlane/kws/src/compute_core.sv:0$2016 in module compute_core.
Removed 1 dead cases from process $proc$/openlane/kws/src/compute_core.sv:0$2013 in module compute_core.
Marked 1 switch rules as full_case in process $proc$/openlane/kws/src/compute_core.sv:0$2013 in module compute_core.
Removed 1 dead cases from process $proc$/openlane/kws/src/compute_core.sv:0$2010 in module compute_core.
Marked 1 switch rules as full_case in process $proc$/openlane/kws/src/compute_core.sv:0$2010 in module compute_core.
Removed 1 dead cases from process $proc$/openlane/kws/src/compute_core.sv:0$2007 in module compute_core.
Marked 1 switch rules as full_case in process $proc$/openlane/kws/src/compute_core.sv:0$2007 in module compute_core.
Removed 1 dead cases from process $proc$/openlane/kws/src/compute_core.sv:0$2004 in module compute_core.
Marked 1 switch rules as full_case in process $proc$/openlane/kws/src/compute_core.sv:0$2004 in module compute_core.
Removed 1 dead cases from process $proc$/openlane/kws/src/compute_core.sv:0$2001 in module compute_core.
Marked 1 switch rules as full_case in process $proc$/openlane/kws/src/compute_core.sv:0$2001 in module compute_core.
Removed 1 dead cases from process $proc$/openlane/kws/src/compute_core.sv:0$1998 in module compute_core.
Marked 1 switch rules as full_case in process $proc$/openlane/kws/src/compute_core.sv:0$1998 in module compute_core.
Removed 1 dead cases from process $proc$/openlane/kws/src/compute_core.sv:0$1995 in module compute_core.
Marked 1 switch rules as full_case in process $proc$/openlane/kws/src/compute_core.sv:0$1995 in module compute_core.
Removed 1 dead cases from process $proc$/openlane/kws/src/compute_core.sv:0$1992 in module compute_core.
Marked 1 switch rules as full_case in process $proc$/openlane/kws/src/compute_core.sv:0$1992 in module compute_core.
Removed 1 dead cases from process $proc$/openlane/kws/src/compute_core.sv:0$1989 in module compute_core.
Marked 1 switch rules as full_case in process $proc$/openlane/kws/src/compute_core.sv:0$1989 in module compute_core.
Removed 1 dead cases from process $proc$/openlane/kws/src/compute_core.sv:0$1986 in module compute_core.
Marked 1 switch rules as full_case in process $proc$/openlane/kws/src/compute_core.sv:0$1986 in module compute_core.
Removed 1 dead cases from process $proc$/openlane/kws/src/compute_core.sv:0$1983 in module compute_core.
Marked 1 switch rules as full_case in process $proc$/openlane/kws/src/compute_core.sv:0$1983 in module compute_core.
Removed 1 dead cases from process $proc$/openlane/kws/src/compute_core.sv:0$1980 in module compute_core.
Marked 1 switch rules as full_case in process $proc$/openlane/kws/src/compute_core.sv:0$1980 in module compute_core.
Removed 1 dead cases from process $proc$/openlane/kws/src/compute_core.sv:0$1977 in module compute_core.
Marked 1 switch rules as full_case in process $proc$/openlane/kws/src/compute_core.sv:0$1977 in module compute_core.
Removed 1 dead cases from process $proc$/openlane/kws/src/compute_core.sv:0$1974 in module compute_core.
Marked 1 switch rules as full_case in process $proc$/openlane/kws/src/compute_core.sv:0$1974 in module compute_core.
Removed 1 dead cases from process $proc$/openlane/kws/src/compute_core.sv:0$1971 in module compute_core.
Marked 1 switch rules as full_case in process $proc$/openlane/kws/src/compute_core.sv:0$1971 in module compute_core.
Removed 1 dead cases from process $proc$/openlane/kws/src/compute_core.sv:0$1968 in module compute_core.
Marked 1 switch rules as full_case in process $proc$/openlane/kws/src/compute_core.sv:0$1968 in module compute_core.
Removed 1 dead cases from process $proc$/openlane/kws/src/compute_core.sv:0$1965 in module compute_core.
Marked 1 switch rules as full_case in process $proc$/openlane/kws/src/compute_core.sv:0$1965 in module compute_core.
Removed 1 dead cases from process $proc$/openlane/kws/src/compute_core.sv:0$1962 in module compute_core.
Marked 1 switch rules as full_case in process $proc$/openlane/kws/src/compute_core.sv:0$1962 in module compute_core.
Removed 1 dead cases from process $proc$/openlane/kws/src/compute_core.sv:0$1959 in module compute_core.
Marked 1 switch rules as full_case in process $proc$/openlane/kws/src/compute_core.sv:0$1959 in module compute_core.
Removed 1 dead cases from process $proc$/openlane/kws/src/compute_core.sv:0$1956 in module compute_core.
Marked 1 switch rules as full_case in process $proc$/openlane/kws/src/compute_core.sv:0$1956 in module compute_core.
Removed 1 dead cases from process $proc$/openlane/kws/src/compute_core.sv:0$1953 in module compute_core.
Marked 1 switch rules as full_case in process $proc$/openlane/kws/src/compute_core.sv:0$1953 in module compute_core.
Removed 1 dead cases from process $proc$/openlane/kws/src/compute_core.sv:0$1950 in module compute_core.
Marked 1 switch rules as full_case in process $proc$/openlane/kws/src/compute_core.sv:0$1950 in module compute_core.
Removed 1 dead cases from process $proc$/openlane/kws/src/compute_core.sv:0$1947 in module compute_core.
Marked 1 switch rules as full_case in process $proc$/openlane/kws/src/compute_core.sv:0$1947 in module compute_core.
Removed 1 dead cases from process $proc$/openlane/kws/src/compute_core.sv:0$1944 in module compute_core.
Marked 1 switch rules as full_case in process $proc$/openlane/kws/src/compute_core.sv:0$1944 in module compute_core.
Removed 1 dead cases from process $proc$/openlane/kws/src/compute_core.sv:0$1941 in module compute_core.
Marked 1 switch rules as full_case in process $proc$/openlane/kws/src/compute_core.sv:0$1941 in module compute_core.
Removed 1 dead cases from process $proc$/openlane/kws/src/compute_core.sv:0$1938 in module compute_core.
Marked 1 switch rules as full_case in process $proc$/openlane/kws/src/compute_core.sv:0$1938 in module compute_core.
Removed 1 dead cases from process $proc$/openlane/kws/src/compute_core.sv:0$1935 in module compute_core.
Marked 1 switch rules as full_case in process $proc$/openlane/kws/src/compute_core.sv:0$1935 in module compute_core.
Removed 1 dead cases from process $proc$/openlane/kws/src/compute_core.sv:0$1932 in module compute_core.
Marked 1 switch rules as full_case in process $proc$/openlane/kws/src/compute_core.sv:0$1932 in module compute_core.
Removed 1 dead cases from process $proc$/openlane/kws/src/compute_core.sv:0$1929 in module compute_core.
Marked 1 switch rules as full_case in process $proc$/openlane/kws/src/compute_core.sv:0$1929 in module compute_core.
Removed 1 dead cases from process $proc$/openlane/kws/src/compute_core.sv:0$1926 in module compute_core.
Marked 1 switch rules as full_case in process $proc$/openlane/kws/src/compute_core.sv:0$1926 in module compute_core.
Removed 1 dead cases from process $proc$/openlane/kws/src/compute_core.sv:0$1923 in module compute_core.
Marked 1 switch rules as full_case in process $proc$/openlane/kws/src/compute_core.sv:0$1923 in module compute_core.
Removed 1 dead cases from process $proc$/openlane/kws/src/compute_core.sv:0$1920 in module compute_core.
Marked 1 switch rules as full_case in process $proc$/openlane/kws/src/compute_core.sv:0$1920 in module compute_core.
Removed 1 dead cases from process $proc$/openlane/kws/src/compute_core.sv:0$1917 in module compute_core.
Marked 1 switch rules as full_case in process $proc$/openlane/kws/src/compute_core.sv:0$1917 in module compute_core.
Removed 1 dead cases from process $proc$/openlane/kws/src/compute_core.sv:0$1914 in module compute_core.
Marked 1 switch rules as full_case in process $proc$/openlane/kws/src/compute_core.sv:0$1914 in module compute_core.
Removed 1 dead cases from process $proc$/openlane/kws/src/compute_core.sv:0$1911 in module compute_core.
Marked 1 switch rules as full_case in process $proc$/openlane/kws/src/compute_core.sv:0$1911 in module compute_core.
Removed 1 dead cases from process $proc$/openlane/kws/src/compute_core.sv:0$1908 in module compute_core.
Marked 1 switch rules as full_case in process $proc$/openlane/kws/src/compute_core.sv:0$1908 in module compute_core.
Removed 1 dead cases from process $proc$/openlane/kws/src/compute_core.sv:0$1905 in module compute_core.
Marked 1 switch rules as full_case in process $proc$/openlane/kws/src/compute_core.sv:0$1905 in module compute_core.
Removed 1 dead cases from process $proc$/openlane/kws/src/compute_core.sv:0$1902 in module compute_core.
Marked 1 switch rules as full_case in process $proc$/openlane/kws/src/compute_core.sv:0$1902 in module compute_core.
Removed 1 dead cases from process $proc$/openlane/kws/src/compute_core.sv:0$1899 in module compute_core.
Marked 1 switch rules as full_case in process $proc$/openlane/kws/src/compute_core.sv:0$1899 in module compute_core.
Removed 1 dead cases from process $proc$/openlane/kws/src/compute_core.sv:0$1896 in module compute_core.
Marked 1 switch rules as full_case in process $proc$/openlane/kws/src/compute_core.sv:0$1896 in module compute_core.
Removed 1 dead cases from process $proc$/openlane/kws/src/compute_core.sv:0$1893 in module compute_core.
Marked 1 switch rules as full_case in process $proc$/openlane/kws/src/compute_core.sv:0$1893 in module compute_core.
Removed 1 dead cases from process $proc$/openlane/kws/src/compute_core.sv:0$1890 in module compute_core.
Marked 1 switch rules as full_case in process $proc$/openlane/kws/src/compute_core.sv:0$1890 in module compute_core.
Removed 1 dead cases from process $proc$/openlane/kws/src/compute_core.sv:0$1887 in module compute_core.
Marked 1 switch rules as full_case in process $proc$/openlane/kws/src/compute_core.sv:0$1887 in module compute_core.
Removed 1 dead cases from process $proc$/openlane/kws/src/compute_core.sv:0$1884 in module compute_core.
Marked 1 switch rules as full_case in process $proc$/openlane/kws/src/compute_core.sv:0$1884 in module compute_core.
Removed 1 dead cases from process $proc$/openlane/kws/src/compute_core.sv:0$1881 in module compute_core.
Marked 1 switch rules as full_case in process $proc$/openlane/kws/src/compute_core.sv:0$1881 in module compute_core.
Removed 1 dead cases from process $proc$/openlane/kws/src/compute_core.sv:0$1878 in module compute_core.
Marked 1 switch rules as full_case in process $proc$/openlane/kws/src/compute_core.sv:0$1878 in module compute_core.
Removed 1 dead cases from process $proc$/openlane/kws/src/compute_core.sv:0$1875 in module compute_core.
Marked 1 switch rules as full_case in process $proc$/openlane/kws/src/compute_core.sv:0$1875 in module compute_core.
Removed 1 dead cases from process $proc$/openlane/kws/src/compute_core.sv:0$1872 in module compute_core.
Marked 1 switch rules as full_case in process $proc$/openlane/kws/src/compute_core.sv:0$1872 in module compute_core.
Removed 1 dead cases from process $proc$/openlane/kws/src/compute_core.sv:0$1869 in module compute_core.
Marked 1 switch rules as full_case in process $proc$/openlane/kws/src/compute_core.sv:0$1869 in module compute_core.
Removed 1 dead cases from process $proc$/openlane/kws/src/compute_core.sv:0$1866 in module compute_core.
Marked 1 switch rules as full_case in process $proc$/openlane/kws/src/compute_core.sv:0$1866 in module compute_core.
Removed 1 dead cases from process $proc$/openlane/kws/src/compute_core.sv:0$1863 in module compute_core.
Marked 1 switch rules as full_case in process $proc$/openlane/kws/src/compute_core.sv:0$1863 in module compute_core.
Removed 1 dead cases from process $proc$/openlane/kws/src/compute_core.sv:0$1860 in module compute_core.
Marked 1 switch rules as full_case in process $proc$/openlane/kws/src/compute_core.sv:0$1860 in module compute_core.
Removed 1 dead cases from process $proc$/openlane/kws/src/compute_core.sv:0$1857 in module compute_core.
Marked 1 switch rules as full_case in process $proc$/openlane/kws/src/compute_core.sv:0$1857 in module compute_core.
Removed 1 dead cases from process $proc$/openlane/kws/src/compute_core.sv:0$1854 in module compute_core.
Marked 1 switch rules as full_case in process $proc$/openlane/kws/src/compute_core.sv:0$1854 in module compute_core.
Removed 1 dead cases from process $proc$/openlane/kws/src/compute_core.sv:0$1851 in module compute_core.
Marked 1 switch rules as full_case in process $proc$/openlane/kws/src/compute_core.sv:0$1851 in module compute_core.
Removed 1 dead cases from process $proc$/openlane/kws/src/compute_core.sv:0$1848 in module compute_core.
Marked 1 switch rules as full_case in process $proc$/openlane/kws/src/compute_core.sv:0$1848 in module compute_core.
Removed 1 dead cases from process $proc$/openlane/kws/src/compute_core.sv:0$1845 in module compute_core.
Marked 1 switch rules as full_case in process $proc$/openlane/kws/src/compute_core.sv:0$1845 in module compute_core.
Removed 1 dead cases from process $proc$/openlane/kws/src/compute_core.sv:0$1842 in module compute_core.
Marked 1 switch rules as full_case in process $proc$/openlane/kws/src/compute_core.sv:0$1842 in module compute_core.
Removed 1 dead cases from process $proc$/openlane/kws/src/compute_core.sv:0$1839 in module compute_core.
Marked 1 switch rules as full_case in process $proc$/openlane/kws/src/compute_core.sv:0$1839 in module compute_core.
Removed 1 dead cases from process $proc$/openlane/kws/src/compute_core.sv:0$1836 in module compute_core.
Marked 1 switch rules as full_case in process $proc$/openlane/kws/src/compute_core.sv:0$1836 in module compute_core.
Removed 1 dead cases from process $proc$/openlane/kws/src/compute_core.sv:0$1833 in module compute_core.
Marked 1 switch rules as full_case in process $proc$/openlane/kws/src/compute_core.sv:0$1833 in module compute_core.
Removed 1 dead cases from process $proc$/openlane/kws/src/compute_core.sv:0$1830 in module compute_core.
Marked 1 switch rules as full_case in process $proc$/openlane/kws/src/compute_core.sv:0$1830 in module compute_core.
Removed 1 dead cases from process $proc$/openlane/kws/src/compute_core.sv:0$1827 in module compute_core.
Marked 1 switch rules as full_case in process $proc$/openlane/kws/src/compute_core.sv:0$1827 in module compute_core.
Removed 1 dead cases from process $proc$/openlane/kws/src/compute_core.sv:0$1824 in module compute_core.
Marked 1 switch rules as full_case in process $proc$/openlane/kws/src/compute_core.sv:0$1824 in module compute_core.
Removed 1 dead cases from process $proc$/openlane/kws/src/compute_core.sv:0$1821 in module compute_core.
Marked 1 switch rules as full_case in process $proc$/openlane/kws/src/compute_core.sv:0$1821 in module compute_core.
Removed 1 dead cases from process $proc$/openlane/kws/src/compute_core.sv:0$1818 in module compute_core.
Marked 1 switch rules as full_case in process $proc$/openlane/kws/src/compute_core.sv:0$1818 in module compute_core.
Removed 1 dead cases from process $proc$/openlane/kws/src/compute_core.sv:0$1815 in module compute_core.
Marked 1 switch rules as full_case in process $proc$/openlane/kws/src/compute_core.sv:0$1815 in module compute_core.
Removed 1 dead cases from process $proc$/openlane/kws/src/compute_core.sv:0$1812 in module compute_core.
Marked 1 switch rules as full_case in process $proc$/openlane/kws/src/compute_core.sv:0$1812 in module compute_core.
Removed 1 dead cases from process $proc$/openlane/kws/src/compute_core.sv:0$1809 in module compute_core.
Marked 1 switch rules as full_case in process $proc$/openlane/kws/src/compute_core.sv:0$1809 in module compute_core.
Removed 1 dead cases from process $proc$/openlane/kws/src/compute_core.sv:0$1806 in module compute_core.
Marked 1 switch rules as full_case in process $proc$/openlane/kws/src/compute_core.sv:0$1806 in module compute_core.
Removed 1 dead cases from process $proc$/openlane/kws/src/compute_core.sv:0$1803 in module compute_core.
Marked 1 switch rules as full_case in process $proc$/openlane/kws/src/compute_core.sv:0$1803 in module compute_core.
Removed 1 dead cases from process $proc$/openlane/kws/src/compute_core.sv:0$1800 in module compute_core.
Marked 1 switch rules as full_case in process $proc$/openlane/kws/src/compute_core.sv:0$1800 in module compute_core.
Removed 1 dead cases from process $proc$/openlane/kws/src/compute_core.sv:0$1797 in module compute_core.
Marked 1 switch rules as full_case in process $proc$/openlane/kws/src/compute_core.sv:0$1797 in module compute_core.
Removed 1 dead cases from process $proc$/openlane/kws/src/compute_core.sv:0$1794 in module compute_core.
Marked 1 switch rules as full_case in process $proc$/openlane/kws/src/compute_core.sv:0$1794 in module compute_core.
Removed 1 dead cases from process $proc$/openlane/kws/src/compute_core.sv:0$1791 in module compute_core.
Marked 1 switch rules as full_case in process $proc$/openlane/kws/src/compute_core.sv:0$1791 in module compute_core.
Removed 1 dead cases from process $proc$/openlane/kws/src/compute_core.sv:0$1788 in module compute_core.
Marked 1 switch rules as full_case in process $proc$/openlane/kws/src/compute_core.sv:0$1788 in module compute_core.
Removed 1 dead cases from process $proc$/openlane/kws/src/compute_core.sv:0$1785 in module compute_core.
Marked 1 switch rules as full_case in process $proc$/openlane/kws/src/compute_core.sv:0$1785 in module compute_core.
Removed 1 dead cases from process $proc$/openlane/kws/src/compute_core.sv:0$1782 in module compute_core.
Marked 1 switch rules as full_case in process $proc$/openlane/kws/src/compute_core.sv:0$1782 in module compute_core.
Removed 1 dead cases from process $proc$/openlane/kws/src/compute_core.sv:0$1779 in module compute_core.
Marked 1 switch rules as full_case in process $proc$/openlane/kws/src/compute_core.sv:0$1779 in module compute_core.
Removed 1 dead cases from process $proc$/openlane/kws/src/compute_core.sv:0$1776 in module compute_core.
Marked 1 switch rules as full_case in process $proc$/openlane/kws/src/compute_core.sv:0$1776 in module compute_core.
Removed 1 dead cases from process $proc$/openlane/kws/src/compute_core.sv:0$1773 in module compute_core.
Marked 1 switch rules as full_case in process $proc$/openlane/kws/src/compute_core.sv:0$1773 in module compute_core.
Removed 1 dead cases from process $proc$/openlane/kws/src/compute_core.sv:0$1770 in module compute_core.
Marked 1 switch rules as full_case in process $proc$/openlane/kws/src/compute_core.sv:0$1770 in module compute_core.
Removed 1 dead cases from process $proc$/openlane/kws/src/compute_core.sv:0$1767 in module compute_core.
Marked 1 switch rules as full_case in process $proc$/openlane/kws/src/compute_core.sv:0$1767 in module compute_core.
Removed 1 dead cases from process $proc$/openlane/kws/src/compute_core.sv:0$1764 in module compute_core.
Marked 1 switch rules as full_case in process $proc$/openlane/kws/src/compute_core.sv:0$1764 in module compute_core.
Removed 1 dead cases from process $proc$/openlane/kws/src/compute_core.sv:0$1761 in module compute_core.
Marked 1 switch rules as full_case in process $proc$/openlane/kws/src/compute_core.sv:0$1761 in module compute_core.
Removed 1 dead cases from process $proc$/openlane/kws/src/compute_core.sv:0$1758 in module compute_core.
Marked 1 switch rules as full_case in process $proc$/openlane/kws/src/compute_core.sv:0$1758 in module compute_core.
Removed 1 dead cases from process $proc$/openlane/kws/src/compute_core.sv:0$1755 in module compute_core.
Marked 1 switch rules as full_case in process $proc$/openlane/kws/src/compute_core.sv:0$1755 in module compute_core.
Removed 1 dead cases from process $proc$/openlane/kws/src/compute_core.sv:0$1752 in module compute_core.
Marked 1 switch rules as full_case in process $proc$/openlane/kws/src/compute_core.sv:0$1752 in module compute_core.
Removed 1 dead cases from process $proc$/openlane/kws/src/compute_core.sv:0$1749 in module compute_core.
Marked 1 switch rules as full_case in process $proc$/openlane/kws/src/compute_core.sv:0$1749 in module compute_core.
Removed 1 dead cases from process $proc$/openlane/kws/src/compute_core.sv:0$1746 in module compute_core.
Marked 1 switch rules as full_case in process $proc$/openlane/kws/src/compute_core.sv:0$1746 in module compute_core.
Removed 1 dead cases from process $proc$/openlane/kws/src/compute_core.sv:0$1743 in module compute_core.
Marked 1 switch rules as full_case in process $proc$/openlane/kws/src/compute_core.sv:0$1743 in module compute_core.
Removed 1 dead cases from process $proc$/openlane/kws/src/compute_core.sv:0$1740 in module compute_core.
Marked 1 switch rules as full_case in process $proc$/openlane/kws/src/compute_core.sv:0$1740 in module compute_core.
Removed 1 dead cases from process $proc$/openlane/kws/src/compute_core.sv:0$1737 in module compute_core.
Marked 1 switch rules as full_case in process $proc$/openlane/kws/src/compute_core.sv:0$1737 in module compute_core.
Removed 1 dead cases from process $proc$/openlane/kws/src/compute_core.sv:0$1734 in module compute_core.
Marked 1 switch rules as full_case in process $proc$/openlane/kws/src/compute_core.sv:0$1734 in module compute_core.
Removed 1 dead cases from process $proc$/openlane/kws/src/compute_core.sv:0$1731 in module compute_core.
Marked 1 switch rules as full_case in process $proc$/openlane/kws/src/compute_core.sv:0$1731 in module compute_core.
Removed 1 dead cases from process $proc$/openlane/kws/src/compute_core.sv:0$1728 in module compute_core.
Marked 1 switch rules as full_case in process $proc$/openlane/kws/src/compute_core.sv:0$1728 in module compute_core.
Removed 1 dead cases from process $proc$/openlane/kws/src/compute_core.sv:0$1725 in module compute_core.
Marked 1 switch rules as full_case in process $proc$/openlane/kws/src/compute_core.sv:0$1725 in module compute_core.
Removed 1 dead cases from process $proc$/openlane/kws/src/compute_core.sv:0$1722 in module compute_core.
Marked 1 switch rules as full_case in process $proc$/openlane/kws/src/compute_core.sv:0$1722 in module compute_core.
Removed 1 dead cases from process $proc$/openlane/kws/src/compute_core.sv:0$1719 in module compute_core.
Marked 1 switch rules as full_case in process $proc$/openlane/kws/src/compute_core.sv:0$1719 in module compute_core.
Removed 1 dead cases from process $proc$/openlane/kws/src/compute_core.sv:0$1716 in module compute_core.
Marked 1 switch rules as full_case in process $proc$/openlane/kws/src/compute_core.sv:0$1716 in module compute_core.
Removed 1 dead cases from process $proc$/openlane/kws/src/compute_core.sv:0$1713 in module compute_core.
Marked 1 switch rules as full_case in process $proc$/openlane/kws/src/compute_core.sv:0$1713 in module compute_core.
Removed 1 dead cases from process $proc$/openlane/kws/src/compute_core.sv:0$1710 in module compute_core.
Marked 1 switch rules as full_case in process $proc$/openlane/kws/src/compute_core.sv:0$1710 in module compute_core.
Removed 1 dead cases from process $proc$/openlane/kws/src/compute_core.sv:0$1707 in module compute_core.
Marked 1 switch rules as full_case in process $proc$/openlane/kws/src/compute_core.sv:0$1707 in module compute_core.
Removed 1 dead cases from process $proc$/openlane/kws/src/compute_core.sv:0$1704 in module compute_core.
Marked 1 switch rules as full_case in process $proc$/openlane/kws/src/compute_core.sv:0$1704 in module compute_core.
Removed 1 dead cases from process $proc$/openlane/kws/src/compute_core.sv:0$1701 in module compute_core.
Marked 1 switch rules as full_case in process $proc$/openlane/kws/src/compute_core.sv:0$1701 in module compute_core.
Removed 1 dead cases from process $proc$/openlane/kws/src/compute_core.sv:0$1698 in module compute_core.
Marked 1 switch rules as full_case in process $proc$/openlane/kws/src/compute_core.sv:0$1698 in module compute_core.
Removed 1 dead cases from process $proc$/openlane/kws/src/compute_core.sv:0$1695 in module compute_core.
Marked 1 switch rules as full_case in process $proc$/openlane/kws/src/compute_core.sv:0$1695 in module compute_core.
Removed 1 dead cases from process $proc$/openlane/kws/src/compute_core.sv:0$1692 in module compute_core.
Marked 1 switch rules as full_case in process $proc$/openlane/kws/src/compute_core.sv:0$1692 in module compute_core.
Removed 1 dead cases from process $proc$/openlane/kws/src/compute_core.sv:0$1689 in module compute_core.
Marked 1 switch rules as full_case in process $proc$/openlane/kws/src/compute_core.sv:0$1689 in module compute_core.
Removed 1 dead cases from process $proc$/openlane/kws/src/compute_core.sv:0$1686 in module compute_core.
Marked 1 switch rules as full_case in process $proc$/openlane/kws/src/compute_core.sv:0$1686 in module compute_core.
Removed 1 dead cases from process $proc$/openlane/kws/src/compute_core.sv:0$1683 in module compute_core.
Marked 1 switch rules as full_case in process $proc$/openlane/kws/src/compute_core.sv:0$1683 in module compute_core.
Removed 1 dead cases from process $proc$/openlane/kws/src/compute_core.sv:0$1680 in module compute_core.
Marked 1 switch rules as full_case in process $proc$/openlane/kws/src/compute_core.sv:0$1680 in module compute_core.
Removed 1 dead cases from process $proc$/openlane/kws/src/compute_core.sv:0$1677 in module compute_core.
Marked 1 switch rules as full_case in process $proc$/openlane/kws/src/compute_core.sv:0$1677 in module compute_core.
Removed 1 dead cases from process $proc$/openlane/kws/src/compute_core.sv:0$1674 in module compute_core.
Marked 1 switch rules as full_case in process $proc$/openlane/kws/src/compute_core.sv:0$1674 in module compute_core.
Removed 1 dead cases from process $proc$/openlane/kws/src/compute_core.sv:0$1671 in module compute_core.
Marked 1 switch rules as full_case in process $proc$/openlane/kws/src/compute_core.sv:0$1671 in module compute_core.
Removed 1 dead cases from process $proc$/openlane/kws/src/compute_core.sv:0$1668 in module compute_core.
Marked 1 switch rules as full_case in process $proc$/openlane/kws/src/compute_core.sv:0$1668 in module compute_core.
Removed 1 dead cases from process $proc$/openlane/kws/src/compute_core.sv:0$1665 in module compute_core.
Marked 1 switch rules as full_case in process $proc$/openlane/kws/src/compute_core.sv:0$1665 in module compute_core.
Removed 1 dead cases from process $proc$/openlane/kws/src/compute_core.sv:0$1662 in module compute_core.
Marked 1 switch rules as full_case in process $proc$/openlane/kws/src/compute_core.sv:0$1662 in module compute_core.
Removed 1 dead cases from process $proc$/openlane/kws/src/compute_core.sv:0$1659 in module compute_core.
Marked 1 switch rules as full_case in process $proc$/openlane/kws/src/compute_core.sv:0$1659 in module compute_core.
Removed 1 dead cases from process $proc$/openlane/kws/src/compute_core.sv:0$1656 in module compute_core.
Marked 1 switch rules as full_case in process $proc$/openlane/kws/src/compute_core.sv:0$1656 in module compute_core.
Removed 1 dead cases from process $proc$/openlane/kws/src/compute_core.sv:0$1653 in module compute_core.
Marked 1 switch rules as full_case in process $proc$/openlane/kws/src/compute_core.sv:0$1653 in module compute_core.
Removed 1 dead cases from process $proc$/openlane/kws/src/compute_core.sv:0$1650 in module compute_core.
Marked 1 switch rules as full_case in process $proc$/openlane/kws/src/compute_core.sv:0$1650 in module compute_core.
Removed 1 dead cases from process $proc$/openlane/kws/src/compute_core.sv:0$1647 in module compute_core.
Marked 1 switch rules as full_case in process $proc$/openlane/kws/src/compute_core.sv:0$1647 in module compute_core.
Removed 1 dead cases from process $proc$/openlane/kws/src/compute_core.sv:0$1644 in module compute_core.
Marked 1 switch rules as full_case in process $proc$/openlane/kws/src/compute_core.sv:0$1644 in module compute_core.
Removed 1 dead cases from process $proc$/openlane/kws/src/compute_core.sv:0$1641 in module compute_core.
Marked 1 switch rules as full_case in process $proc$/openlane/kws/src/compute_core.sv:0$1641 in module compute_core.
Removed 1 dead cases from process $proc$/openlane/kws/src/compute_core.sv:0$1638 in module compute_core.
Marked 1 switch rules as full_case in process $proc$/openlane/kws/src/compute_core.sv:0$1638 in module compute_core.
Removed 1 dead cases from process $proc$/openlane/kws/src/compute_core.sv:0$1635 in module compute_core.
Marked 1 switch rules as full_case in process $proc$/openlane/kws/src/compute_core.sv:0$1635 in module compute_core.
Removed 1 dead cases from process $proc$/openlane/kws/src/compute_core.sv:0$1632 in module compute_core.
Marked 1 switch rules as full_case in process $proc$/openlane/kws/src/compute_core.sv:0$1632 in module compute_core.
Removed 1 dead cases from process $proc$/openlane/kws/src/compute_core.sv:0$1629 in module compute_core.
Marked 1 switch rules as full_case in process $proc$/openlane/kws/src/compute_core.sv:0$1629 in module compute_core.
Removed 1 dead cases from process $proc$/openlane/kws/src/compute_core.sv:0$1626 in module compute_core.
Marked 1 switch rules as full_case in process $proc$/openlane/kws/src/compute_core.sv:0$1626 in module compute_core.
Removed 1 dead cases from process $proc$/openlane/kws/src/compute_core.sv:0$1623 in module compute_core.
Marked 1 switch rules as full_case in process $proc$/openlane/kws/src/compute_core.sv:0$1623 in module compute_core.
Removed 1 dead cases from process $proc$/openlane/kws/src/compute_core.sv:0$1620 in module compute_core.
Marked 1 switch rules as full_case in process $proc$/openlane/kws/src/compute_core.sv:0$1620 in module compute_core.
Removed 1 dead cases from process $proc$/openlane/kws/src/compute_core.sv:0$1617 in module compute_core.
Marked 1 switch rules as full_case in process $proc$/openlane/kws/src/compute_core.sv:0$1617 in module compute_core.
Removed 1 dead cases from process $proc$/openlane/kws/src/compute_core.sv:0$1614 in module compute_core.
Marked 1 switch rules as full_case in process $proc$/openlane/kws/src/compute_core.sv:0$1614 in module compute_core.
Removed 1 dead cases from process $proc$/openlane/kws/src/compute_core.sv:0$1611 in module compute_core.
Marked 1 switch rules as full_case in process $proc$/openlane/kws/src/compute_core.sv:0$1611 in module compute_core.
Removed 1 dead cases from process $proc$/openlane/kws/src/compute_core.sv:0$1608 in module compute_core.
Marked 1 switch rules as full_case in process $proc$/openlane/kws/src/compute_core.sv:0$1608 in module compute_core.
Removed 1 dead cases from process $proc$/openlane/kws/src/compute_core.sv:0$1605 in module compute_core.
Marked 1 switch rules as full_case in process $proc$/openlane/kws/src/compute_core.sv:0$1605 in module compute_core.
Removed 1 dead cases from process $proc$/openlane/kws/src/compute_core.sv:0$1602 in module compute_core.
Marked 1 switch rules as full_case in process $proc$/openlane/kws/src/compute_core.sv:0$1602 in module compute_core.
Removed 1 dead cases from process $proc$/openlane/kws/src/compute_core.sv:0$1599 in module compute_core.
Marked 1 switch rules as full_case in process $proc$/openlane/kws/src/compute_core.sv:0$1599 in module compute_core.
Removed 1 dead cases from process $proc$/openlane/kws/src/compute_core.sv:0$1596 in module compute_core.
Marked 1 switch rules as full_case in process $proc$/openlane/kws/src/compute_core.sv:0$1596 in module compute_core.
Removed 1 dead cases from process $proc$/openlane/kws/src/compute_core.sv:0$1593 in module compute_core.
Marked 1 switch rules as full_case in process $proc$/openlane/kws/src/compute_core.sv:0$1593 in module compute_core.
Removed 1 dead cases from process $proc$/openlane/kws/src/compute_core.sv:0$1590 in module compute_core.
Marked 1 switch rules as full_case in process $proc$/openlane/kws/src/compute_core.sv:0$1590 in module compute_core.
Removed 1 dead cases from process $proc$/openlane/kws/src/compute_core.sv:0$1587 in module compute_core.
Marked 1 switch rules as full_case in process $proc$/openlane/kws/src/compute_core.sv:0$1587 in module compute_core.
Removed 1 dead cases from process $proc$/openlane/kws/src/compute_core.sv:0$1584 in module compute_core.
Marked 1 switch rules as full_case in process $proc$/openlane/kws/src/compute_core.sv:0$1584 in module compute_core.
Removed 1 dead cases from process $proc$/openlane/kws/src/compute_core.sv:0$1581 in module compute_core.
Marked 1 switch rules as full_case in process $proc$/openlane/kws/src/compute_core.sv:0$1581 in module compute_core.
Removed 1 dead cases from process $proc$/openlane/kws/src/compute_core.sv:0$1578 in module compute_core.
Marked 1 switch rules as full_case in process $proc$/openlane/kws/src/compute_core.sv:0$1578 in module compute_core.
Removed 1 dead cases from process $proc$/openlane/kws/src/compute_core.sv:0$1575 in module compute_core.
Marked 1 switch rules as full_case in process $proc$/openlane/kws/src/compute_core.sv:0$1575 in module compute_core.
Removed 1 dead cases from process $proc$/openlane/kws/src/compute_core.sv:0$1572 in module compute_core.
Marked 1 switch rules as full_case in process $proc$/openlane/kws/src/compute_core.sv:0$1572 in module compute_core.
Removed 1 dead cases from process $proc$/openlane/kws/src/compute_core.sv:0$1569 in module compute_core.
Marked 1 switch rules as full_case in process $proc$/openlane/kws/src/compute_core.sv:0$1569 in module compute_core.
Removed 1 dead cases from process $proc$/openlane/kws/src/compute_core.sv:0$1566 in module compute_core.
Marked 1 switch rules as full_case in process $proc$/openlane/kws/src/compute_core.sv:0$1566 in module compute_core.
Removed 1 dead cases from process $proc$/openlane/kws/src/compute_core.sv:0$1563 in module compute_core.
Marked 1 switch rules as full_case in process $proc$/openlane/kws/src/compute_core.sv:0$1563 in module compute_core.
Marked 5 switch rules as full_case in process $proc$/openlane/kws/src/compute_core.sv:146$205 in module compute_core.
Marked 3 switch rules as full_case in process $proc$/openlane/kws/src/compute_core.sv:66$194 in module compute_core.
Removed a total of 193 dead cases.

6.3. Executing PROC_PRUNE pass (remove redundant assignments in processes).
Removed 17 redundant assignments.
Promoted 454 assignments to connections.

6.4. Executing PROC_INIT pass (extract init attributes).
Found init rule in `\top.$proc$/openlane/kws/src/top.sv:0$2385'.
  Set init value: \tx_data = 80'11111111111111111111111111111111111111111111111111111111111111111111111111111111
  Set init value: \result_buf[0] = 9'000000000
  Set init value: \result_buf[1] = 9'000000000
  Set init value: \result_buf[2] = 9'000000000
  Set init value: \result_buf[3] = 9'000000000
  Set init value: \result_buf[4] = 9'000000000
  Set init value: \result_buf[5] = 9'000000000
  Set init value: \result_buf[6] = 9'000000000
  Set init value: \result_buf[7] = 9'000000000
  Set init value: \result_buf[8] = 9'000000000
  Set init value: \result_buf[9] = 9'000000000
  Set init value: \result_buf[10] = 9'000000000
  Set init value: \result_buf[11] = 9'000000000
  Set init value: \result_buf[12] = 9'000000000
  Set init value: \result_buf[13] = 9'000000000
  Set init value: \result_buf[14] = 9'000000000
  Set init value: \result_buf[15] = 9'000000000
  Set init value: \result_buf[16] = 9'000000000
  Set init value: \result_buf[17] = 9'000000000
  Set init value: \result_buf[18] = 9'000000000
  Set init value: \result_buf[19] = 9'000000000
  Set init value: \result_buf[20] = 9'000000000
  Set init value: \result_buf[21] = 9'000000000
  Set init value: \result_buf[22] = 9'000000000
  Set init value: \result_buf[23] = 9'000000000
  Set init value: \result_buf[24] = 9'000000000
  Set init value: \result_buf[25] = 9'000000000
  Set init value: \result_buf[26] = 9'000000000
  Set init value: \result_buf[27] = 9'000000000
  Set init value: \result_buf[28] = 9'000000000
  Set init value: \result_buf[29] = 9'000000000
  Set init value: \result_buf[30] = 9'000000000
  Set init value: \result_buf[31] = 9'000000000
  Set init value: \result_buf[32] = 9'000000000
  Set init value: \result_buf[33] = 9'000000000
  Set init value: \result_buf[34] = 9'000000000
  Set init value: \result_buf[35] = 9'000000000
  Set init value: \result_buf[36] = 9'000000000
  Set init value: \result_buf[37] = 9'000000000
  Set init value: \result_buf[38] = 9'000000000
  Set init value: \result_buf[39] = 9'000000000
  Set init value: \result_buf[40] = 9'000000000
  Set init value: \result_buf[41] = 9'000000000
  Set init value: \result_buf[42] = 9'000000000
  Set init value: \result_buf[43] = 9'000000000
  Set init value: \result_buf[44] = 9'000000000
  Set init value: \result_buf[45] = 9'000000000
  Set init value: \result_buf[46] = 9'000000000
  Set init value: \result_buf[47] = 9'000000000
  Set init value: \result_buf[48] = 9'000000000
  Set init value: \result_buf[49] = 9'000000000
  Set init value: \result_buf[50] = 9'000000000
  Set init value: \result_buf[51] = 9'000000000
  Set init value: \result_buf[52] = 9'000000000
  Set init value: \result_buf[53] = 9'000000000
  Set init value: \result_buf[54] = 9'000000000
  Set init value: \result_buf[55] = 9'000000000
  Set init value: \result_buf[56] = 9'000000000
  Set init value: \result_buf[57] = 9'000000000
  Set init value: \result_buf[58] = 9'000000000
  Set init value: \result_buf[59] = 9'000000000
  Set init value: \result_buf[60] = 9'000000000
  Set init value: \result_buf[61] = 9'000000000
  Set init value: \result_buf[62] = 9'000000000
  Set init value: \result_buf[63] = 9'000000000

6.5. Executing PROC_ARST pass (detect async resets in processes).
Found async reset \rst_n in `$paramod$5ff19c0ce473189292aafc7f2ccdeae6cf22053c\spi_slave.$proc$/openlane/kws/src/interface.sv:81$2457'.
Found async reset \rst_n in `$paramod$5ff19c0ce473189292aafc7f2ccdeae6cf22053c\spi_slave.$proc$/openlane/kws/src/interface.sv:53$2446'.
Found async reset \rst_n in `\top.$proc$/openlane/kws/src/top.sv:123$2331'.
Found async reset \rst_n in `\compute_core.$proc$/openlane/kws/src/compute_core.sv:146$205'.
Found async reset \rst_n in `\compute_core.$proc$/openlane/kws/src/compute_core.sv:66$194'.

6.6. Executing PROC_ROM pass (convert switches to ROMs).
Converted 0 switches.
<suppressed ~218 debug messages>

6.7. Executing PROC_MUX pass (convert decision trees to multiplexers).
Creating decoders for process `$paramod$5ff19c0ce473189292aafc7f2ccdeae6cf22053c\spi_slave.$proc$/openlane/kws/src/interface.sv:81$2457'.
     1/19: $5$lookahead\rx_data$2456[511:0]$2476
     2/19: $5$bitselwrite$pos$/openlane/kws/src/interface.sv:120$2445[31:0]$2475
     3/19: $4$lookahead\rx_data$2456[511:0]$2473
     4/19: $4$bitselwrite$pos$/openlane/kws/src/interface.sv:120$2445[31:0]$2472
     5/19: $3$lookahead\rx_data$2456[511:0]$2470
     6/19: $3$bitselwrite$pos$/openlane/kws/src/interface.sv:120$2445[31:0]$2469
     7/19: $2$lookahead\rx_data$2456[511:0]$2468
     8/19: $2$bitselwrite$pos$/openlane/kws/src/interface.sv:120$2445[31:0]$2467
     9/19: $1$lookahead\rx_data$2456[511:0]$2462
    10/19: $1$bitselwrite$pos$/openlane/kws/src/interface.sv:120$2445[31:0]$2461
    11/19: $0\rx_done[0:0]
    12/19: $0\tx_byte_cnt[3:0]
    13/19: $0\tx_bit_cnt[2:0]
    14/19: $0\tx_shift[7:0]
    15/19: $0\rx_active[0:0]
    16/19: $0\rx_byte_cnt[11:0]
    17/19: $0\rx_bit_cnt[2:0]
    18/19: $0\rx_shift[7:0]
    19/19: $0\miso[0:0]
Creating decoders for process `$paramod$5ff19c0ce473189292aafc7f2ccdeae6cf22053c\spi_slave.$proc$/openlane/kws/src/interface.sv:53$2446'.
     1/8: $0\mosi_s2[0:0]
     2/8: $0\mosi_s1[0:0]
     3/8: $0\cs_s3[0:0]
     4/8: $0\cs_s2[0:0]
     5/8: $0\cs_s1[0:0]
     6/8: $0\sclk_s3[0:0]
     7/8: $0\sclk_s2[0:0]
     8/8: $0\sclk_s1[0:0]
Creating decoders for process `\top.$proc$/openlane/kws/src/top.sv:0$2385'.
Creating decoders for process `\top.$proc$/openlane/kws/src/top.sv:123$2331'.
     1/87: $0\tx_data[79:0] [79:72]
     2/87: $0\tx_data[79:0] [71:64]
     3/87: $0\tx_data[79:0] [63:56]
     4/87: $0\tx_data[79:0] [55:48]
     5/87: $0\tx_data[79:0] [47:40]
     6/87: $0\tx_data[79:0] [39:32]
     7/87: $0\tx_data[79:0] [31:24]
     8/87: $0\tx_data[79:0] [23:16]
     9/87: $0\tx_data[79:0] [15:8]
    10/87: $0\tx_data[79:0] [7:0]
    11/87: $3$mem2reg_wr$\result_buf$/openlane/kws/src/top.sv:174$2330_DATA[8:0]$2384
    12/87: $2$mem2reg_wr$\result_buf$/openlane/kws/src/top.sv:174$2330_DATA[8:0]$2338
    13/87: $2$mem2reg_wr$\result_buf$/openlane/kws/src/top.sv:174$2330_ADDR[5:0]$2337
    14/87: $1$mem2reg_wr$\result_buf$/openlane/kws/src/top.sv:174$2330_DATA[8:0]$2336
    15/87: $1$mem2reg_wr$\result_buf$/openlane/kws/src/top.sv:174$2330_ADDR[5:0]$2335
    16/87: $0\cc_act_valid[0:0]
    17/87: $0\cc_start[0:0]
    18/87: $0\result_buf[63][8:0]
    19/87: $0\result_buf[62][8:0]
    20/87: $0\result_buf[61][8:0]
    21/87: $0\result_buf[60][8:0]
    22/87: $0\result_buf[59][8:0]
    23/87: $0\result_buf[58][8:0]
    24/87: $0\result_buf[57][8:0]
    25/87: $0\result_buf[56][8:0]
    26/87: $0\result_buf[55][8:0]
    27/87: $0\result_buf[54][8:0]
    28/87: $0\result_buf[53][8:0]
    29/87: $0\result_buf[52][8:0]
    30/87: $0\result_buf[51][8:0]
    31/87: $0\result_buf[50][8:0]
    32/87: $0\result_buf[49][8:0]
    33/87: $0\result_buf[48][8:0]
    34/87: $0\result_buf[47][8:0]
    35/87: $0\result_buf[46][8:0]
    36/87: $0\result_buf[45][8:0]
    37/87: $0\result_buf[44][8:0]
    38/87: $0\result_buf[43][8:0]
    39/87: $0\result_buf[42][8:0]
    40/87: $0\result_buf[41][8:0]
    41/87: $0\result_buf[40][8:0]
    42/87: $0\result_buf[39][8:0]
    43/87: $0\result_buf[38][8:0]
    44/87: $0\result_buf[37][8:0]
    45/87: $0\result_buf[36][8:0]
    46/87: $0\result_buf[35][8:0]
    47/87: $0\result_buf[34][8:0]
    48/87: $0\result_buf[33][8:0]
    49/87: $0\result_buf[32][8:0]
    50/87: $0\result_buf[31][8:0]
    51/87: $0\result_buf[30][8:0]
    52/87: $0\result_buf[29][8:0]
    53/87: $0\result_buf[28][8:0]
    54/87: $0\result_buf[27][8:0]
    55/87: $0\result_buf[26][8:0]
    56/87: $0\result_buf[25][8:0]
    57/87: $0\result_buf[24][8:0]
    58/87: $0\result_buf[23][8:0]
    59/87: $0\result_buf[22][8:0]
    60/87: $0\result_buf[21][8:0]
    61/87: $0\result_buf[20][8:0]
    62/87: $0\result_buf[19][8:0]
    63/87: $0\result_buf[18][8:0]
    64/87: $0\result_buf[17][8:0]
    65/87: $0\result_buf[16][8:0]
    66/87: $0\result_buf[15][8:0]
    67/87: $0\result_buf[14][8:0]
    68/87: $0\result_buf[13][8:0]
    69/87: $0\result_buf[12][8:0]
    70/87: $0\result_buf[11][8:0]
    71/87: $0\result_buf[10][8:0]
    72/87: $0\result_buf[9][8:0]
    73/87: $0\result_buf[8][8:0]
    74/87: $0\result_buf[7][8:0]
    75/87: $0\result_buf[6][8:0]
    76/87: $0\result_buf[5][8:0]
    77/87: $0\result_buf[4][8:0]
    78/87: $0\result_buf[3][8:0]
    79/87: $0\result_buf[2][8:0]
    80/87: $0\result_buf[1][8:0]
    81/87: $0\result_buf[0][8:0]
    82/87: $0\g_pos[8:0]
    83/87: $0\g_state[1:0]
    84/87: $0\cc_act_pos[8:0]
    85/87: $0\cc_act_in[63:0]
    86/87: $0\tx_ready[0:0]
    87/87: $3$mem2reg_wr$\result_buf$/openlane/kws/src/top.sv:174$2330_ADDR[5:0]$2383
Creating decoders for process `\compute_core.$proc$/openlane/kws/src/compute_core.sv:0$2139'.
Creating decoders for process `\compute_core.$proc$/openlane/kws/src/compute_core.sv:0$2136'.
     1/1: $1$mem2reg_rd$\wt_buf$/openlane/kws/src/compute_core.sv:110$193_DATA[191:0]$2138
Creating decoders for process `\compute_core.$proc$/openlane/kws/src/compute_core.sv:0$2133'.
     1/1: $1$mem2reg_rd$\wt_buf$/openlane/kws/src/compute_core.sv:110$192_DATA[191:0]$2135
Creating decoders for process `\compute_core.$proc$/openlane/kws/src/compute_core.sv:0$2130'.
     1/1: $1$mem2reg_rd$\wt_buf$/openlane/kws/src/compute_core.sv:110$191_DATA[191:0]$2132
Creating decoders for process `\compute_core.$proc$/openlane/kws/src/compute_core.sv:0$2127'.
     1/1: $1$mem2reg_rd$\wt_buf$/openlane/kws/src/compute_core.sv:110$190_DATA[191:0]$2129
Creating decoders for process `\compute_core.$proc$/openlane/kws/src/compute_core.sv:0$2124'.
     1/1: $1$mem2reg_rd$\wt_buf$/openlane/kws/src/compute_core.sv:110$189_DATA[191:0]$2126
Creating decoders for process `\compute_core.$proc$/openlane/kws/src/compute_core.sv:0$2121'.
     1/1: $1$mem2reg_rd$\wt_buf$/openlane/kws/src/compute_core.sv:110$188_DATA[191:0]$2123
Creating decoders for process `\compute_core.$proc$/openlane/kws/src/compute_core.sv:0$2118'.
     1/1: $1$mem2reg_rd$\wt_buf$/openlane/kws/src/compute_core.sv:110$187_DATA[191:0]$2120
Creating decoders for process `\compute_core.$proc$/openlane/kws/src/compute_core.sv:0$2115'.
     1/1: $1$mem2reg_rd$\wt_buf$/openlane/kws/src/compute_core.sv:110$186_DATA[191:0]$2117
Creating decoders for process `\compute_core.$proc$/openlane/kws/src/compute_core.sv:0$2112'.
     1/1: $1$mem2reg_rd$\wt_buf$/openlane/kws/src/compute_core.sv:110$185_DATA[191:0]$2114
Creating decoders for process `\compute_core.$proc$/openlane/kws/src/compute_core.sv:0$2109'.
     1/1: $1$mem2reg_rd$\wt_buf$/openlane/kws/src/compute_core.sv:110$184_DATA[191:0]$2111
Creating decoders for process `\compute_core.$proc$/openlane/kws/src/compute_core.sv:0$2106'.
     1/1: $1$mem2reg_rd$\wt_buf$/openlane/kws/src/compute_core.sv:110$183_DATA[191:0]$2108
Creating decoders for process `\compute_core.$proc$/openlane/kws/src/compute_core.sv:0$2103'.
     1/1: $1$mem2reg_rd$\wt_buf$/openlane/kws/src/compute_core.sv:110$182_DATA[191:0]$2105
Creating decoders for process `\compute_core.$proc$/openlane/kws/src/compute_core.sv:0$2100'.
     1/1: $1$mem2reg_rd$\wt_buf$/openlane/kws/src/compute_core.sv:110$181_DATA[191:0]$2102
Creating decoders for process `\compute_core.$proc$/openlane/kws/src/compute_core.sv:0$2097'.
     1/1: $1$mem2reg_rd$\wt_buf$/openlane/kws/src/compute_core.sv:110$180_DATA[191:0]$2099
Creating decoders for process `\compute_core.$proc$/openlane/kws/src/compute_core.sv:0$2094'.
     1/1: $1$mem2reg_rd$\wt_buf$/openlane/kws/src/compute_core.sv:110$179_DATA[191:0]$2096
Creating decoders for process `\compute_core.$proc$/openlane/kws/src/compute_core.sv:0$2091'.
     1/1: $1$mem2reg_rd$\wt_buf$/openlane/kws/src/compute_core.sv:110$178_DATA[191:0]$2093
Creating decoders for process `\compute_core.$proc$/openlane/kws/src/compute_core.sv:0$2088'.
     1/1: $1$mem2reg_rd$\wt_buf$/openlane/kws/src/compute_core.sv:110$177_DATA[191:0]$2090
Creating decoders for process `\compute_core.$proc$/openlane/kws/src/compute_core.sv:0$2085'.
     1/1: $1$mem2reg_rd$\wt_buf$/openlane/kws/src/compute_core.sv:110$176_DATA[191:0]$2087
Creating decoders for process `\compute_core.$proc$/openlane/kws/src/compute_core.sv:0$2082'.
     1/1: $1$mem2reg_rd$\wt_buf$/openlane/kws/src/compute_core.sv:110$175_DATA[191:0]$2084
Creating decoders for process `\compute_core.$proc$/openlane/kws/src/compute_core.sv:0$2079'.
     1/1: $1$mem2reg_rd$\wt_buf$/openlane/kws/src/compute_core.sv:110$174_DATA[191:0]$2081
Creating decoders for process `\compute_core.$proc$/openlane/kws/src/compute_core.sv:0$2076'.
     1/1: $1$mem2reg_rd$\wt_buf$/openlane/kws/src/compute_core.sv:110$173_DATA[191:0]$2078
Creating decoders for process `\compute_core.$proc$/openlane/kws/src/compute_core.sv:0$2073'.
     1/1: $1$mem2reg_rd$\wt_buf$/openlane/kws/src/compute_core.sv:110$172_DATA[191:0]$2075
Creating decoders for process `\compute_core.$proc$/openlane/kws/src/compute_core.sv:0$2070'.
     1/1: $1$mem2reg_rd$\wt_buf$/openlane/kws/src/compute_core.sv:110$171_DATA[191:0]$2072
Creating decoders for process `\compute_core.$proc$/openlane/kws/src/compute_core.sv:0$2067'.
     1/1: $1$mem2reg_rd$\wt_buf$/openlane/kws/src/compute_core.sv:110$170_DATA[191:0]$2069
Creating decoders for process `\compute_core.$proc$/openlane/kws/src/compute_core.sv:0$2064'.
     1/1: $1$mem2reg_rd$\wt_buf$/openlane/kws/src/compute_core.sv:110$169_DATA[191:0]$2066
Creating decoders for process `\compute_core.$proc$/openlane/kws/src/compute_core.sv:0$2061'.
     1/1: $1$mem2reg_rd$\wt_buf$/openlane/kws/src/compute_core.sv:110$168_DATA[191:0]$2063
Creating decoders for process `\compute_core.$proc$/openlane/kws/src/compute_core.sv:0$2058'.
     1/1: $1$mem2reg_rd$\wt_buf$/openlane/kws/src/compute_core.sv:110$167_DATA[191:0]$2060
Creating decoders for process `\compute_core.$proc$/openlane/kws/src/compute_core.sv:0$2055'.
     1/1: $1$mem2reg_rd$\wt_buf$/openlane/kws/src/compute_core.sv:110$166_DATA[191:0]$2057
Creating decoders for process `\compute_core.$proc$/openlane/kws/src/compute_core.sv:0$2052'.
     1/1: $1$mem2reg_rd$\wt_buf$/openlane/kws/src/compute_core.sv:110$165_DATA[191:0]$2054
Creating decoders for process `\compute_core.$proc$/openlane/kws/src/compute_core.sv:0$2049'.
     1/1: $1$mem2reg_rd$\wt_buf$/openlane/kws/src/compute_core.sv:110$164_DATA[191:0]$2051
Creating decoders for process `\compute_core.$proc$/openlane/kws/src/compute_core.sv:0$2046'.
     1/1: $1$mem2reg_rd$\wt_buf$/openlane/kws/src/compute_core.sv:110$163_DATA[191:0]$2048
Creating decoders for process `\compute_core.$proc$/openlane/kws/src/compute_core.sv:0$2043'.
     1/1: $1$mem2reg_rd$\wt_buf$/openlane/kws/src/compute_core.sv:110$162_DATA[191:0]$2045
Creating decoders for process `\compute_core.$proc$/openlane/kws/src/compute_core.sv:0$2040'.
     1/1: $1$mem2reg_rd$\wt_buf$/openlane/kws/src/compute_core.sv:110$161_DATA[191:0]$2042
Creating decoders for process `\compute_core.$proc$/openlane/kws/src/compute_core.sv:0$2037'.
     1/1: $1$mem2reg_rd$\wt_buf$/openlane/kws/src/compute_core.sv:110$160_DATA[191:0]$2039
Creating decoders for process `\compute_core.$proc$/openlane/kws/src/compute_core.sv:0$2034'.
     1/1: $1$mem2reg_rd$\wt_buf$/openlane/kws/src/compute_core.sv:110$159_DATA[191:0]$2036
Creating decoders for process `\compute_core.$proc$/openlane/kws/src/compute_core.sv:0$2031'.
     1/1: $1$mem2reg_rd$\wt_buf$/openlane/kws/src/compute_core.sv:110$158_DATA[191:0]$2033
Creating decoders for process `\compute_core.$proc$/openlane/kws/src/compute_core.sv:0$2028'.
     1/1: $1$mem2reg_rd$\wt_buf$/openlane/kws/src/compute_core.sv:110$157_DATA[191:0]$2030
Creating decoders for process `\compute_core.$proc$/openlane/kws/src/compute_core.sv:0$2025'.
     1/1: $1$mem2reg_rd$\wt_buf$/openlane/kws/src/compute_core.sv:110$156_DATA[191:0]$2027
Creating decoders for process `\compute_core.$proc$/openlane/kws/src/compute_core.sv:0$2022'.
     1/1: $1$mem2reg_rd$\wt_buf$/openlane/kws/src/compute_core.sv:110$155_DATA[191:0]$2024
Creating decoders for process `\compute_core.$proc$/openlane/kws/src/compute_core.sv:0$2019'.
     1/1: $1$mem2reg_rd$\wt_buf$/openlane/kws/src/compute_core.sv:110$154_DATA[191:0]$2021
Creating decoders for process `\compute_core.$proc$/openlane/kws/src/compute_core.sv:0$2016'.
     1/1: $1$mem2reg_rd$\wt_buf$/openlane/kws/src/compute_core.sv:110$153_DATA[191:0]$2018
Creating decoders for process `\compute_core.$proc$/openlane/kws/src/compute_core.sv:0$2013'.
     1/1: $1$mem2reg_rd$\wt_buf$/openlane/kws/src/compute_core.sv:110$152_DATA[191:0]$2015
Creating decoders for process `\compute_core.$proc$/openlane/kws/src/compute_core.sv:0$2010'.
     1/1: $1$mem2reg_rd$\wt_buf$/openlane/kws/src/compute_core.sv:110$151_DATA[191:0]$2012
Creating decoders for process `\compute_core.$proc$/openlane/kws/src/compute_core.sv:0$2007'.
     1/1: $1$mem2reg_rd$\wt_buf$/openlane/kws/src/compute_core.sv:110$150_DATA[191:0]$2009
Creating decoders for process `\compute_core.$proc$/openlane/kws/src/compute_core.sv:0$2004'.
     1/1: $1$mem2reg_rd$\wt_buf$/openlane/kws/src/compute_core.sv:110$149_DATA[191:0]$2006
Creating decoders for process `\compute_core.$proc$/openlane/kws/src/compute_core.sv:0$2001'.
     1/1: $1$mem2reg_rd$\wt_buf$/openlane/kws/src/compute_core.sv:110$148_DATA[191:0]$2003
Creating decoders for process `\compute_core.$proc$/openlane/kws/src/compute_core.sv:0$1998'.
     1/1: $1$mem2reg_rd$\wt_buf$/openlane/kws/src/compute_core.sv:110$147_DATA[191:0]$2000
Creating decoders for process `\compute_core.$proc$/openlane/kws/src/compute_core.sv:0$1995'.
     1/1: $1$mem2reg_rd$\wt_buf$/openlane/kws/src/compute_core.sv:110$146_DATA[191:0]$1997
Creating decoders for process `\compute_core.$proc$/openlane/kws/src/compute_core.sv:0$1992'.
     1/1: $1$mem2reg_rd$\wt_buf$/openlane/kws/src/compute_core.sv:110$145_DATA[191:0]$1994
Creating decoders for process `\compute_core.$proc$/openlane/kws/src/compute_core.sv:0$1989'.
     1/1: $1$mem2reg_rd$\wt_buf$/openlane/kws/src/compute_core.sv:110$144_DATA[191:0]$1991
Creating decoders for process `\compute_core.$proc$/openlane/kws/src/compute_core.sv:0$1986'.
     1/1: $1$mem2reg_rd$\wt_buf$/openlane/kws/src/compute_core.sv:110$143_DATA[191:0]$1988
Creating decoders for process `\compute_core.$proc$/openlane/kws/src/compute_core.sv:0$1983'.
     1/1: $1$mem2reg_rd$\wt_buf$/openlane/kws/src/compute_core.sv:110$142_DATA[191:0]$1985
Creating decoders for process `\compute_core.$proc$/openlane/kws/src/compute_core.sv:0$1980'.
     1/1: $1$mem2reg_rd$\wt_buf$/openlane/kws/src/compute_core.sv:110$141_DATA[191:0]$1982
Creating decoders for process `\compute_core.$proc$/openlane/kws/src/compute_core.sv:0$1977'.
     1/1: $1$mem2reg_rd$\wt_buf$/openlane/kws/src/compute_core.sv:110$140_DATA[191:0]$1979
Creating decoders for process `\compute_core.$proc$/openlane/kws/src/compute_core.sv:0$1974'.
     1/1: $1$mem2reg_rd$\wt_buf$/openlane/kws/src/compute_core.sv:110$139_DATA[191:0]$1976
Creating decoders for process `\compute_core.$proc$/openlane/kws/src/compute_core.sv:0$1971'.
     1/1: $1$mem2reg_rd$\wt_buf$/openlane/kws/src/compute_core.sv:110$138_DATA[191:0]$1973
Creating decoders for process `\compute_core.$proc$/openlane/kws/src/compute_core.sv:0$1968'.
     1/1: $1$mem2reg_rd$\wt_buf$/openlane/kws/src/compute_core.sv:110$137_DATA[191:0]$1970
Creating decoders for process `\compute_core.$proc$/openlane/kws/src/compute_core.sv:0$1965'.
     1/1: $1$mem2reg_rd$\wt_buf$/openlane/kws/src/compute_core.sv:110$136_DATA[191:0]$1967
Creating decoders for process `\compute_core.$proc$/openlane/kws/src/compute_core.sv:0$1962'.
     1/1: $1$mem2reg_rd$\wt_buf$/openlane/kws/src/compute_core.sv:110$135_DATA[191:0]$1964
Creating decoders for process `\compute_core.$proc$/openlane/kws/src/compute_core.sv:0$1959'.
     1/1: $1$mem2reg_rd$\wt_buf$/openlane/kws/src/compute_core.sv:110$134_DATA[191:0]$1961
Creating decoders for process `\compute_core.$proc$/openlane/kws/src/compute_core.sv:0$1956'.
     1/1: $1$mem2reg_rd$\wt_buf$/openlane/kws/src/compute_core.sv:110$133_DATA[191:0]$1958
Creating decoders for process `\compute_core.$proc$/openlane/kws/src/compute_core.sv:0$1953'.
     1/1: $1$mem2reg_rd$\wt_buf$/openlane/kws/src/compute_core.sv:110$132_DATA[191:0]$1955
Creating decoders for process `\compute_core.$proc$/openlane/kws/src/compute_core.sv:0$1950'.
     1/1: $1$mem2reg_rd$\wt_buf$/openlane/kws/src/compute_core.sv:110$131_DATA[191:0]$1952
Creating decoders for process `\compute_core.$proc$/openlane/kws/src/compute_core.sv:0$1947'.
     1/1: $1$mem2reg_rd$\wt_buf$/openlane/kws/src/compute_core.sv:110$130_DATA[191:0]$1949
Creating decoders for process `\compute_core.$proc$/openlane/kws/src/compute_core.sv:0$1944'.
     1/1: $1$mem2reg_rd$\wt_buf$/openlane/kws/src/compute_core.sv:110$129_DATA[191:0]$1946
Creating decoders for process `\compute_core.$proc$/openlane/kws/src/compute_core.sv:0$1941'.
     1/1: $1$mem2reg_rd$\wt_buf$/openlane/kws/src/compute_core.sv:110$128_DATA[191:0]$1943
Creating decoders for process `\compute_core.$proc$/openlane/kws/src/compute_core.sv:0$1938'.
     1/1: $1$mem2reg_rd$\wt_buf$/openlane/kws/src/compute_core.sv:110$127_DATA[191:0]$1940
Creating decoders for process `\compute_core.$proc$/openlane/kws/src/compute_core.sv:0$1935'.
     1/1: $1$mem2reg_rd$\wt_buf$/openlane/kws/src/compute_core.sv:110$126_DATA[191:0]$1937
Creating decoders for process `\compute_core.$proc$/openlane/kws/src/compute_core.sv:0$1932'.
     1/1: $1$mem2reg_rd$\wt_buf$/openlane/kws/src/compute_core.sv:110$125_DATA[191:0]$1934
Creating decoders for process `\compute_core.$proc$/openlane/kws/src/compute_core.sv:0$1929'.
     1/1: $1$mem2reg_rd$\wt_buf$/openlane/kws/src/compute_core.sv:110$124_DATA[191:0]$1931
Creating decoders for process `\compute_core.$proc$/openlane/kws/src/compute_core.sv:0$1926'.
     1/1: $1$mem2reg_rd$\wt_buf$/openlane/kws/src/compute_core.sv:110$123_DATA[191:0]$1928
Creating decoders for process `\compute_core.$proc$/openlane/kws/src/compute_core.sv:0$1923'.
     1/1: $1$mem2reg_rd$\wt_buf$/openlane/kws/src/compute_core.sv:110$122_DATA[191:0]$1925
Creating decoders for process `\compute_core.$proc$/openlane/kws/src/compute_core.sv:0$1920'.
     1/1: $1$mem2reg_rd$\wt_buf$/openlane/kws/src/compute_core.sv:110$121_DATA[191:0]$1922
Creating decoders for process `\compute_core.$proc$/openlane/kws/src/compute_core.sv:0$1917'.
     1/1: $1$mem2reg_rd$\wt_buf$/openlane/kws/src/compute_core.sv:110$120_DATA[191:0]$1919
Creating decoders for process `\compute_core.$proc$/openlane/kws/src/compute_core.sv:0$1914'.
     1/1: $1$mem2reg_rd$\wt_buf$/openlane/kws/src/compute_core.sv:110$119_DATA[191:0]$1916
Creating decoders for process `\compute_core.$proc$/openlane/kws/src/compute_core.sv:0$1911'.
     1/1: $1$mem2reg_rd$\wt_buf$/openlane/kws/src/compute_core.sv:110$118_DATA[191:0]$1913
Creating decoders for process `\compute_core.$proc$/openlane/kws/src/compute_core.sv:0$1908'.
     1/1: $1$mem2reg_rd$\wt_buf$/openlane/kws/src/compute_core.sv:110$117_DATA[191:0]$1910
Creating decoders for process `\compute_core.$proc$/openlane/kws/src/compute_core.sv:0$1905'.
     1/1: $1$mem2reg_rd$\wt_buf$/openlane/kws/src/compute_core.sv:110$116_DATA[191:0]$1907
Creating decoders for process `\compute_core.$proc$/openlane/kws/src/compute_core.sv:0$1902'.
     1/1: $1$mem2reg_rd$\wt_buf$/openlane/kws/src/compute_core.sv:110$115_DATA[191:0]$1904
Creating decoders for process `\compute_core.$proc$/openlane/kws/src/compute_core.sv:0$1899'.
     1/1: $1$mem2reg_rd$\wt_buf$/openlane/kws/src/compute_core.sv:110$114_DATA[191:0]$1901
Creating decoders for process `\compute_core.$proc$/openlane/kws/src/compute_core.sv:0$1896'.
     1/1: $1$mem2reg_rd$\wt_buf$/openlane/kws/src/compute_core.sv:110$113_DATA[191:0]$1898
Creating decoders for process `\compute_core.$proc$/openlane/kws/src/compute_core.sv:0$1893'.
     1/1: $1$mem2reg_rd$\wt_buf$/openlane/kws/src/compute_core.sv:110$112_DATA[191:0]$1895
Creating decoders for process `\compute_core.$proc$/openlane/kws/src/compute_core.sv:0$1890'.
     1/1: $1$mem2reg_rd$\wt_buf$/openlane/kws/src/compute_core.sv:110$111_DATA[191:0]$1892
Creating decoders for process `\compute_core.$proc$/openlane/kws/src/compute_core.sv:0$1887'.
     1/1: $1$mem2reg_rd$\wt_buf$/openlane/kws/src/compute_core.sv:110$110_DATA[191:0]$1889
Creating decoders for process `\compute_core.$proc$/openlane/kws/src/compute_core.sv:0$1884'.
     1/1: $1$mem2reg_rd$\wt_buf$/openlane/kws/src/compute_core.sv:110$109_DATA[191:0]$1886
Creating decoders for process `\compute_core.$proc$/openlane/kws/src/compute_core.sv:0$1881'.
     1/1: $1$mem2reg_rd$\wt_buf$/openlane/kws/src/compute_core.sv:110$108_DATA[191:0]$1883
Creating decoders for process `\compute_core.$proc$/openlane/kws/src/compute_core.sv:0$1878'.
     1/1: $1$mem2reg_rd$\wt_buf$/openlane/kws/src/compute_core.sv:110$107_DATA[191:0]$1880
Creating decoders for process `\compute_core.$proc$/openlane/kws/src/compute_core.sv:0$1875'.
     1/1: $1$mem2reg_rd$\wt_buf$/openlane/kws/src/compute_core.sv:110$106_DATA[191:0]$1877
Creating decoders for process `\compute_core.$proc$/openlane/kws/src/compute_core.sv:0$1872'.
     1/1: $1$mem2reg_rd$\wt_buf$/openlane/kws/src/compute_core.sv:110$105_DATA[191:0]$1874
Creating decoders for process `\compute_core.$proc$/openlane/kws/src/compute_core.sv:0$1869'.
     1/1: $1$mem2reg_rd$\wt_buf$/openlane/kws/src/compute_core.sv:110$104_DATA[191:0]$1871
Creating decoders for process `\compute_core.$proc$/openlane/kws/src/compute_core.sv:0$1866'.
     1/1: $1$mem2reg_rd$\wt_buf$/openlane/kws/src/compute_core.sv:110$103_DATA[191:0]$1868
Creating decoders for process `\compute_core.$proc$/openlane/kws/src/compute_core.sv:0$1863'.
     1/1: $1$mem2reg_rd$\wt_buf$/openlane/kws/src/compute_core.sv:110$102_DATA[191:0]$1865
Creating decoders for process `\compute_core.$proc$/openlane/kws/src/compute_core.sv:0$1860'.
     1/1: $1$mem2reg_rd$\wt_buf$/openlane/kws/src/compute_core.sv:110$101_DATA[191:0]$1862
Creating decoders for process `\compute_core.$proc$/openlane/kws/src/compute_core.sv:0$1857'.
     1/1: $1$mem2reg_rd$\wt_buf$/openlane/kws/src/compute_core.sv:110$100_DATA[191:0]$1859
Creating decoders for process `\compute_core.$proc$/openlane/kws/src/compute_core.sv:0$1854'.
     1/1: $1$mem2reg_rd$\wt_buf$/openlane/kws/src/compute_core.sv:110$99_DATA[191:0]$1856
Creating decoders for process `\compute_core.$proc$/openlane/kws/src/compute_core.sv:0$1851'.
     1/1: $1$mem2reg_rd$\wt_buf$/openlane/kws/src/compute_core.sv:110$98_DATA[191:0]$1853
Creating decoders for process `\compute_core.$proc$/openlane/kws/src/compute_core.sv:0$1848'.
     1/1: $1$mem2reg_rd$\wt_buf$/openlane/kws/src/compute_core.sv:110$97_DATA[191:0]$1850
Creating decoders for process `\compute_core.$proc$/openlane/kws/src/compute_core.sv:0$1845'.
     1/1: $1$mem2reg_rd$\wt_buf$/openlane/kws/src/compute_core.sv:110$96_DATA[191:0]$1847
Creating decoders for process `\compute_core.$proc$/openlane/kws/src/compute_core.sv:0$1842'.
     1/1: $1$mem2reg_rd$\wt_buf$/openlane/kws/src/compute_core.sv:110$95_DATA[191:0]$1844
Creating decoders for process `\compute_core.$proc$/openlane/kws/src/compute_core.sv:0$1839'.
     1/1: $1$mem2reg_rd$\wt_buf$/openlane/kws/src/compute_core.sv:110$94_DATA[191:0]$1841
Creating decoders for process `\compute_core.$proc$/openlane/kws/src/compute_core.sv:0$1836'.
     1/1: $1$mem2reg_rd$\wt_buf$/openlane/kws/src/compute_core.sv:110$93_DATA[191:0]$1838
Creating decoders for process `\compute_core.$proc$/openlane/kws/src/compute_core.sv:0$1833'.
     1/1: $1$mem2reg_rd$\wt_buf$/openlane/kws/src/compute_core.sv:110$92_DATA[191:0]$1835
Creating decoders for process `\compute_core.$proc$/openlane/kws/src/compute_core.sv:0$1830'.
     1/1: $1$mem2reg_rd$\wt_buf$/openlane/kws/src/compute_core.sv:110$91_DATA[191:0]$1832
Creating decoders for process `\compute_core.$proc$/openlane/kws/src/compute_core.sv:0$1827'.
     1/1: $1$mem2reg_rd$\wt_buf$/openlane/kws/src/compute_core.sv:110$90_DATA[191:0]$1829
Creating decoders for process `\compute_core.$proc$/openlane/kws/src/compute_core.sv:0$1824'.
     1/1: $1$mem2reg_rd$\wt_buf$/openlane/kws/src/compute_core.sv:110$89_DATA[191:0]$1826
Creating decoders for process `\compute_core.$proc$/openlane/kws/src/compute_core.sv:0$1821'.
     1/1: $1$mem2reg_rd$\wt_buf$/openlane/kws/src/compute_core.sv:110$88_DATA[191:0]$1823
Creating decoders for process `\compute_core.$proc$/openlane/kws/src/compute_core.sv:0$1818'.
     1/1: $1$mem2reg_rd$\wt_buf$/openlane/kws/src/compute_core.sv:110$87_DATA[191:0]$1820
Creating decoders for process `\compute_core.$proc$/openlane/kws/src/compute_core.sv:0$1815'.
     1/1: $1$mem2reg_rd$\wt_buf$/openlane/kws/src/compute_core.sv:110$86_DATA[191:0]$1817
Creating decoders for process `\compute_core.$proc$/openlane/kws/src/compute_core.sv:0$1812'.
     1/1: $1$mem2reg_rd$\wt_buf$/openlane/kws/src/compute_core.sv:110$85_DATA[191:0]$1814
Creating decoders for process `\compute_core.$proc$/openlane/kws/src/compute_core.sv:0$1809'.
     1/1: $1$mem2reg_rd$\wt_buf$/openlane/kws/src/compute_core.sv:110$84_DATA[191:0]$1811
Creating decoders for process `\compute_core.$proc$/openlane/kws/src/compute_core.sv:0$1806'.
     1/1: $1$mem2reg_rd$\wt_buf$/openlane/kws/src/compute_core.sv:110$83_DATA[191:0]$1808
Creating decoders for process `\compute_core.$proc$/openlane/kws/src/compute_core.sv:0$1803'.
     1/1: $1$mem2reg_rd$\wt_buf$/openlane/kws/src/compute_core.sv:110$82_DATA[191:0]$1805
Creating decoders for process `\compute_core.$proc$/openlane/kws/src/compute_core.sv:0$1800'.
     1/1: $1$mem2reg_rd$\wt_buf$/openlane/kws/src/compute_core.sv:110$81_DATA[191:0]$1802
Creating decoders for process `\compute_core.$proc$/openlane/kws/src/compute_core.sv:0$1797'.
     1/1: $1$mem2reg_rd$\wt_buf$/openlane/kws/src/compute_core.sv:110$80_DATA[191:0]$1799
Creating decoders for process `\compute_core.$proc$/openlane/kws/src/compute_core.sv:0$1794'.
     1/1: $1$mem2reg_rd$\wt_buf$/openlane/kws/src/compute_core.sv:110$79_DATA[191:0]$1796
Creating decoders for process `\compute_core.$proc$/openlane/kws/src/compute_core.sv:0$1791'.
     1/1: $1$mem2reg_rd$\wt_buf$/openlane/kws/src/compute_core.sv:110$78_DATA[191:0]$1793
Creating decoders for process `\compute_core.$proc$/openlane/kws/src/compute_core.sv:0$1788'.
     1/1: $1$mem2reg_rd$\wt_buf$/openlane/kws/src/compute_core.sv:110$77_DATA[191:0]$1790
Creating decoders for process `\compute_core.$proc$/openlane/kws/src/compute_core.sv:0$1785'.
     1/1: $1$mem2reg_rd$\wt_buf$/openlane/kws/src/compute_core.sv:110$76_DATA[191:0]$1787
Creating decoders for process `\compute_core.$proc$/openlane/kws/src/compute_core.sv:0$1782'.
     1/1: $1$mem2reg_rd$\wt_buf$/openlane/kws/src/compute_core.sv:110$75_DATA[191:0]$1784
Creating decoders for process `\compute_core.$proc$/openlane/kws/src/compute_core.sv:0$1779'.
     1/1: $1$mem2reg_rd$\wt_buf$/openlane/kws/src/compute_core.sv:110$74_DATA[191:0]$1781
Creating decoders for process `\compute_core.$proc$/openlane/kws/src/compute_core.sv:0$1776'.
     1/1: $1$mem2reg_rd$\wt_buf$/openlane/kws/src/compute_core.sv:110$73_DATA[191:0]$1778
Creating decoders for process `\compute_core.$proc$/openlane/kws/src/compute_core.sv:0$1773'.
     1/1: $1$mem2reg_rd$\wt_buf$/openlane/kws/src/compute_core.sv:110$72_DATA[191:0]$1775
Creating decoders for process `\compute_core.$proc$/openlane/kws/src/compute_core.sv:0$1770'.
     1/1: $1$mem2reg_rd$\wt_buf$/openlane/kws/src/compute_core.sv:110$71_DATA[191:0]$1772
Creating decoders for process `\compute_core.$proc$/openlane/kws/src/compute_core.sv:0$1767'.
     1/1: $1$mem2reg_rd$\wt_buf$/openlane/kws/src/compute_core.sv:110$70_DATA[191:0]$1769
Creating decoders for process `\compute_core.$proc$/openlane/kws/src/compute_core.sv:0$1764'.
     1/1: $1$mem2reg_rd$\wt_buf$/openlane/kws/src/compute_core.sv:110$69_DATA[191:0]$1766
Creating decoders for process `\compute_core.$proc$/openlane/kws/src/compute_core.sv:0$1761'.
     1/1: $1$mem2reg_rd$\wt_buf$/openlane/kws/src/compute_core.sv:110$68_DATA[191:0]$1763
Creating decoders for process `\compute_core.$proc$/openlane/kws/src/compute_core.sv:0$1758'.
     1/1: $1$mem2reg_rd$\wt_buf$/openlane/kws/src/compute_core.sv:110$67_DATA[191:0]$1760
Creating decoders for process `\compute_core.$proc$/openlane/kws/src/compute_core.sv:0$1755'.
     1/1: $1$mem2reg_rd$\wt_buf$/openlane/kws/src/compute_core.sv:110$66_DATA[191:0]$1757
Creating decoders for process `\compute_core.$proc$/openlane/kws/src/compute_core.sv:0$1752'.
     1/1: $1$mem2reg_rd$\wt_buf$/openlane/kws/src/compute_core.sv:110$65_DATA[191:0]$1754
Creating decoders for process `\compute_core.$proc$/openlane/kws/src/compute_core.sv:0$1749'.
     1/1: $1$mem2reg_rd$\wt_buf$/openlane/kws/src/compute_core.sv:110$64_DATA[191:0]$1751
Creating decoders for process `\compute_core.$proc$/openlane/kws/src/compute_core.sv:0$1746'.
     1/1: $1$mem2reg_rd$\wt_buf$/openlane/kws/src/compute_core.sv:110$63_DATA[191:0]$1748
Creating decoders for process `\compute_core.$proc$/openlane/kws/src/compute_core.sv:0$1743'.
     1/1: $1$mem2reg_rd$\wt_buf$/openlane/kws/src/compute_core.sv:110$62_DATA[191:0]$1745
Creating decoders for process `\compute_core.$proc$/openlane/kws/src/compute_core.sv:0$1740'.
     1/1: $1$mem2reg_rd$\wt_buf$/openlane/kws/src/compute_core.sv:110$61_DATA[191:0]$1742
Creating decoders for process `\compute_core.$proc$/openlane/kws/src/compute_core.sv:0$1737'.
     1/1: $1$mem2reg_rd$\wt_buf$/openlane/kws/src/compute_core.sv:110$60_DATA[191:0]$1739
Creating decoders for process `\compute_core.$proc$/openlane/kws/src/compute_core.sv:0$1734'.
     1/1: $1$mem2reg_rd$\wt_buf$/openlane/kws/src/compute_core.sv:110$59_DATA[191:0]$1736
Creating decoders for process `\compute_core.$proc$/openlane/kws/src/compute_core.sv:0$1731'.
     1/1: $1$mem2reg_rd$\wt_buf$/openlane/kws/src/compute_core.sv:110$58_DATA[191:0]$1733
Creating decoders for process `\compute_core.$proc$/openlane/kws/src/compute_core.sv:0$1728'.
     1/1: $1$mem2reg_rd$\wt_buf$/openlane/kws/src/compute_core.sv:110$57_DATA[191:0]$1730
Creating decoders for process `\compute_core.$proc$/openlane/kws/src/compute_core.sv:0$1725'.
     1/1: $1$mem2reg_rd$\wt_buf$/openlane/kws/src/compute_core.sv:110$56_DATA[191:0]$1727
Creating decoders for process `\compute_core.$proc$/openlane/kws/src/compute_core.sv:0$1722'.
     1/1: $1$mem2reg_rd$\wt_buf$/openlane/kws/src/compute_core.sv:110$55_DATA[191:0]$1724
Creating decoders for process `\compute_core.$proc$/openlane/kws/src/compute_core.sv:0$1719'.
     1/1: $1$mem2reg_rd$\wt_buf$/openlane/kws/src/compute_core.sv:110$54_DATA[191:0]$1721
Creating decoders for process `\compute_core.$proc$/openlane/kws/src/compute_core.sv:0$1716'.
     1/1: $1$mem2reg_rd$\wt_buf$/openlane/kws/src/compute_core.sv:110$53_DATA[191:0]$1718
Creating decoders for process `\compute_core.$proc$/openlane/kws/src/compute_core.sv:0$1713'.
     1/1: $1$mem2reg_rd$\wt_buf$/openlane/kws/src/compute_core.sv:110$52_DATA[191:0]$1715
Creating decoders for process `\compute_core.$proc$/openlane/kws/src/compute_core.sv:0$1710'.
     1/1: $1$mem2reg_rd$\wt_buf$/openlane/kws/src/compute_core.sv:110$51_DATA[191:0]$1712
Creating decoders for process `\compute_core.$proc$/openlane/kws/src/compute_core.sv:0$1707'.
     1/1: $1$mem2reg_rd$\wt_buf$/openlane/kws/src/compute_core.sv:110$50_DATA[191:0]$1709
Creating decoders for process `\compute_core.$proc$/openlane/kws/src/compute_core.sv:0$1704'.
     1/1: $1$mem2reg_rd$\wt_buf$/openlane/kws/src/compute_core.sv:110$49_DATA[191:0]$1706
Creating decoders for process `\compute_core.$proc$/openlane/kws/src/compute_core.sv:0$1701'.
     1/1: $1$mem2reg_rd$\wt_buf$/openlane/kws/src/compute_core.sv:110$48_DATA[191:0]$1703
Creating decoders for process `\compute_core.$proc$/openlane/kws/src/compute_core.sv:0$1698'.
     1/1: $1$mem2reg_rd$\wt_buf$/openlane/kws/src/compute_core.sv:110$47_DATA[191:0]$1700
Creating decoders for process `\compute_core.$proc$/openlane/kws/src/compute_core.sv:0$1695'.
     1/1: $1$mem2reg_rd$\wt_buf$/openlane/kws/src/compute_core.sv:110$46_DATA[191:0]$1697
Creating decoders for process `\compute_core.$proc$/openlane/kws/src/compute_core.sv:0$1692'.
     1/1: $1$mem2reg_rd$\wt_buf$/openlane/kws/src/compute_core.sv:110$45_DATA[191:0]$1694
Creating decoders for process `\compute_core.$proc$/openlane/kws/src/compute_core.sv:0$1689'.
     1/1: $1$mem2reg_rd$\wt_buf$/openlane/kws/src/compute_core.sv:110$44_DATA[191:0]$1691
Creating decoders for process `\compute_core.$proc$/openlane/kws/src/compute_core.sv:0$1686'.
     1/1: $1$mem2reg_rd$\wt_buf$/openlane/kws/src/compute_core.sv:110$43_DATA[191:0]$1688
Creating decoders for process `\compute_core.$proc$/openlane/kws/src/compute_core.sv:0$1683'.
     1/1: $1$mem2reg_rd$\wt_buf$/openlane/kws/src/compute_core.sv:110$42_DATA[191:0]$1685
Creating decoders for process `\compute_core.$proc$/openlane/kws/src/compute_core.sv:0$1680'.
     1/1: $1$mem2reg_rd$\wt_buf$/openlane/kws/src/compute_core.sv:110$41_DATA[191:0]$1682
Creating decoders for process `\compute_core.$proc$/openlane/kws/src/compute_core.sv:0$1677'.
     1/1: $1$mem2reg_rd$\wt_buf$/openlane/kws/src/compute_core.sv:110$40_DATA[191:0]$1679
Creating decoders for process `\compute_core.$proc$/openlane/kws/src/compute_core.sv:0$1674'.
     1/1: $1$mem2reg_rd$\wt_buf$/openlane/kws/src/compute_core.sv:110$39_DATA[191:0]$1676
Creating decoders for process `\compute_core.$proc$/openlane/kws/src/compute_core.sv:0$1671'.
     1/1: $1$mem2reg_rd$\wt_buf$/openlane/kws/src/compute_core.sv:110$38_DATA[191:0]$1673
Creating decoders for process `\compute_core.$proc$/openlane/kws/src/compute_core.sv:0$1668'.
     1/1: $1$mem2reg_rd$\wt_buf$/openlane/kws/src/compute_core.sv:110$37_DATA[191:0]$1670
Creating decoders for process `\compute_core.$proc$/openlane/kws/src/compute_core.sv:0$1665'.
     1/1: $1$mem2reg_rd$\wt_buf$/openlane/kws/src/compute_core.sv:110$36_DATA[191:0]$1667
Creating decoders for process `\compute_core.$proc$/openlane/kws/src/compute_core.sv:0$1662'.
     1/1: $1$mem2reg_rd$\wt_buf$/openlane/kws/src/compute_core.sv:110$35_DATA[191:0]$1664
Creating decoders for process `\compute_core.$proc$/openlane/kws/src/compute_core.sv:0$1659'.
     1/1: $1$mem2reg_rd$\wt_buf$/openlane/kws/src/compute_core.sv:110$34_DATA[191:0]$1661
Creating decoders for process `\compute_core.$proc$/openlane/kws/src/compute_core.sv:0$1656'.
     1/1: $1$mem2reg_rd$\wt_buf$/openlane/kws/src/compute_core.sv:110$33_DATA[191:0]$1658
Creating decoders for process `\compute_core.$proc$/openlane/kws/src/compute_core.sv:0$1653'.
     1/1: $1$mem2reg_rd$\wt_buf$/openlane/kws/src/compute_core.sv:110$32_DATA[191:0]$1655
Creating decoders for process `\compute_core.$proc$/openlane/kws/src/compute_core.sv:0$1650'.
     1/1: $1$mem2reg_rd$\wt_buf$/openlane/kws/src/compute_core.sv:110$31_DATA[191:0]$1652
Creating decoders for process `\compute_core.$proc$/openlane/kws/src/compute_core.sv:0$1647'.
     1/1: $1$mem2reg_rd$\wt_buf$/openlane/kws/src/compute_core.sv:110$30_DATA[191:0]$1649
Creating decoders for process `\compute_core.$proc$/openlane/kws/src/compute_core.sv:0$1644'.
     1/1: $1$mem2reg_rd$\wt_buf$/openlane/kws/src/compute_core.sv:110$29_DATA[191:0]$1646
Creating decoders for process `\compute_core.$proc$/openlane/kws/src/compute_core.sv:0$1641'.
     1/1: $1$mem2reg_rd$\wt_buf$/openlane/kws/src/compute_core.sv:110$28_DATA[191:0]$1643
Creating decoders for process `\compute_core.$proc$/openlane/kws/src/compute_core.sv:0$1638'.
     1/1: $1$mem2reg_rd$\wt_buf$/openlane/kws/src/compute_core.sv:110$27_DATA[191:0]$1640
Creating decoders for process `\compute_core.$proc$/openlane/kws/src/compute_core.sv:0$1635'.
     1/1: $1$mem2reg_rd$\wt_buf$/openlane/kws/src/compute_core.sv:110$26_DATA[191:0]$1637
Creating decoders for process `\compute_core.$proc$/openlane/kws/src/compute_core.sv:0$1632'.
     1/1: $1$mem2reg_rd$\wt_buf$/openlane/kws/src/compute_core.sv:110$25_DATA[191:0]$1634
Creating decoders for process `\compute_core.$proc$/openlane/kws/src/compute_core.sv:0$1629'.
     1/1: $1$mem2reg_rd$\wt_buf$/openlane/kws/src/compute_core.sv:110$24_DATA[191:0]$1631
Creating decoders for process `\compute_core.$proc$/openlane/kws/src/compute_core.sv:0$1626'.
     1/1: $1$mem2reg_rd$\wt_buf$/openlane/kws/src/compute_core.sv:110$23_DATA[191:0]$1628
Creating decoders for process `\compute_core.$proc$/openlane/kws/src/compute_core.sv:0$1623'.
     1/1: $1$mem2reg_rd$\wt_buf$/openlane/kws/src/compute_core.sv:110$22_DATA[191:0]$1625
Creating decoders for process `\compute_core.$proc$/openlane/kws/src/compute_core.sv:0$1620'.
     1/1: $1$mem2reg_rd$\wt_buf$/openlane/kws/src/compute_core.sv:110$21_DATA[191:0]$1622
Creating decoders for process `\compute_core.$proc$/openlane/kws/src/compute_core.sv:0$1617'.
     1/1: $1$mem2reg_rd$\wt_buf$/openlane/kws/src/compute_core.sv:110$20_DATA[191:0]$1619
Creating decoders for process `\compute_core.$proc$/openlane/kws/src/compute_core.sv:0$1614'.
     1/1: $1$mem2reg_rd$\wt_buf$/openlane/kws/src/compute_core.sv:110$19_DATA[191:0]$1616
Creating decoders for process `\compute_core.$proc$/openlane/kws/src/compute_core.sv:0$1611'.
     1/1: $1$mem2reg_rd$\wt_buf$/openlane/kws/src/compute_core.sv:110$18_DATA[191:0]$1613
Creating decoders for process `\compute_core.$proc$/openlane/kws/src/compute_core.sv:0$1608'.
     1/1: $1$mem2reg_rd$\wt_buf$/openlane/kws/src/compute_core.sv:110$17_DATA[191:0]$1610
Creating decoders for process `\compute_core.$proc$/openlane/kws/src/compute_core.sv:0$1605'.
     1/1: $1$mem2reg_rd$\wt_buf$/openlane/kws/src/compute_core.sv:110$16_DATA[191:0]$1607
Creating decoders for process `\compute_core.$proc$/openlane/kws/src/compute_core.sv:0$1602'.
     1/1: $1$mem2reg_rd$\wt_buf$/openlane/kws/src/compute_core.sv:110$15_DATA[191:0]$1604
Creating decoders for process `\compute_core.$proc$/openlane/kws/src/compute_core.sv:0$1599'.
     1/1: $1$mem2reg_rd$\wt_buf$/openlane/kws/src/compute_core.sv:110$14_DATA[191:0]$1601
Creating decoders for process `\compute_core.$proc$/openlane/kws/src/compute_core.sv:0$1596'.
     1/1: $1$mem2reg_rd$\wt_buf$/openlane/kws/src/compute_core.sv:110$13_DATA[191:0]$1598
Creating decoders for process `\compute_core.$proc$/openlane/kws/src/compute_core.sv:0$1593'.
     1/1: $1$mem2reg_rd$\wt_buf$/openlane/kws/src/compute_core.sv:110$12_DATA[191:0]$1595
Creating decoders for process `\compute_core.$proc$/openlane/kws/src/compute_core.sv:0$1590'.
     1/1: $1$mem2reg_rd$\wt_buf$/openlane/kws/src/compute_core.sv:110$11_DATA[191:0]$1592
Creating decoders for process `\compute_core.$proc$/openlane/kws/src/compute_core.sv:0$1587'.
     1/1: $1$mem2reg_rd$\wt_buf$/openlane/kws/src/compute_core.sv:110$10_DATA[191:0]$1589
Creating decoders for process `\compute_core.$proc$/openlane/kws/src/compute_core.sv:0$1584'.
     1/1: $1$mem2reg_rd$\wt_buf$/openlane/kws/src/compute_core.sv:110$9_DATA[191:0]$1586
Creating decoders for process `\compute_core.$proc$/openlane/kws/src/compute_core.sv:0$1581'.
     1/1: $1$mem2reg_rd$\wt_buf$/openlane/kws/src/compute_core.sv:110$8_DATA[191:0]$1583
Creating decoders for process `\compute_core.$proc$/openlane/kws/src/compute_core.sv:0$1578'.
     1/1: $1$mem2reg_rd$\wt_buf$/openlane/kws/src/compute_core.sv:110$7_DATA[191:0]$1580
Creating decoders for process `\compute_core.$proc$/openlane/kws/src/compute_core.sv:0$1575'.
     1/1: $1$mem2reg_rd$\wt_buf$/openlane/kws/src/compute_core.sv:110$6_DATA[191:0]$1577
Creating decoders for process `\compute_core.$proc$/openlane/kws/src/compute_core.sv:0$1572'.
     1/1: $1$mem2reg_rd$\wt_buf$/openlane/kws/src/compute_core.sv:110$5_DATA[191:0]$1574
Creating decoders for process `\compute_core.$proc$/openlane/kws/src/compute_core.sv:0$1569'.
     1/1: $1$mem2reg_rd$\wt_buf$/openlane/kws/src/compute_core.sv:110$4_DATA[191:0]$1571
Creating decoders for process `\compute_core.$proc$/openlane/kws/src/compute_core.sv:0$1566'.
     1/1: $1$mem2reg_rd$\wt_buf$/openlane/kws/src/compute_core.sv:110$3_DATA[191:0]$1568
Creating decoders for process `\compute_core.$proc$/openlane/kws/src/compute_core.sv:0$1563'.
     1/1: $1$mem2reg_rd$\wt_buf$/openlane/kws/src/compute_core.sv:110$2_DATA[191:0]$1565
Creating decoders for process `\compute_core.$proc$/openlane/kws/src/compute_core.sv:146$205'.
     1/18: $0\sram_csb1[0:0]
     2/18: $0\sram_web0[0:0]
     3/18: $0\sram_csb0[0:0]
     4/18: $0\out_valid[0:0]
     5/18: $0\done[0:0]
     6/18: $0\win_buf[2][63:0]
     7/18: $0\win_buf[1][63:0]
     8/18: $0\win_buf[0][63:0]
     9/18: $0\pos_cnt[8:0]
    10/18: $0\oc_cnt[5:0]
    11/18: $0\state[2:0]
    12/18: $0\sram_raddr[7:0]
    13/18: $0\sram_din_hi[31:0]
    14/18: $0\sram_din_lo[31:0]
    15/18: $0\sram_waddr[7:0]
    16/18: $0\out_pos[8:0]
    17/18: $0\out_oc[5:0]
    18/18: $0\out_data[8:0]
Creating decoders for process `\compute_core.$proc$/openlane/kws/src/compute_core.sv:66$194'.
     1/68: $2$mem2reg_wr$\wt_buf$/openlane/kws/src/compute_core.sv:71$1_ADDR[5:0]$200
     2/68: $2$mem2reg_wr$\wt_buf$/openlane/kws/src/compute_core.sv:71$1_DATA[191:0]$201
     3/68: $1$mem2reg_wr$\wt_buf$/openlane/kws/src/compute_core.sv:71$1_DATA[191:0]$199
     4/68: $1$mem2reg_wr$\wt_buf$/openlane/kws/src/compute_core.sv:71$1_ADDR[5:0]$198
     5/68: $0\wt_buf[63][191:0]
     6/68: $0\wt_buf[62][191:0]
     7/68: $0\wt_buf[61][191:0]
     8/68: $0\wt_buf[60][191:0]
     9/68: $0\wt_buf[59][191:0]
    10/68: $0\wt_buf[58][191:0]
    11/68: $0\wt_buf[57][191:0]
    12/68: $0\wt_buf[56][191:0]
    13/68: $0\wt_buf[55][191:0]
    14/68: $0\wt_buf[54][191:0]
    15/68: $0\wt_buf[53][191:0]
    16/68: $0\wt_buf[52][191:0]
    17/68: $0\wt_buf[51][191:0]
    18/68: $0\wt_buf[50][191:0]
    19/68: $0\wt_buf[49][191:0]
    20/68: $0\wt_buf[48][191:0]
    21/68: $0\wt_buf[47][191:0]
    22/68: $0\wt_buf[46][191:0]
    23/68: $0\wt_buf[45][191:0]
    24/68: $0\wt_buf[44][191:0]
    25/68: $0\wt_buf[43][191:0]
    26/68: $0\wt_buf[42][191:0]
    27/68: $0\wt_buf[41][191:0]
    28/68: $0\wt_buf[40][191:0]
    29/68: $0\wt_buf[39][191:0]
    30/68: $0\wt_buf[38][191:0]
    31/68: $0\wt_buf[37][191:0]
    32/68: $0\wt_buf[36][191:0]
    33/68: $0\wt_buf[35][191:0]
    34/68: $0\wt_buf[34][191:0]
    35/68: $0\wt_buf[33][191:0]
    36/68: $0\wt_buf[32][191:0]
    37/68: $0\wt_buf[31][191:0]
    38/68: $0\wt_buf[30][191:0]
    39/68: $0\wt_buf[29][191:0]
    40/68: $0\wt_buf[28][191:0]
    41/68: $0\wt_buf[27][191:0]
    42/68: $0\wt_buf[26][191:0]
    43/68: $0\wt_buf[25][191:0]
    44/68: $0\wt_buf[24][191:0]
    45/68: $0\wt_buf[23][191:0]
    46/68: $0\wt_buf[22][191:0]
    47/68: $0\wt_buf[21][191:0]
    48/68: $0\wt_buf[20][191:0]
    49/68: $0\wt_buf[19][191:0]
    50/68: $0\wt_buf[18][191:0]
    51/68: $0\wt_buf[17][191:0]
    52/68: $0\wt_buf[16][191:0]
    53/68: $0\wt_buf[15][191:0]
    54/68: $0\wt_buf[14][191:0]
    55/68: $0\wt_buf[13][191:0]
    56/68: $0\wt_buf[12][191:0]
    57/68: $0\wt_buf[11][191:0]
    58/68: $0\wt_buf[10][191:0]
    59/68: $0\wt_buf[9][191:0]
    60/68: $0\wt_buf[8][191:0]
    61/68: $0\wt_buf[7][191:0]
    62/68: $0\wt_buf[6][191:0]
    63/68: $0\wt_buf[5][191:0]
    64/68: $0\wt_buf[4][191:0]
    65/68: $0\wt_buf[3][191:0]
    66/68: $0\wt_buf[2][191:0]
    67/68: $0\wt_buf[1][191:0]
    68/68: $0\wt_buf[0][191:0]

6.8. Executing PROC_DLATCH pass (convert process syncs to latches).
No latch inferred for signal `\top.\ii' from process `\top.$proc$/openlane/kws/src/top.sv:0$2385'.
No latch inferred for signal `\compute_core.\pop_s0[0]' from process `\compute_core.$proc$/openlane/kws/src/compute_core.sv:0$2139'.
No latch inferred for signal `\compute_core.\pop_s0[1]' from process `\compute_core.$proc$/openlane/kws/src/compute_core.sv:0$2139'.
No latch inferred for signal `\compute_core.\pop_s0[2]' from process `\compute_core.$proc$/openlane/kws/src/compute_core.sv:0$2139'.
No latch inferred for signal `\compute_core.\pop_s0[3]' from process `\compute_core.$proc$/openlane/kws/src/compute_core.sv:0$2139'.
No latch inferred for signal `\compute_core.\pop_s0[4]' from process `\compute_core.$proc$/openlane/kws/src/compute_core.sv:0$2139'.
No latch inferred for signal `\compute_core.\pop_s0[5]' from process `\compute_core.$proc$/openlane/kws/src/compute_core.sv:0$2139'.
No latch inferred for signal `\compute_core.\pop_s0[6]' from process `\compute_core.$proc$/openlane/kws/src/compute_core.sv:0$2139'.
No latch inferred for signal `\compute_core.\pop_s0[7]' from process `\compute_core.$proc$/openlane/kws/src/compute_core.sv:0$2139'.
No latch inferred for signal `\compute_core.\pop_s0[8]' from process `\compute_core.$proc$/openlane/kws/src/compute_core.sv:0$2139'.
No latch inferred for signal `\compute_core.\pop_s0[9]' from process `\compute_core.$proc$/openlane/kws/src/compute_core.sv:0$2139'.
No latch inferred for signal `\compute_core.\pop_s0[10]' from process `\compute_core.$proc$/openlane/kws/src/compute_core.sv:0$2139'.
No latch inferred for signal `\compute_core.\pop_s0[11]' from process `\compute_core.$proc$/openlane/kws/src/compute_core.sv:0$2139'.
No latch inferred for signal `\compute_core.\pop_s0[12]' from process `\compute_core.$proc$/openlane/kws/src/compute_core.sv:0$2139'.
No latch inferred for signal `\compute_core.\pop_s0[13]' from process `\compute_core.$proc$/openlane/kws/src/compute_core.sv:0$2139'.
No latch inferred for signal `\compute_core.\pop_s0[14]' from process `\compute_core.$proc$/openlane/kws/src/compute_core.sv:0$2139'.
No latch inferred for signal `\compute_core.\pop_s0[15]' from process `\compute_core.$proc$/openlane/kws/src/compute_core.sv:0$2139'.
No latch inferred for signal `\compute_core.\pop_s0[16]' from process `\compute_core.$proc$/openlane/kws/src/compute_core.sv:0$2139'.
No latch inferred for signal `\compute_core.\pop_s0[17]' from process `\compute_core.$proc$/openlane/kws/src/compute_core.sv:0$2139'.
No latch inferred for signal `\compute_core.\pop_s0[18]' from process `\compute_core.$proc$/openlane/kws/src/compute_core.sv:0$2139'.
No latch inferred for signal `\compute_core.\pop_s0[19]' from process `\compute_core.$proc$/openlane/kws/src/compute_core.sv:0$2139'.
No latch inferred for signal `\compute_core.\pop_s0[20]' from process `\compute_core.$proc$/openlane/kws/src/compute_core.sv:0$2139'.
No latch inferred for signal `\compute_core.\pop_s0[21]' from process `\compute_core.$proc$/openlane/kws/src/compute_core.sv:0$2139'.
No latch inferred for signal `\compute_core.\pop_s0[22]' from process `\compute_core.$proc$/openlane/kws/src/compute_core.sv:0$2139'.
No latch inferred for signal `\compute_core.\pop_s0[23]' from process `\compute_core.$proc$/openlane/kws/src/compute_core.sv:0$2139'.
No latch inferred for signal `\compute_core.\pop_s0[24]' from process `\compute_core.$proc$/openlane/kws/src/compute_core.sv:0$2139'.
No latch inferred for signal `\compute_core.\pop_s0[25]' from process `\compute_core.$proc$/openlane/kws/src/compute_core.sv:0$2139'.
No latch inferred for signal `\compute_core.\pop_s0[26]' from process `\compute_core.$proc$/openlane/kws/src/compute_core.sv:0$2139'.
No latch inferred for signal `\compute_core.\pop_s0[27]' from process `\compute_core.$proc$/openlane/kws/src/compute_core.sv:0$2139'.
No latch inferred for signal `\compute_core.\pop_s0[28]' from process `\compute_core.$proc$/openlane/kws/src/compute_core.sv:0$2139'.
No latch inferred for signal `\compute_core.\pop_s0[29]' from process `\compute_core.$proc$/openlane/kws/src/compute_core.sv:0$2139'.
No latch inferred for signal `\compute_core.\pop_s0[30]' from process `\compute_core.$proc$/openlane/kws/src/compute_core.sv:0$2139'.
No latch inferred for signal `\compute_core.\pop_s0[31]' from process `\compute_core.$proc$/openlane/kws/src/compute_core.sv:0$2139'.
No latch inferred for signal `\compute_core.\pop_s0[32]' from process `\compute_core.$proc$/openlane/kws/src/compute_core.sv:0$2139'.
No latch inferred for signal `\compute_core.\pop_s0[33]' from process `\compute_core.$proc$/openlane/kws/src/compute_core.sv:0$2139'.
No latch inferred for signal `\compute_core.\pop_s0[34]' from process `\compute_core.$proc$/openlane/kws/src/compute_core.sv:0$2139'.
No latch inferred for signal `\compute_core.\pop_s0[35]' from process `\compute_core.$proc$/openlane/kws/src/compute_core.sv:0$2139'.
No latch inferred for signal `\compute_core.\pop_s0[36]' from process `\compute_core.$proc$/openlane/kws/src/compute_core.sv:0$2139'.
No latch inferred for signal `\compute_core.\pop_s0[37]' from process `\compute_core.$proc$/openlane/kws/src/compute_core.sv:0$2139'.
No latch inferred for signal `\compute_core.\pop_s0[38]' from process `\compute_core.$proc$/openlane/kws/src/compute_core.sv:0$2139'.
No latch inferred for signal `\compute_core.\pop_s0[39]' from process `\compute_core.$proc$/openlane/kws/src/compute_core.sv:0$2139'.
No latch inferred for signal `\compute_core.\pop_s0[40]' from process `\compute_core.$proc$/openlane/kws/src/compute_core.sv:0$2139'.
No latch inferred for signal `\compute_core.\pop_s0[41]' from process `\compute_core.$proc$/openlane/kws/src/compute_core.sv:0$2139'.
No latch inferred for signal `\compute_core.\pop_s0[42]' from process `\compute_core.$proc$/openlane/kws/src/compute_core.sv:0$2139'.
No latch inferred for signal `\compute_core.\pop_s0[43]' from process `\compute_core.$proc$/openlane/kws/src/compute_core.sv:0$2139'.
No latch inferred for signal `\compute_core.\pop_s0[44]' from process `\compute_core.$proc$/openlane/kws/src/compute_core.sv:0$2139'.
No latch inferred for signal `\compute_core.\pop_s0[45]' from process `\compute_core.$proc$/openlane/kws/src/compute_core.sv:0$2139'.
No latch inferred for signal `\compute_core.\pop_s0[46]' from process `\compute_core.$proc$/openlane/kws/src/compute_core.sv:0$2139'.
No latch inferred for signal `\compute_core.\pop_s0[47]' from process `\compute_core.$proc$/openlane/kws/src/compute_core.sv:0$2139'.
No latch inferred for signal `\compute_core.\pop_s0[48]' from process `\compute_core.$proc$/openlane/kws/src/compute_core.sv:0$2139'.
No latch inferred for signal `\compute_core.\pop_s0[49]' from process `\compute_core.$proc$/openlane/kws/src/compute_core.sv:0$2139'.
No latch inferred for signal `\compute_core.\pop_s0[50]' from process `\compute_core.$proc$/openlane/kws/src/compute_core.sv:0$2139'.
No latch inferred for signal `\compute_core.\pop_s0[51]' from process `\compute_core.$proc$/openlane/kws/src/compute_core.sv:0$2139'.
No latch inferred for signal `\compute_core.\pop_s0[52]' from process `\compute_core.$proc$/openlane/kws/src/compute_core.sv:0$2139'.
No latch inferred for signal `\compute_core.\pop_s0[53]' from process `\compute_core.$proc$/openlane/kws/src/compute_core.sv:0$2139'.
No latch inferred for signal `\compute_core.\pop_s0[54]' from process `\compute_core.$proc$/openlane/kws/src/compute_core.sv:0$2139'.
No latch inferred for signal `\compute_core.\pop_s0[55]' from process `\compute_core.$proc$/openlane/kws/src/compute_core.sv:0$2139'.
No latch inferred for signal `\compute_core.\pop_s0[56]' from process `\compute_core.$proc$/openlane/kws/src/compute_core.sv:0$2139'.
No latch inferred for signal `\compute_core.\pop_s0[57]' from process `\compute_core.$proc$/openlane/kws/src/compute_core.sv:0$2139'.
No latch inferred for signal `\compute_core.\pop_s0[58]' from process `\compute_core.$proc$/openlane/kws/src/compute_core.sv:0$2139'.
No latch inferred for signal `\compute_core.\pop_s0[59]' from process `\compute_core.$proc$/openlane/kws/src/compute_core.sv:0$2139'.
No latch inferred for signal `\compute_core.\pop_s0[60]' from process `\compute_core.$proc$/openlane/kws/src/compute_core.sv:0$2139'.
No latch inferred for signal `\compute_core.\pop_s0[61]' from process `\compute_core.$proc$/openlane/kws/src/compute_core.sv:0$2139'.
No latch inferred for signal `\compute_core.\pop_s0[62]' from process `\compute_core.$proc$/openlane/kws/src/compute_core.sv:0$2139'.
No latch inferred for signal `\compute_core.\pop_s0[63]' from process `\compute_core.$proc$/openlane/kws/src/compute_core.sv:0$2139'.
No latch inferred for signal `\compute_core.\pop_s0[64]' from process `\compute_core.$proc$/openlane/kws/src/compute_core.sv:0$2139'.
No latch inferred for signal `\compute_core.\pop_s0[65]' from process `\compute_core.$proc$/openlane/kws/src/compute_core.sv:0$2139'.
No latch inferred for signal `\compute_core.\pop_s0[66]' from process `\compute_core.$proc$/openlane/kws/src/compute_core.sv:0$2139'.
No latch inferred for signal `\compute_core.\pop_s0[67]' from process `\compute_core.$proc$/openlane/kws/src/compute_core.sv:0$2139'.
No latch inferred for signal `\compute_core.\pop_s0[68]' from process `\compute_core.$proc$/openlane/kws/src/compute_core.sv:0$2139'.
No latch inferred for signal `\compute_core.\pop_s0[69]' from process `\compute_core.$proc$/openlane/kws/src/compute_core.sv:0$2139'.
No latch inferred for signal `\compute_core.\pop_s0[70]' from process `\compute_core.$proc$/openlane/kws/src/compute_core.sv:0$2139'.
No latch inferred for signal `\compute_core.\pop_s0[71]' from process `\compute_core.$proc$/openlane/kws/src/compute_core.sv:0$2139'.
No latch inferred for signal `\compute_core.\pop_s0[72]' from process `\compute_core.$proc$/openlane/kws/src/compute_core.sv:0$2139'.
No latch inferred for signal `\compute_core.\pop_s0[73]' from process `\compute_core.$proc$/openlane/kws/src/compute_core.sv:0$2139'.
No latch inferred for signal `\compute_core.\pop_s0[74]' from process `\compute_core.$proc$/openlane/kws/src/compute_core.sv:0$2139'.
No latch inferred for signal `\compute_core.\pop_s0[75]' from process `\compute_core.$proc$/openlane/kws/src/compute_core.sv:0$2139'.
No latch inferred for signal `\compute_core.\pop_s0[76]' from process `\compute_core.$proc$/openlane/kws/src/compute_core.sv:0$2139'.
No latch inferred for signal `\compute_core.\pop_s0[77]' from process `\compute_core.$proc$/openlane/kws/src/compute_core.sv:0$2139'.
No latch inferred for signal `\compute_core.\pop_s0[78]' from process `\compute_core.$proc$/openlane/kws/src/compute_core.sv:0$2139'.
No latch inferred for signal `\compute_core.\pop_s0[79]' from process `\compute_core.$proc$/openlane/kws/src/compute_core.sv:0$2139'.
No latch inferred for signal `\compute_core.\pop_s0[80]' from process `\compute_core.$proc$/openlane/kws/src/compute_core.sv:0$2139'.
No latch inferred for signal `\compute_core.\pop_s0[81]' from process `\compute_core.$proc$/openlane/kws/src/compute_core.sv:0$2139'.
No latch inferred for signal `\compute_core.\pop_s0[82]' from process `\compute_core.$proc$/openlane/kws/src/compute_core.sv:0$2139'.
No latch inferred for signal `\compute_core.\pop_s0[83]' from process `\compute_core.$proc$/openlane/kws/src/compute_core.sv:0$2139'.
No latch inferred for signal `\compute_core.\pop_s0[84]' from process `\compute_core.$proc$/openlane/kws/src/compute_core.sv:0$2139'.
No latch inferred for signal `\compute_core.\pop_s0[85]' from process `\compute_core.$proc$/openlane/kws/src/compute_core.sv:0$2139'.
No latch inferred for signal `\compute_core.\pop_s0[86]' from process `\compute_core.$proc$/openlane/kws/src/compute_core.sv:0$2139'.
No latch inferred for signal `\compute_core.\pop_s0[87]' from process `\compute_core.$proc$/openlane/kws/src/compute_core.sv:0$2139'.
No latch inferred for signal `\compute_core.\pop_s0[88]' from process `\compute_core.$proc$/openlane/kws/src/compute_core.sv:0$2139'.
No latch inferred for signal `\compute_core.\pop_s0[89]' from process `\compute_core.$proc$/openlane/kws/src/compute_core.sv:0$2139'.
No latch inferred for signal `\compute_core.\pop_s0[90]' from process `\compute_core.$proc$/openlane/kws/src/compute_core.sv:0$2139'.
No latch inferred for signal `\compute_core.\pop_s0[91]' from process `\compute_core.$proc$/openlane/kws/src/compute_core.sv:0$2139'.
No latch inferred for signal `\compute_core.\pop_s0[92]' from process `\compute_core.$proc$/openlane/kws/src/compute_core.sv:0$2139'.
No latch inferred for signal `\compute_core.\pop_s0[93]' from process `\compute_core.$proc$/openlane/kws/src/compute_core.sv:0$2139'.
No latch inferred for signal `\compute_core.\pop_s0[94]' from process `\compute_core.$proc$/openlane/kws/src/compute_core.sv:0$2139'.
No latch inferred for signal `\compute_core.\pop_s0[95]' from process `\compute_core.$proc$/openlane/kws/src/compute_core.sv:0$2139'.
No latch inferred for signal `\compute_core.\pop_s1[0]' from process `\compute_core.$proc$/openlane/kws/src/compute_core.sv:0$2139'.
No latch inferred for signal `\compute_core.\pop_s1[1]' from process `\compute_core.$proc$/openlane/kws/src/compute_core.sv:0$2139'.
No latch inferred for signal `\compute_core.\pop_s1[2]' from process `\compute_core.$proc$/openlane/kws/src/compute_core.sv:0$2139'.
No latch inferred for signal `\compute_core.\pop_s1[3]' from process `\compute_core.$proc$/openlane/kws/src/compute_core.sv:0$2139'.
No latch inferred for signal `\compute_core.\pop_s1[4]' from process `\compute_core.$proc$/openlane/kws/src/compute_core.sv:0$2139'.
No latch inferred for signal `\compute_core.\pop_s1[5]' from process `\compute_core.$proc$/openlane/kws/src/compute_core.sv:0$2139'.
No latch inferred for signal `\compute_core.\pop_s1[6]' from process `\compute_core.$proc$/openlane/kws/src/compute_core.sv:0$2139'.
No latch inferred for signal `\compute_core.\pop_s1[7]' from process `\compute_core.$proc$/openlane/kws/src/compute_core.sv:0$2139'.
No latch inferred for signal `\compute_core.\pop_s1[8]' from process `\compute_core.$proc$/openlane/kws/src/compute_core.sv:0$2139'.
No latch inferred for signal `\compute_core.\pop_s1[9]' from process `\compute_core.$proc$/openlane/kws/src/compute_core.sv:0$2139'.
No latch inferred for signal `\compute_core.\pop_s1[10]' from process `\compute_core.$proc$/openlane/kws/src/compute_core.sv:0$2139'.
No latch inferred for signal `\compute_core.\pop_s1[11]' from process `\compute_core.$proc$/openlane/kws/src/compute_core.sv:0$2139'.
No latch inferred for signal `\compute_core.\pop_s1[12]' from process `\compute_core.$proc$/openlane/kws/src/compute_core.sv:0$2139'.
No latch inferred for signal `\compute_core.\pop_s1[13]' from process `\compute_core.$proc$/openlane/kws/src/compute_core.sv:0$2139'.
No latch inferred for signal `\compute_core.\pop_s1[14]' from process `\compute_core.$proc$/openlane/kws/src/compute_core.sv:0$2139'.
No latch inferred for signal `\compute_core.\pop_s1[15]' from process `\compute_core.$proc$/openlane/kws/src/compute_core.sv:0$2139'.
No latch inferred for signal `\compute_core.\pop_s1[16]' from process `\compute_core.$proc$/openlane/kws/src/compute_core.sv:0$2139'.
No latch inferred for signal `\compute_core.\pop_s1[17]' from process `\compute_core.$proc$/openlane/kws/src/compute_core.sv:0$2139'.
No latch inferred for signal `\compute_core.\pop_s1[18]' from process `\compute_core.$proc$/openlane/kws/src/compute_core.sv:0$2139'.
No latch inferred for signal `\compute_core.\pop_s1[19]' from process `\compute_core.$proc$/openlane/kws/src/compute_core.sv:0$2139'.
No latch inferred for signal `\compute_core.\pop_s1[20]' from process `\compute_core.$proc$/openlane/kws/src/compute_core.sv:0$2139'.
No latch inferred for signal `\compute_core.\pop_s1[21]' from process `\compute_core.$proc$/openlane/kws/src/compute_core.sv:0$2139'.
No latch inferred for signal `\compute_core.\pop_s1[22]' from process `\compute_core.$proc$/openlane/kws/src/compute_core.sv:0$2139'.
No latch inferred for signal `\compute_core.\pop_s1[23]' from process `\compute_core.$proc$/openlane/kws/src/compute_core.sv:0$2139'.
No latch inferred for signal `\compute_core.\pop_s1[24]' from process `\compute_core.$proc$/openlane/kws/src/compute_core.sv:0$2139'.
No latch inferred for signal `\compute_core.\pop_s1[25]' from process `\compute_core.$proc$/openlane/kws/src/compute_core.sv:0$2139'.
No latch inferred for signal `\compute_core.\pop_s1[26]' from process `\compute_core.$proc$/openlane/kws/src/compute_core.sv:0$2139'.
No latch inferred for signal `\compute_core.\pop_s1[27]' from process `\compute_core.$proc$/openlane/kws/src/compute_core.sv:0$2139'.
No latch inferred for signal `\compute_core.\pop_s1[28]' from process `\compute_core.$proc$/openlane/kws/src/compute_core.sv:0$2139'.
No latch inferred for signal `\compute_core.\pop_s1[29]' from process `\compute_core.$proc$/openlane/kws/src/compute_core.sv:0$2139'.
No latch inferred for signal `\compute_core.\pop_s1[30]' from process `\compute_core.$proc$/openlane/kws/src/compute_core.sv:0$2139'.
No latch inferred for signal `\compute_core.\pop_s1[31]' from process `\compute_core.$proc$/openlane/kws/src/compute_core.sv:0$2139'.
No latch inferred for signal `\compute_core.\pop_s1[32]' from process `\compute_core.$proc$/openlane/kws/src/compute_core.sv:0$2139'.
No latch inferred for signal `\compute_core.\pop_s1[33]' from process `\compute_core.$proc$/openlane/kws/src/compute_core.sv:0$2139'.
No latch inferred for signal `\compute_core.\pop_s1[34]' from process `\compute_core.$proc$/openlane/kws/src/compute_core.sv:0$2139'.
No latch inferred for signal `\compute_core.\pop_s1[35]' from process `\compute_core.$proc$/openlane/kws/src/compute_core.sv:0$2139'.
No latch inferred for signal `\compute_core.\pop_s1[36]' from process `\compute_core.$proc$/openlane/kws/src/compute_core.sv:0$2139'.
No latch inferred for signal `\compute_core.\pop_s1[37]' from process `\compute_core.$proc$/openlane/kws/src/compute_core.sv:0$2139'.
No latch inferred for signal `\compute_core.\pop_s1[38]' from process `\compute_core.$proc$/openlane/kws/src/compute_core.sv:0$2139'.
No latch inferred for signal `\compute_core.\pop_s1[39]' from process `\compute_core.$proc$/openlane/kws/src/compute_core.sv:0$2139'.
No latch inferred for signal `\compute_core.\pop_s1[40]' from process `\compute_core.$proc$/openlane/kws/src/compute_core.sv:0$2139'.
No latch inferred for signal `\compute_core.\pop_s1[41]' from process `\compute_core.$proc$/openlane/kws/src/compute_core.sv:0$2139'.
No latch inferred for signal `\compute_core.\pop_s1[42]' from process `\compute_core.$proc$/openlane/kws/src/compute_core.sv:0$2139'.
No latch inferred for signal `\compute_core.\pop_s1[43]' from process `\compute_core.$proc$/openlane/kws/src/compute_core.sv:0$2139'.
No latch inferred for signal `\compute_core.\pop_s1[44]' from process `\compute_core.$proc$/openlane/kws/src/compute_core.sv:0$2139'.
No latch inferred for signal `\compute_core.\pop_s1[45]' from process `\compute_core.$proc$/openlane/kws/src/compute_core.sv:0$2139'.
No latch inferred for signal `\compute_core.\pop_s1[46]' from process `\compute_core.$proc$/openlane/kws/src/compute_core.sv:0$2139'.
No latch inferred for signal `\compute_core.\pop_s1[47]' from process `\compute_core.$proc$/openlane/kws/src/compute_core.sv:0$2139'.
No latch inferred for signal `\compute_core.\pop_s2[0]' from process `\compute_core.$proc$/openlane/kws/src/compute_core.sv:0$2139'.
No latch inferred for signal `\compute_core.\pop_s2[1]' from process `\compute_core.$proc$/openlane/kws/src/compute_core.sv:0$2139'.
No latch inferred for signal `\compute_core.\pop_s2[2]' from process `\compute_core.$proc$/openlane/kws/src/compute_core.sv:0$2139'.
No latch inferred for signal `\compute_core.\pop_s2[3]' from process `\compute_core.$proc$/openlane/kws/src/compute_core.sv:0$2139'.
No latch inferred for signal `\compute_core.\pop_s2[4]' from process `\compute_core.$proc$/openlane/kws/src/compute_core.sv:0$2139'.
No latch inferred for signal `\compute_core.\pop_s2[5]' from process `\compute_core.$proc$/openlane/kws/src/compute_core.sv:0$2139'.
No latch inferred for signal `\compute_core.\pop_s2[6]' from process `\compute_core.$proc$/openlane/kws/src/compute_core.sv:0$2139'.
No latch inferred for signal `\compute_core.\pop_s2[7]' from process `\compute_core.$proc$/openlane/kws/src/compute_core.sv:0$2139'.
No latch inferred for signal `\compute_core.\pop_s2[8]' from process `\compute_core.$proc$/openlane/kws/src/compute_core.sv:0$2139'.
No latch inferred for signal `\compute_core.\pop_s2[9]' from process `\compute_core.$proc$/openlane/kws/src/compute_core.sv:0$2139'.
No latch inferred for signal `\compute_core.\pop_s2[10]' from process `\compute_core.$proc$/openlane/kws/src/compute_core.sv:0$2139'.
No latch inferred for signal `\compute_core.\pop_s2[11]' from process `\compute_core.$proc$/openlane/kws/src/compute_core.sv:0$2139'.
No latch inferred for signal `\compute_core.\pop_s2[12]' from process `\compute_core.$proc$/openlane/kws/src/compute_core.sv:0$2139'.
No latch inferred for signal `\compute_core.\pop_s2[13]' from process `\compute_core.$proc$/openlane/kws/src/compute_core.sv:0$2139'.
No latch inferred for signal `\compute_core.\pop_s2[14]' from process `\compute_core.$proc$/openlane/kws/src/compute_core.sv:0$2139'.
No latch inferred for signal `\compute_core.\pop_s2[15]' from process `\compute_core.$proc$/openlane/kws/src/compute_core.sv:0$2139'.
No latch inferred for signal `\compute_core.\pop_s2[16]' from process `\compute_core.$proc$/openlane/kws/src/compute_core.sv:0$2139'.
No latch inferred for signal `\compute_core.\pop_s2[17]' from process `\compute_core.$proc$/openlane/kws/src/compute_core.sv:0$2139'.
No latch inferred for signal `\compute_core.\pop_s2[18]' from process `\compute_core.$proc$/openlane/kws/src/compute_core.sv:0$2139'.
No latch inferred for signal `\compute_core.\pop_s2[19]' from process `\compute_core.$proc$/openlane/kws/src/compute_core.sv:0$2139'.
No latch inferred for signal `\compute_core.\pop_s2[20]' from process `\compute_core.$proc$/openlane/kws/src/compute_core.sv:0$2139'.
No latch inferred for signal `\compute_core.\pop_s2[21]' from process `\compute_core.$proc$/openlane/kws/src/compute_core.sv:0$2139'.
No latch inferred for signal `\compute_core.\pop_s2[22]' from process `\compute_core.$proc$/openlane/kws/src/compute_core.sv:0$2139'.
No latch inferred for signal `\compute_core.\pop_s2[23]' from process `\compute_core.$proc$/openlane/kws/src/compute_core.sv:0$2139'.
No latch inferred for signal `\compute_core.\pop_s3[0]' from process `\compute_core.$proc$/openlane/kws/src/compute_core.sv:0$2139'.
No latch inferred for signal `\compute_core.\pop_s3[1]' from process `\compute_core.$proc$/openlane/kws/src/compute_core.sv:0$2139'.
No latch inferred for signal `\compute_core.\pop_s3[2]' from process `\compute_core.$proc$/openlane/kws/src/compute_core.sv:0$2139'.
No latch inferred for signal `\compute_core.\pop_s3[3]' from process `\compute_core.$proc$/openlane/kws/src/compute_core.sv:0$2139'.
No latch inferred for signal `\compute_core.\pop_s3[4]' from process `\compute_core.$proc$/openlane/kws/src/compute_core.sv:0$2139'.
No latch inferred for signal `\compute_core.\pop_s3[5]' from process `\compute_core.$proc$/openlane/kws/src/compute_core.sv:0$2139'.
No latch inferred for signal `\compute_core.\pop_s3[6]' from process `\compute_core.$proc$/openlane/kws/src/compute_core.sv:0$2139'.
No latch inferred for signal `\compute_core.\pop_s3[7]' from process `\compute_core.$proc$/openlane/kws/src/compute_core.sv:0$2139'.
No latch inferred for signal `\compute_core.\pop_s3[8]' from process `\compute_core.$proc$/openlane/kws/src/compute_core.sv:0$2139'.
No latch inferred for signal `\compute_core.\pop_s3[9]' from process `\compute_core.$proc$/openlane/kws/src/compute_core.sv:0$2139'.
No latch inferred for signal `\compute_core.\pop_s3[10]' from process `\compute_core.$proc$/openlane/kws/src/compute_core.sv:0$2139'.
No latch inferred for signal `\compute_core.\pop_s3[11]' from process `\compute_core.$proc$/openlane/kws/src/compute_core.sv:0$2139'.
No latch inferred for signal `\compute_core.\pop_s4[0]' from process `\compute_core.$proc$/openlane/kws/src/compute_core.sv:0$2139'.
No latch inferred for signal `\compute_core.\pop_s4[1]' from process `\compute_core.$proc$/openlane/kws/src/compute_core.sv:0$2139'.
No latch inferred for signal `\compute_core.\pop_s4[2]' from process `\compute_core.$proc$/openlane/kws/src/compute_core.sv:0$2139'.
No latch inferred for signal `\compute_core.\pop_s4[3]' from process `\compute_core.$proc$/openlane/kws/src/compute_core.sv:0$2139'.
No latch inferred for signal `\compute_core.\pop_s4[4]' from process `\compute_core.$proc$/openlane/kws/src/compute_core.sv:0$2139'.
No latch inferred for signal `\compute_core.\pop_s4[5]' from process `\compute_core.$proc$/openlane/kws/src/compute_core.sv:0$2139'.
No latch inferred for signal `\compute_core.\pop_s5[0]' from process `\compute_core.$proc$/openlane/kws/src/compute_core.sv:0$2139'.
No latch inferred for signal `\compute_core.\pop_s5[1]' from process `\compute_core.$proc$/openlane/kws/src/compute_core.sv:0$2139'.
No latch inferred for signal `\compute_core.\pop_s5[2]' from process `\compute_core.$proc$/openlane/kws/src/compute_core.sv:0$2139'.
No latch inferred for signal `\compute_core.$mem2reg_rd$\wt_buf$/openlane/kws/src/compute_core.sv:110$193_DATA' from process `\compute_core.$proc$/openlane/kws/src/compute_core.sv:0$2136'.
No latch inferred for signal `\compute_core.$mem2reg_rd$\wt_buf$/openlane/kws/src/compute_core.sv:110$192_DATA' from process `\compute_core.$proc$/openlane/kws/src/compute_core.sv:0$2133'.
No latch inferred for signal `\compute_core.$mem2reg_rd$\wt_buf$/openlane/kws/src/compute_core.sv:110$191_DATA' from process `\compute_core.$proc$/openlane/kws/src/compute_core.sv:0$2130'.
No latch inferred for signal `\compute_core.$mem2reg_rd$\wt_buf$/openlane/kws/src/compute_core.sv:110$190_DATA' from process `\compute_core.$proc$/openlane/kws/src/compute_core.sv:0$2127'.
No latch inferred for signal `\compute_core.$mem2reg_rd$\wt_buf$/openlane/kws/src/compute_core.sv:110$189_DATA' from process `\compute_core.$proc$/openlane/kws/src/compute_core.sv:0$2124'.
No latch inferred for signal `\compute_core.$mem2reg_rd$\wt_buf$/openlane/kws/src/compute_core.sv:110$188_DATA' from process `\compute_core.$proc$/openlane/kws/src/compute_core.sv:0$2121'.
No latch inferred for signal `\compute_core.$mem2reg_rd$\wt_buf$/openlane/kws/src/compute_core.sv:110$187_DATA' from process `\compute_core.$proc$/openlane/kws/src/compute_core.sv:0$2118'.
No latch inferred for signal `\compute_core.$mem2reg_rd$\wt_buf$/openlane/kws/src/compute_core.sv:110$186_DATA' from process `\compute_core.$proc$/openlane/kws/src/compute_core.sv:0$2115'.
No latch inferred for signal `\compute_core.$mem2reg_rd$\wt_buf$/openlane/kws/src/compute_core.sv:110$185_DATA' from process `\compute_core.$proc$/openlane/kws/src/compute_core.sv:0$2112'.
No latch inferred for signal `\compute_core.$mem2reg_rd$\wt_buf$/openlane/kws/src/compute_core.sv:110$184_DATA' from process `\compute_core.$proc$/openlane/kws/src/compute_core.sv:0$2109'.
No latch inferred for signal `\compute_core.$mem2reg_rd$\wt_buf$/openlane/kws/src/compute_core.sv:110$183_DATA' from process `\compute_core.$proc$/openlane/kws/src/compute_core.sv:0$2106'.
No latch inferred for signal `\compute_core.$mem2reg_rd$\wt_buf$/openlane/kws/src/compute_core.sv:110$182_DATA' from process `\compute_core.$proc$/openlane/kws/src/compute_core.sv:0$2103'.
No latch inferred for signal `\compute_core.$mem2reg_rd$\wt_buf$/openlane/kws/src/compute_core.sv:110$181_DATA' from process `\compute_core.$proc$/openlane/kws/src/compute_core.sv:0$2100'.
No latch inferred for signal `\compute_core.$mem2reg_rd$\wt_buf$/openlane/kws/src/compute_core.sv:110$180_DATA' from process `\compute_core.$proc$/openlane/kws/src/compute_core.sv:0$2097'.
No latch inferred for signal `\compute_core.$mem2reg_rd$\wt_buf$/openlane/kws/src/compute_core.sv:110$179_DATA' from process `\compute_core.$proc$/openlane/kws/src/compute_core.sv:0$2094'.
No latch inferred for signal `\compute_core.$mem2reg_rd$\wt_buf$/openlane/kws/src/compute_core.sv:110$178_DATA' from process `\compute_core.$proc$/openlane/kws/src/compute_core.sv:0$2091'.
No latch inferred for signal `\compute_core.$mem2reg_rd$\wt_buf$/openlane/kws/src/compute_core.sv:110$177_DATA' from process `\compute_core.$proc$/openlane/kws/src/compute_core.sv:0$2088'.
No latch inferred for signal `\compute_core.$mem2reg_rd$\wt_buf$/openlane/kws/src/compute_core.sv:110$176_DATA' from process `\compute_core.$proc$/openlane/kws/src/compute_core.sv:0$2085'.
No latch inferred for signal `\compute_core.$mem2reg_rd$\wt_buf$/openlane/kws/src/compute_core.sv:110$175_DATA' from process `\compute_core.$proc$/openlane/kws/src/compute_core.sv:0$2082'.
No latch inferred for signal `\compute_core.$mem2reg_rd$\wt_buf$/openlane/kws/src/compute_core.sv:110$174_DATA' from process `\compute_core.$proc$/openlane/kws/src/compute_core.sv:0$2079'.
No latch inferred for signal `\compute_core.$mem2reg_rd$\wt_buf$/openlane/kws/src/compute_core.sv:110$173_DATA' from process `\compute_core.$proc$/openlane/kws/src/compute_core.sv:0$2076'.
No latch inferred for signal `\compute_core.$mem2reg_rd$\wt_buf$/openlane/kws/src/compute_core.sv:110$172_DATA' from process `\compute_core.$proc$/openlane/kws/src/compute_core.sv:0$2073'.
No latch inferred for signal `\compute_core.$mem2reg_rd$\wt_buf$/openlane/kws/src/compute_core.sv:110$171_DATA' from process `\compute_core.$proc$/openlane/kws/src/compute_core.sv:0$2070'.
No latch inferred for signal `\compute_core.$mem2reg_rd$\wt_buf$/openlane/kws/src/compute_core.sv:110$170_DATA' from process `\compute_core.$proc$/openlane/kws/src/compute_core.sv:0$2067'.
No latch inferred for signal `\compute_core.$mem2reg_rd$\wt_buf$/openlane/kws/src/compute_core.sv:110$169_DATA' from process `\compute_core.$proc$/openlane/kws/src/compute_core.sv:0$2064'.
No latch inferred for signal `\compute_core.$mem2reg_rd$\wt_buf$/openlane/kws/src/compute_core.sv:110$168_DATA' from process `\compute_core.$proc$/openlane/kws/src/compute_core.sv:0$2061'.
No latch inferred for signal `\compute_core.$mem2reg_rd$\wt_buf$/openlane/kws/src/compute_core.sv:110$167_DATA' from process `\compute_core.$proc$/openlane/kws/src/compute_core.sv:0$2058'.
No latch inferred for signal `\compute_core.$mem2reg_rd$\wt_buf$/openlane/kws/src/compute_core.sv:110$166_DATA' from process `\compute_core.$proc$/openlane/kws/src/compute_core.sv:0$2055'.
No latch inferred for signal `\compute_core.$mem2reg_rd$\wt_buf$/openlane/kws/src/compute_core.sv:110$165_DATA' from process `\compute_core.$proc$/openlane/kws/src/compute_core.sv:0$2052'.
No latch inferred for signal `\compute_core.$mem2reg_rd$\wt_buf$/openlane/kws/src/compute_core.sv:110$164_DATA' from process `\compute_core.$proc$/openlane/kws/src/compute_core.sv:0$2049'.
No latch inferred for signal `\compute_core.$mem2reg_rd$\wt_buf$/openlane/kws/src/compute_core.sv:110$163_DATA' from process `\compute_core.$proc$/openlane/kws/src/compute_core.sv:0$2046'.
No latch inferred for signal `\compute_core.$mem2reg_rd$\wt_buf$/openlane/kws/src/compute_core.sv:110$162_DATA' from process `\compute_core.$proc$/openlane/kws/src/compute_core.sv:0$2043'.
No latch inferred for signal `\compute_core.$mem2reg_rd$\wt_buf$/openlane/kws/src/compute_core.sv:110$161_DATA' from process `\compute_core.$proc$/openlane/kws/src/compute_core.sv:0$2040'.
No latch inferred for signal `\compute_core.$mem2reg_rd$\wt_buf$/openlane/kws/src/compute_core.sv:110$160_DATA' from process `\compute_core.$proc$/openlane/kws/src/compute_core.sv:0$2037'.
No latch inferred for signal `\compute_core.$mem2reg_rd$\wt_buf$/openlane/kws/src/compute_core.sv:110$159_DATA' from process `\compute_core.$proc$/openlane/kws/src/compute_core.sv:0$2034'.
No latch inferred for signal `\compute_core.$mem2reg_rd$\wt_buf$/openlane/kws/src/compute_core.sv:110$158_DATA' from process `\compute_core.$proc$/openlane/kws/src/compute_core.sv:0$2031'.
No latch inferred for signal `\compute_core.$mem2reg_rd$\wt_buf$/openlane/kws/src/compute_core.sv:110$157_DATA' from process `\compute_core.$proc$/openlane/kws/src/compute_core.sv:0$2028'.
No latch inferred for signal `\compute_core.$mem2reg_rd$\wt_buf$/openlane/kws/src/compute_core.sv:110$156_DATA' from process `\compute_core.$proc$/openlane/kws/src/compute_core.sv:0$2025'.
No latch inferred for signal `\compute_core.$mem2reg_rd$\wt_buf$/openlane/kws/src/compute_core.sv:110$155_DATA' from process `\compute_core.$proc$/openlane/kws/src/compute_core.sv:0$2022'.
No latch inferred for signal `\compute_core.$mem2reg_rd$\wt_buf$/openlane/kws/src/compute_core.sv:110$154_DATA' from process `\compute_core.$proc$/openlane/kws/src/compute_core.sv:0$2019'.
No latch inferred for signal `\compute_core.$mem2reg_rd$\wt_buf$/openlane/kws/src/compute_core.sv:110$153_DATA' from process `\compute_core.$proc$/openlane/kws/src/compute_core.sv:0$2016'.
No latch inferred for signal `\compute_core.$mem2reg_rd$\wt_buf$/openlane/kws/src/compute_core.sv:110$152_DATA' from process `\compute_core.$proc$/openlane/kws/src/compute_core.sv:0$2013'.
No latch inferred for signal `\compute_core.$mem2reg_rd$\wt_buf$/openlane/kws/src/compute_core.sv:110$151_DATA' from process `\compute_core.$proc$/openlane/kws/src/compute_core.sv:0$2010'.
No latch inferred for signal `\compute_core.$mem2reg_rd$\wt_buf$/openlane/kws/src/compute_core.sv:110$150_DATA' from process `\compute_core.$proc$/openlane/kws/src/compute_core.sv:0$2007'.
No latch inferred for signal `\compute_core.$mem2reg_rd$\wt_buf$/openlane/kws/src/compute_core.sv:110$149_DATA' from process `\compute_core.$proc$/openlane/kws/src/compute_core.sv:0$2004'.
No latch inferred for signal `\compute_core.$mem2reg_rd$\wt_buf$/openlane/kws/src/compute_core.sv:110$148_DATA' from process `\compute_core.$proc$/openlane/kws/src/compute_core.sv:0$2001'.
No latch inferred for signal `\compute_core.$mem2reg_rd$\wt_buf$/openlane/kws/src/compute_core.sv:110$147_DATA' from process `\compute_core.$proc$/openlane/kws/src/compute_core.sv:0$1998'.
No latch inferred for signal `\compute_core.$mem2reg_rd$\wt_buf$/openlane/kws/src/compute_core.sv:110$146_DATA' from process `\compute_core.$proc$/openlane/kws/src/compute_core.sv:0$1995'.
No latch inferred for signal `\compute_core.$mem2reg_rd$\wt_buf$/openlane/kws/src/compute_core.sv:110$145_DATA' from process `\compute_core.$proc$/openlane/kws/src/compute_core.sv:0$1992'.
No latch inferred for signal `\compute_core.$mem2reg_rd$\wt_buf$/openlane/kws/src/compute_core.sv:110$144_DATA' from process `\compute_core.$proc$/openlane/kws/src/compute_core.sv:0$1989'.
No latch inferred for signal `\compute_core.$mem2reg_rd$\wt_buf$/openlane/kws/src/compute_core.sv:110$143_DATA' from process `\compute_core.$proc$/openlane/kws/src/compute_core.sv:0$1986'.
No latch inferred for signal `\compute_core.$mem2reg_rd$\wt_buf$/openlane/kws/src/compute_core.sv:110$142_DATA' from process `\compute_core.$proc$/openlane/kws/src/compute_core.sv:0$1983'.
No latch inferred for signal `\compute_core.$mem2reg_rd$\wt_buf$/openlane/kws/src/compute_core.sv:110$141_DATA' from process `\compute_core.$proc$/openlane/kws/src/compute_core.sv:0$1980'.
No latch inferred for signal `\compute_core.$mem2reg_rd$\wt_buf$/openlane/kws/src/compute_core.sv:110$140_DATA' from process `\compute_core.$proc$/openlane/kws/src/compute_core.sv:0$1977'.
No latch inferred for signal `\compute_core.$mem2reg_rd$\wt_buf$/openlane/kws/src/compute_core.sv:110$139_DATA' from process `\compute_core.$proc$/openlane/kws/src/compute_core.sv:0$1974'.
No latch inferred for signal `\compute_core.$mem2reg_rd$\wt_buf$/openlane/kws/src/compute_core.sv:110$138_DATA' from process `\compute_core.$proc$/openlane/kws/src/compute_core.sv:0$1971'.
No latch inferred for signal `\compute_core.$mem2reg_rd$\wt_buf$/openlane/kws/src/compute_core.sv:110$137_DATA' from process `\compute_core.$proc$/openlane/kws/src/compute_core.sv:0$1968'.
No latch inferred for signal `\compute_core.$mem2reg_rd$\wt_buf$/openlane/kws/src/compute_core.sv:110$136_DATA' from process `\compute_core.$proc$/openlane/kws/src/compute_core.sv:0$1965'.
No latch inferred for signal `\compute_core.$mem2reg_rd$\wt_buf$/openlane/kws/src/compute_core.sv:110$135_DATA' from process `\compute_core.$proc$/openlane/kws/src/compute_core.sv:0$1962'.
No latch inferred for signal `\compute_core.$mem2reg_rd$\wt_buf$/openlane/kws/src/compute_core.sv:110$134_DATA' from process `\compute_core.$proc$/openlane/kws/src/compute_core.sv:0$1959'.
No latch inferred for signal `\compute_core.$mem2reg_rd$\wt_buf$/openlane/kws/src/compute_core.sv:110$133_DATA' from process `\compute_core.$proc$/openlane/kws/src/compute_core.sv:0$1956'.
No latch inferred for signal `\compute_core.$mem2reg_rd$\wt_buf$/openlane/kws/src/compute_core.sv:110$132_DATA' from process `\compute_core.$proc$/openlane/kws/src/compute_core.sv:0$1953'.
No latch inferred for signal `\compute_core.$mem2reg_rd$\wt_buf$/openlane/kws/src/compute_core.sv:110$131_DATA' from process `\compute_core.$proc$/openlane/kws/src/compute_core.sv:0$1950'.
No latch inferred for signal `\compute_core.$mem2reg_rd$\wt_buf$/openlane/kws/src/compute_core.sv:110$130_DATA' from process `\compute_core.$proc$/openlane/kws/src/compute_core.sv:0$1947'.
No latch inferred for signal `\compute_core.$mem2reg_rd$\wt_buf$/openlane/kws/src/compute_core.sv:110$129_DATA' from process `\compute_core.$proc$/openlane/kws/src/compute_core.sv:0$1944'.
No latch inferred for signal `\compute_core.$mem2reg_rd$\wt_buf$/openlane/kws/src/compute_core.sv:110$128_DATA' from process `\compute_core.$proc$/openlane/kws/src/compute_core.sv:0$1941'.
No latch inferred for signal `\compute_core.$mem2reg_rd$\wt_buf$/openlane/kws/src/compute_core.sv:110$127_DATA' from process `\compute_core.$proc$/openlane/kws/src/compute_core.sv:0$1938'.
No latch inferred for signal `\compute_core.$mem2reg_rd$\wt_buf$/openlane/kws/src/compute_core.sv:110$126_DATA' from process `\compute_core.$proc$/openlane/kws/src/compute_core.sv:0$1935'.
No latch inferred for signal `\compute_core.$mem2reg_rd$\wt_buf$/openlane/kws/src/compute_core.sv:110$125_DATA' from process `\compute_core.$proc$/openlane/kws/src/compute_core.sv:0$1932'.
No latch inferred for signal `\compute_core.$mem2reg_rd$\wt_buf$/openlane/kws/src/compute_core.sv:110$124_DATA' from process `\compute_core.$proc$/openlane/kws/src/compute_core.sv:0$1929'.
No latch inferred for signal `\compute_core.$mem2reg_rd$\wt_buf$/openlane/kws/src/compute_core.sv:110$123_DATA' from process `\compute_core.$proc$/openlane/kws/src/compute_core.sv:0$1926'.
No latch inferred for signal `\compute_core.$mem2reg_rd$\wt_buf$/openlane/kws/src/compute_core.sv:110$122_DATA' from process `\compute_core.$proc$/openlane/kws/src/compute_core.sv:0$1923'.
No latch inferred for signal `\compute_core.$mem2reg_rd$\wt_buf$/openlane/kws/src/compute_core.sv:110$121_DATA' from process `\compute_core.$proc$/openlane/kws/src/compute_core.sv:0$1920'.
No latch inferred for signal `\compute_core.$mem2reg_rd$\wt_buf$/openlane/kws/src/compute_core.sv:110$120_DATA' from process `\compute_core.$proc$/openlane/kws/src/compute_core.sv:0$1917'.
No latch inferred for signal `\compute_core.$mem2reg_rd$\wt_buf$/openlane/kws/src/compute_core.sv:110$119_DATA' from process `\compute_core.$proc$/openlane/kws/src/compute_core.sv:0$1914'.
No latch inferred for signal `\compute_core.$mem2reg_rd$\wt_buf$/openlane/kws/src/compute_core.sv:110$118_DATA' from process `\compute_core.$proc$/openlane/kws/src/compute_core.sv:0$1911'.
No latch inferred for signal `\compute_core.$mem2reg_rd$\wt_buf$/openlane/kws/src/compute_core.sv:110$117_DATA' from process `\compute_core.$proc$/openlane/kws/src/compute_core.sv:0$1908'.
No latch inferred for signal `\compute_core.$mem2reg_rd$\wt_buf$/openlane/kws/src/compute_core.sv:110$116_DATA' from process `\compute_core.$proc$/openlane/kws/src/compute_core.sv:0$1905'.
No latch inferred for signal `\compute_core.$mem2reg_rd$\wt_buf$/openlane/kws/src/compute_core.sv:110$115_DATA' from process `\compute_core.$proc$/openlane/kws/src/compute_core.sv:0$1902'.
No latch inferred for signal `\compute_core.$mem2reg_rd$\wt_buf$/openlane/kws/src/compute_core.sv:110$114_DATA' from process `\compute_core.$proc$/openlane/kws/src/compute_core.sv:0$1899'.
No latch inferred for signal `\compute_core.$mem2reg_rd$\wt_buf$/openlane/kws/src/compute_core.sv:110$113_DATA' from process `\compute_core.$proc$/openlane/kws/src/compute_core.sv:0$1896'.
No latch inferred for signal `\compute_core.$mem2reg_rd$\wt_buf$/openlane/kws/src/compute_core.sv:110$112_DATA' from process `\compute_core.$proc$/openlane/kws/src/compute_core.sv:0$1893'.
No latch inferred for signal `\compute_core.$mem2reg_rd$\wt_buf$/openlane/kws/src/compute_core.sv:110$111_DATA' from process `\compute_core.$proc$/openlane/kws/src/compute_core.sv:0$1890'.
No latch inferred for signal `\compute_core.$mem2reg_rd$\wt_buf$/openlane/kws/src/compute_core.sv:110$110_DATA' from process `\compute_core.$proc$/openlane/kws/src/compute_core.sv:0$1887'.
No latch inferred for signal `\compute_core.$mem2reg_rd$\wt_buf$/openlane/kws/src/compute_core.sv:110$109_DATA' from process `\compute_core.$proc$/openlane/kws/src/compute_core.sv:0$1884'.
No latch inferred for signal `\compute_core.$mem2reg_rd$\wt_buf$/openlane/kws/src/compute_core.sv:110$108_DATA' from process `\compute_core.$proc$/openlane/kws/src/compute_core.sv:0$1881'.
No latch inferred for signal `\compute_core.$mem2reg_rd$\wt_buf$/openlane/kws/src/compute_core.sv:110$107_DATA' from process `\compute_core.$proc$/openlane/kws/src/compute_core.sv:0$1878'.
No latch inferred for signal `\compute_core.$mem2reg_rd$\wt_buf$/openlane/kws/src/compute_core.sv:110$106_DATA' from process `\compute_core.$proc$/openlane/kws/src/compute_core.sv:0$1875'.
No latch inferred for signal `\compute_core.$mem2reg_rd$\wt_buf$/openlane/kws/src/compute_core.sv:110$105_DATA' from process `\compute_core.$proc$/openlane/kws/src/compute_core.sv:0$1872'.
No latch inferred for signal `\compute_core.$mem2reg_rd$\wt_buf$/openlane/kws/src/compute_core.sv:110$104_DATA' from process `\compute_core.$proc$/openlane/kws/src/compute_core.sv:0$1869'.
No latch inferred for signal `\compute_core.$mem2reg_rd$\wt_buf$/openlane/kws/src/compute_core.sv:110$103_DATA' from process `\compute_core.$proc$/openlane/kws/src/compute_core.sv:0$1866'.
No latch inferred for signal `\compute_core.$mem2reg_rd$\wt_buf$/openlane/kws/src/compute_core.sv:110$102_DATA' from process `\compute_core.$proc$/openlane/kws/src/compute_core.sv:0$1863'.
No latch inferred for signal `\compute_core.$mem2reg_rd$\wt_buf$/openlane/kws/src/compute_core.sv:110$101_DATA' from process `\compute_core.$proc$/openlane/kws/src/compute_core.sv:0$1860'.
No latch inferred for signal `\compute_core.$mem2reg_rd$\wt_buf$/openlane/kws/src/compute_core.sv:110$100_DATA' from process `\compute_core.$proc$/openlane/kws/src/compute_core.sv:0$1857'.
No latch inferred for signal `\compute_core.$mem2reg_rd$\wt_buf$/openlane/kws/src/compute_core.sv:110$99_DATA' from process `\compute_core.$proc$/openlane/kws/src/compute_core.sv:0$1854'.
No latch inferred for signal `\compute_core.$mem2reg_rd$\wt_buf$/openlane/kws/src/compute_core.sv:110$98_DATA' from process `\compute_core.$proc$/openlane/kws/src/compute_core.sv:0$1851'.
No latch inferred for signal `\compute_core.$mem2reg_rd$\wt_buf$/openlane/kws/src/compute_core.sv:110$97_DATA' from process `\compute_core.$proc$/openlane/kws/src/compute_core.sv:0$1848'.
No latch inferred for signal `\compute_core.$mem2reg_rd$\wt_buf$/openlane/kws/src/compute_core.sv:110$96_DATA' from process `\compute_core.$proc$/openlane/kws/src/compute_core.sv:0$1845'.
No latch inferred for signal `\compute_core.$mem2reg_rd$\wt_buf$/openlane/kws/src/compute_core.sv:110$95_DATA' from process `\compute_core.$proc$/openlane/kws/src/compute_core.sv:0$1842'.
No latch inferred for signal `\compute_core.$mem2reg_rd$\wt_buf$/openlane/kws/src/compute_core.sv:110$94_DATA' from process `\compute_core.$proc$/openlane/kws/src/compute_core.sv:0$1839'.
No latch inferred for signal `\compute_core.$mem2reg_rd$\wt_buf$/openlane/kws/src/compute_core.sv:110$93_DATA' from process `\compute_core.$proc$/openlane/kws/src/compute_core.sv:0$1836'.
No latch inferred for signal `\compute_core.$mem2reg_rd$\wt_buf$/openlane/kws/src/compute_core.sv:110$92_DATA' from process `\compute_core.$proc$/openlane/kws/src/compute_core.sv:0$1833'.
No latch inferred for signal `\compute_core.$mem2reg_rd$\wt_buf$/openlane/kws/src/compute_core.sv:110$91_DATA' from process `\compute_core.$proc$/openlane/kws/src/compute_core.sv:0$1830'.
No latch inferred for signal `\compute_core.$mem2reg_rd$\wt_buf$/openlane/kws/src/compute_core.sv:110$90_DATA' from process `\compute_core.$proc$/openlane/kws/src/compute_core.sv:0$1827'.
No latch inferred for signal `\compute_core.$mem2reg_rd$\wt_buf$/openlane/kws/src/compute_core.sv:110$89_DATA' from process `\compute_core.$proc$/openlane/kws/src/compute_core.sv:0$1824'.
No latch inferred for signal `\compute_core.$mem2reg_rd$\wt_buf$/openlane/kws/src/compute_core.sv:110$88_DATA' from process `\compute_core.$proc$/openlane/kws/src/compute_core.sv:0$1821'.
No latch inferred for signal `\compute_core.$mem2reg_rd$\wt_buf$/openlane/kws/src/compute_core.sv:110$87_DATA' from process `\compute_core.$proc$/openlane/kws/src/compute_core.sv:0$1818'.
No latch inferred for signal `\compute_core.$mem2reg_rd$\wt_buf$/openlane/kws/src/compute_core.sv:110$86_DATA' from process `\compute_core.$proc$/openlane/kws/src/compute_core.sv:0$1815'.
No latch inferred for signal `\compute_core.$mem2reg_rd$\wt_buf$/openlane/kws/src/compute_core.sv:110$85_DATA' from process `\compute_core.$proc$/openlane/kws/src/compute_core.sv:0$1812'.
No latch inferred for signal `\compute_core.$mem2reg_rd$\wt_buf$/openlane/kws/src/compute_core.sv:110$84_DATA' from process `\compute_core.$proc$/openlane/kws/src/compute_core.sv:0$1809'.
No latch inferred for signal `\compute_core.$mem2reg_rd$\wt_buf$/openlane/kws/src/compute_core.sv:110$83_DATA' from process `\compute_core.$proc$/openlane/kws/src/compute_core.sv:0$1806'.
No latch inferred for signal `\compute_core.$mem2reg_rd$\wt_buf$/openlane/kws/src/compute_core.sv:110$82_DATA' from process `\compute_core.$proc$/openlane/kws/src/compute_core.sv:0$1803'.
No latch inferred for signal `\compute_core.$mem2reg_rd$\wt_buf$/openlane/kws/src/compute_core.sv:110$81_DATA' from process `\compute_core.$proc$/openlane/kws/src/compute_core.sv:0$1800'.
No latch inferred for signal `\compute_core.$mem2reg_rd$\wt_buf$/openlane/kws/src/compute_core.sv:110$80_DATA' from process `\compute_core.$proc$/openlane/kws/src/compute_core.sv:0$1797'.
No latch inferred for signal `\compute_core.$mem2reg_rd$\wt_buf$/openlane/kws/src/compute_core.sv:110$79_DATA' from process `\compute_core.$proc$/openlane/kws/src/compute_core.sv:0$1794'.
No latch inferred for signal `\compute_core.$mem2reg_rd$\wt_buf$/openlane/kws/src/compute_core.sv:110$78_DATA' from process `\compute_core.$proc$/openlane/kws/src/compute_core.sv:0$1791'.
No latch inferred for signal `\compute_core.$mem2reg_rd$\wt_buf$/openlane/kws/src/compute_core.sv:110$77_DATA' from process `\compute_core.$proc$/openlane/kws/src/compute_core.sv:0$1788'.
No latch inferred for signal `\compute_core.$mem2reg_rd$\wt_buf$/openlane/kws/src/compute_core.sv:110$76_DATA' from process `\compute_core.$proc$/openlane/kws/src/compute_core.sv:0$1785'.
No latch inferred for signal `\compute_core.$mem2reg_rd$\wt_buf$/openlane/kws/src/compute_core.sv:110$75_DATA' from process `\compute_core.$proc$/openlane/kws/src/compute_core.sv:0$1782'.
No latch inferred for signal `\compute_core.$mem2reg_rd$\wt_buf$/openlane/kws/src/compute_core.sv:110$74_DATA' from process `\compute_core.$proc$/openlane/kws/src/compute_core.sv:0$1779'.
No latch inferred for signal `\compute_core.$mem2reg_rd$\wt_buf$/openlane/kws/src/compute_core.sv:110$73_DATA' from process `\compute_core.$proc$/openlane/kws/src/compute_core.sv:0$1776'.
No latch inferred for signal `\compute_core.$mem2reg_rd$\wt_buf$/openlane/kws/src/compute_core.sv:110$72_DATA' from process `\compute_core.$proc$/openlane/kws/src/compute_core.sv:0$1773'.
No latch inferred for signal `\compute_core.$mem2reg_rd$\wt_buf$/openlane/kws/src/compute_core.sv:110$71_DATA' from process `\compute_core.$proc$/openlane/kws/src/compute_core.sv:0$1770'.
No latch inferred for signal `\compute_core.$mem2reg_rd$\wt_buf$/openlane/kws/src/compute_core.sv:110$70_DATA' from process `\compute_core.$proc$/openlane/kws/src/compute_core.sv:0$1767'.
No latch inferred for signal `\compute_core.$mem2reg_rd$\wt_buf$/openlane/kws/src/compute_core.sv:110$69_DATA' from process `\compute_core.$proc$/openlane/kws/src/compute_core.sv:0$1764'.
No latch inferred for signal `\compute_core.$mem2reg_rd$\wt_buf$/openlane/kws/src/compute_core.sv:110$68_DATA' from process `\compute_core.$proc$/openlane/kws/src/compute_core.sv:0$1761'.
No latch inferred for signal `\compute_core.$mem2reg_rd$\wt_buf$/openlane/kws/src/compute_core.sv:110$67_DATA' from process `\compute_core.$proc$/openlane/kws/src/compute_core.sv:0$1758'.
No latch inferred for signal `\compute_core.$mem2reg_rd$\wt_buf$/openlane/kws/src/compute_core.sv:110$66_DATA' from process `\compute_core.$proc$/openlane/kws/src/compute_core.sv:0$1755'.
No latch inferred for signal `\compute_core.$mem2reg_rd$\wt_buf$/openlane/kws/src/compute_core.sv:110$65_DATA' from process `\compute_core.$proc$/openlane/kws/src/compute_core.sv:0$1752'.
No latch inferred for signal `\compute_core.$mem2reg_rd$\wt_buf$/openlane/kws/src/compute_core.sv:110$64_DATA' from process `\compute_core.$proc$/openlane/kws/src/compute_core.sv:0$1749'.
No latch inferred for signal `\compute_core.$mem2reg_rd$\wt_buf$/openlane/kws/src/compute_core.sv:110$63_DATA' from process `\compute_core.$proc$/openlane/kws/src/compute_core.sv:0$1746'.
No latch inferred for signal `\compute_core.$mem2reg_rd$\wt_buf$/openlane/kws/src/compute_core.sv:110$62_DATA' from process `\compute_core.$proc$/openlane/kws/src/compute_core.sv:0$1743'.
No latch inferred for signal `\compute_core.$mem2reg_rd$\wt_buf$/openlane/kws/src/compute_core.sv:110$61_DATA' from process `\compute_core.$proc$/openlane/kws/src/compute_core.sv:0$1740'.
No latch inferred for signal `\compute_core.$mem2reg_rd$\wt_buf$/openlane/kws/src/compute_core.sv:110$60_DATA' from process `\compute_core.$proc$/openlane/kws/src/compute_core.sv:0$1737'.
No latch inferred for signal `\compute_core.$mem2reg_rd$\wt_buf$/openlane/kws/src/compute_core.sv:110$59_DATA' from process `\compute_core.$proc$/openlane/kws/src/compute_core.sv:0$1734'.
No latch inferred for signal `\compute_core.$mem2reg_rd$\wt_buf$/openlane/kws/src/compute_core.sv:110$58_DATA' from process `\compute_core.$proc$/openlane/kws/src/compute_core.sv:0$1731'.
No latch inferred for signal `\compute_core.$mem2reg_rd$\wt_buf$/openlane/kws/src/compute_core.sv:110$57_DATA' from process `\compute_core.$proc$/openlane/kws/src/compute_core.sv:0$1728'.
No latch inferred for signal `\compute_core.$mem2reg_rd$\wt_buf$/openlane/kws/src/compute_core.sv:110$56_DATA' from process `\compute_core.$proc$/openlane/kws/src/compute_core.sv:0$1725'.
No latch inferred for signal `\compute_core.$mem2reg_rd$\wt_buf$/openlane/kws/src/compute_core.sv:110$55_DATA' from process `\compute_core.$proc$/openlane/kws/src/compute_core.sv:0$1722'.
No latch inferred for signal `\compute_core.$mem2reg_rd$\wt_buf$/openlane/kws/src/compute_core.sv:110$54_DATA' from process `\compute_core.$proc$/openlane/kws/src/compute_core.sv:0$1719'.
No latch inferred for signal `\compute_core.$mem2reg_rd$\wt_buf$/openlane/kws/src/compute_core.sv:110$53_DATA' from process `\compute_core.$proc$/openlane/kws/src/compute_core.sv:0$1716'.
No latch inferred for signal `\compute_core.$mem2reg_rd$\wt_buf$/openlane/kws/src/compute_core.sv:110$52_DATA' from process `\compute_core.$proc$/openlane/kws/src/compute_core.sv:0$1713'.
No latch inferred for signal `\compute_core.$mem2reg_rd$\wt_buf$/openlane/kws/src/compute_core.sv:110$51_DATA' from process `\compute_core.$proc$/openlane/kws/src/compute_core.sv:0$1710'.
No latch inferred for signal `\compute_core.$mem2reg_rd$\wt_buf$/openlane/kws/src/compute_core.sv:110$50_DATA' from process `\compute_core.$proc$/openlane/kws/src/compute_core.sv:0$1707'.
No latch inferred for signal `\compute_core.$mem2reg_rd$\wt_buf$/openlane/kws/src/compute_core.sv:110$49_DATA' from process `\compute_core.$proc$/openlane/kws/src/compute_core.sv:0$1704'.
No latch inferred for signal `\compute_core.$mem2reg_rd$\wt_buf$/openlane/kws/src/compute_core.sv:110$48_DATA' from process `\compute_core.$proc$/openlane/kws/src/compute_core.sv:0$1701'.
No latch inferred for signal `\compute_core.$mem2reg_rd$\wt_buf$/openlane/kws/src/compute_core.sv:110$47_DATA' from process `\compute_core.$proc$/openlane/kws/src/compute_core.sv:0$1698'.
No latch inferred for signal `\compute_core.$mem2reg_rd$\wt_buf$/openlane/kws/src/compute_core.sv:110$46_DATA' from process `\compute_core.$proc$/openlane/kws/src/compute_core.sv:0$1695'.
No latch inferred for signal `\compute_core.$mem2reg_rd$\wt_buf$/openlane/kws/src/compute_core.sv:110$45_DATA' from process `\compute_core.$proc$/openlane/kws/src/compute_core.sv:0$1692'.
No latch inferred for signal `\compute_core.$mem2reg_rd$\wt_buf$/openlane/kws/src/compute_core.sv:110$44_DATA' from process `\compute_core.$proc$/openlane/kws/src/compute_core.sv:0$1689'.
No latch inferred for signal `\compute_core.$mem2reg_rd$\wt_buf$/openlane/kws/src/compute_core.sv:110$43_DATA' from process `\compute_core.$proc$/openlane/kws/src/compute_core.sv:0$1686'.
No latch inferred for signal `\compute_core.$mem2reg_rd$\wt_buf$/openlane/kws/src/compute_core.sv:110$42_DATA' from process `\compute_core.$proc$/openlane/kws/src/compute_core.sv:0$1683'.
No latch inferred for signal `\compute_core.$mem2reg_rd$\wt_buf$/openlane/kws/src/compute_core.sv:110$41_DATA' from process `\compute_core.$proc$/openlane/kws/src/compute_core.sv:0$1680'.
No latch inferred for signal `\compute_core.$mem2reg_rd$\wt_buf$/openlane/kws/src/compute_core.sv:110$40_DATA' from process `\compute_core.$proc$/openlane/kws/src/compute_core.sv:0$1677'.
No latch inferred for signal `\compute_core.$mem2reg_rd$\wt_buf$/openlane/kws/src/compute_core.sv:110$39_DATA' from process `\compute_core.$proc$/openlane/kws/src/compute_core.sv:0$1674'.
No latch inferred for signal `\compute_core.$mem2reg_rd$\wt_buf$/openlane/kws/src/compute_core.sv:110$38_DATA' from process `\compute_core.$proc$/openlane/kws/src/compute_core.sv:0$1671'.
No latch inferred for signal `\compute_core.$mem2reg_rd$\wt_buf$/openlane/kws/src/compute_core.sv:110$37_DATA' from process `\compute_core.$proc$/openlane/kws/src/compute_core.sv:0$1668'.
No latch inferred for signal `\compute_core.$mem2reg_rd$\wt_buf$/openlane/kws/src/compute_core.sv:110$36_DATA' from process `\compute_core.$proc$/openlane/kws/src/compute_core.sv:0$1665'.
No latch inferred for signal `\compute_core.$mem2reg_rd$\wt_buf$/openlane/kws/src/compute_core.sv:110$35_DATA' from process `\compute_core.$proc$/openlane/kws/src/compute_core.sv:0$1662'.
No latch inferred for signal `\compute_core.$mem2reg_rd$\wt_buf$/openlane/kws/src/compute_core.sv:110$34_DATA' from process `\compute_core.$proc$/openlane/kws/src/compute_core.sv:0$1659'.
No latch inferred for signal `\compute_core.$mem2reg_rd$\wt_buf$/openlane/kws/src/compute_core.sv:110$33_DATA' from process `\compute_core.$proc$/openlane/kws/src/compute_core.sv:0$1656'.
No latch inferred for signal `\compute_core.$mem2reg_rd$\wt_buf$/openlane/kws/src/compute_core.sv:110$32_DATA' from process `\compute_core.$proc$/openlane/kws/src/compute_core.sv:0$1653'.
No latch inferred for signal `\compute_core.$mem2reg_rd$\wt_buf$/openlane/kws/src/compute_core.sv:110$31_DATA' from process `\compute_core.$proc$/openlane/kws/src/compute_core.sv:0$1650'.
No latch inferred for signal `\compute_core.$mem2reg_rd$\wt_buf$/openlane/kws/src/compute_core.sv:110$30_DATA' from process `\compute_core.$proc$/openlane/kws/src/compute_core.sv:0$1647'.
No latch inferred for signal `\compute_core.$mem2reg_rd$\wt_buf$/openlane/kws/src/compute_core.sv:110$29_DATA' from process `\compute_core.$proc$/openlane/kws/src/compute_core.sv:0$1644'.
No latch inferred for signal `\compute_core.$mem2reg_rd$\wt_buf$/openlane/kws/src/compute_core.sv:110$28_DATA' from process `\compute_core.$proc$/openlane/kws/src/compute_core.sv:0$1641'.
No latch inferred for signal `\compute_core.$mem2reg_rd$\wt_buf$/openlane/kws/src/compute_core.sv:110$27_DATA' from process `\compute_core.$proc$/openlane/kws/src/compute_core.sv:0$1638'.
No latch inferred for signal `\compute_core.$mem2reg_rd$\wt_buf$/openlane/kws/src/compute_core.sv:110$26_DATA' from process `\compute_core.$proc$/openlane/kws/src/compute_core.sv:0$1635'.
No latch inferred for signal `\compute_core.$mem2reg_rd$\wt_buf$/openlane/kws/src/compute_core.sv:110$25_DATA' from process `\compute_core.$proc$/openlane/kws/src/compute_core.sv:0$1632'.
No latch inferred for signal `\compute_core.$mem2reg_rd$\wt_buf$/openlane/kws/src/compute_core.sv:110$24_DATA' from process `\compute_core.$proc$/openlane/kws/src/compute_core.sv:0$1629'.
No latch inferred for signal `\compute_core.$mem2reg_rd$\wt_buf$/openlane/kws/src/compute_core.sv:110$23_DATA' from process `\compute_core.$proc$/openlane/kws/src/compute_core.sv:0$1626'.
No latch inferred for signal `\compute_core.$mem2reg_rd$\wt_buf$/openlane/kws/src/compute_core.sv:110$22_DATA' from process `\compute_core.$proc$/openlane/kws/src/compute_core.sv:0$1623'.
No latch inferred for signal `\compute_core.$mem2reg_rd$\wt_buf$/openlane/kws/src/compute_core.sv:110$21_DATA' from process `\compute_core.$proc$/openlane/kws/src/compute_core.sv:0$1620'.
No latch inferred for signal `\compute_core.$mem2reg_rd$\wt_buf$/openlane/kws/src/compute_core.sv:110$20_DATA' from process `\compute_core.$proc$/openlane/kws/src/compute_core.sv:0$1617'.
No latch inferred for signal `\compute_core.$mem2reg_rd$\wt_buf$/openlane/kws/src/compute_core.sv:110$19_DATA' from process `\compute_core.$proc$/openlane/kws/src/compute_core.sv:0$1614'.
No latch inferred for signal `\compute_core.$mem2reg_rd$\wt_buf$/openlane/kws/src/compute_core.sv:110$18_DATA' from process `\compute_core.$proc$/openlane/kws/src/compute_core.sv:0$1611'.
No latch inferred for signal `\compute_core.$mem2reg_rd$\wt_buf$/openlane/kws/src/compute_core.sv:110$17_DATA' from process `\compute_core.$proc$/openlane/kws/src/compute_core.sv:0$1608'.
No latch inferred for signal `\compute_core.$mem2reg_rd$\wt_buf$/openlane/kws/src/compute_core.sv:110$16_DATA' from process `\compute_core.$proc$/openlane/kws/src/compute_core.sv:0$1605'.
No latch inferred for signal `\compute_core.$mem2reg_rd$\wt_buf$/openlane/kws/src/compute_core.sv:110$15_DATA' from process `\compute_core.$proc$/openlane/kws/src/compute_core.sv:0$1602'.
No latch inferred for signal `\compute_core.$mem2reg_rd$\wt_buf$/openlane/kws/src/compute_core.sv:110$14_DATA' from process `\compute_core.$proc$/openlane/kws/src/compute_core.sv:0$1599'.
No latch inferred for signal `\compute_core.$mem2reg_rd$\wt_buf$/openlane/kws/src/compute_core.sv:110$13_DATA' from process `\compute_core.$proc$/openlane/kws/src/compute_core.sv:0$1596'.
No latch inferred for signal `\compute_core.$mem2reg_rd$\wt_buf$/openlane/kws/src/compute_core.sv:110$12_DATA' from process `\compute_core.$proc$/openlane/kws/src/compute_core.sv:0$1593'.
No latch inferred for signal `\compute_core.$mem2reg_rd$\wt_buf$/openlane/kws/src/compute_core.sv:110$11_DATA' from process `\compute_core.$proc$/openlane/kws/src/compute_core.sv:0$1590'.
No latch inferred for signal `\compute_core.$mem2reg_rd$\wt_buf$/openlane/kws/src/compute_core.sv:110$10_DATA' from process `\compute_core.$proc$/openlane/kws/src/compute_core.sv:0$1587'.
No latch inferred for signal `\compute_core.$mem2reg_rd$\wt_buf$/openlane/kws/src/compute_core.sv:110$9_DATA' from process `\compute_core.$proc$/openlane/kws/src/compute_core.sv:0$1584'.
No latch inferred for signal `\compute_core.$mem2reg_rd$\wt_buf$/openlane/kws/src/compute_core.sv:110$8_DATA' from process `\compute_core.$proc$/openlane/kws/src/compute_core.sv:0$1581'.
No latch inferred for signal `\compute_core.$mem2reg_rd$\wt_buf$/openlane/kws/src/compute_core.sv:110$7_DATA' from process `\compute_core.$proc$/openlane/kws/src/compute_core.sv:0$1578'.
No latch inferred for signal `\compute_core.$mem2reg_rd$\wt_buf$/openlane/kws/src/compute_core.sv:110$6_DATA' from process `\compute_core.$proc$/openlane/kws/src/compute_core.sv:0$1575'.
No latch inferred for signal `\compute_core.$mem2reg_rd$\wt_buf$/openlane/kws/src/compute_core.sv:110$5_DATA' from process `\compute_core.$proc$/openlane/kws/src/compute_core.sv:0$1572'.
No latch inferred for signal `\compute_core.$mem2reg_rd$\wt_buf$/openlane/kws/src/compute_core.sv:110$4_DATA' from process `\compute_core.$proc$/openlane/kws/src/compute_core.sv:0$1569'.
No latch inferred for signal `\compute_core.$mem2reg_rd$\wt_buf$/openlane/kws/src/compute_core.sv:110$3_DATA' from process `\compute_core.$proc$/openlane/kws/src/compute_core.sv:0$1566'.
No latch inferred for signal `\compute_core.$mem2reg_rd$\wt_buf$/openlane/kws/src/compute_core.sv:110$2_DATA' from process `\compute_core.$proc$/openlane/kws/src/compute_core.sv:0$1563'.

6.9. Executing PROC_DFF pass (convert process syncs to FFs).
Creating register for signal `$paramod$5ff19c0ce473189292aafc7f2ccdeae6cf22053c\spi_slave.\miso' using process `$paramod$5ff19c0ce473189292aafc7f2ccdeae6cf22053c\spi_slave.$proc$/openlane/kws/src/interface.sv:81$2457'.
  created $adff cell `$procdff$20226' with positive edge clock and negative level reset.
Creating register for signal `$paramod$5ff19c0ce473189292aafc7f2ccdeae6cf22053c\spi_slave.\rx_data' using process `$paramod$5ff19c0ce473189292aafc7f2ccdeae6cf22053c\spi_slave.$proc$/openlane/kws/src/interface.sv:81$2457'.
  created $adff cell `$procdff$20227' with positive edge clock and negative level reset.
Creating register for signal `$paramod$5ff19c0ce473189292aafc7f2ccdeae6cf22053c\spi_slave.\rx_done' using process `$paramod$5ff19c0ce473189292aafc7f2ccdeae6cf22053c\spi_slave.$proc$/openlane/kws/src/interface.sv:81$2457'.
  created $adff cell `$procdff$20228' with positive edge clock and negative level reset.
Creating register for signal `$paramod$5ff19c0ce473189292aafc7f2ccdeae6cf22053c\spi_slave.\rx_shift' using process `$paramod$5ff19c0ce473189292aafc7f2ccdeae6cf22053c\spi_slave.$proc$/openlane/kws/src/interface.sv:81$2457'.
  created $adff cell `$procdff$20229' with positive edge clock and negative level reset.
Creating register for signal `$paramod$5ff19c0ce473189292aafc7f2ccdeae6cf22053c\spi_slave.\rx_bit_cnt' using process `$paramod$5ff19c0ce473189292aafc7f2ccdeae6cf22053c\spi_slave.$proc$/openlane/kws/src/interface.sv:81$2457'.
  created $adff cell `$procdff$20230' with positive edge clock and negative level reset.
Creating register for signal `$paramod$5ff19c0ce473189292aafc7f2ccdeae6cf22053c\spi_slave.\rx_byte_cnt' using process `$paramod$5ff19c0ce473189292aafc7f2ccdeae6cf22053c\spi_slave.$proc$/openlane/kws/src/interface.sv:81$2457'.
  created $adff cell `$procdff$20231' with positive edge clock and negative level reset.
Creating register for signal `$paramod$5ff19c0ce473189292aafc7f2ccdeae6cf22053c\spi_slave.\rx_active' using process `$paramod$5ff19c0ce473189292aafc7f2ccdeae6cf22053c\spi_slave.$proc$/openlane/kws/src/interface.sv:81$2457'.
  created $adff cell `$procdff$20232' with positive edge clock and negative level reset.
Creating register for signal `$paramod$5ff19c0ce473189292aafc7f2ccdeae6cf22053c\spi_slave.\tx_shift' using process `$paramod$5ff19c0ce473189292aafc7f2ccdeae6cf22053c\spi_slave.$proc$/openlane/kws/src/interface.sv:81$2457'.
  created $adff cell `$procdff$20233' with positive edge clock and negative level reset.
Creating register for signal `$paramod$5ff19c0ce473189292aafc7f2ccdeae6cf22053c\spi_slave.\tx_bit_cnt' using process `$paramod$5ff19c0ce473189292aafc7f2ccdeae6cf22053c\spi_slave.$proc$/openlane/kws/src/interface.sv:81$2457'.
  created $adff cell `$procdff$20234' with positive edge clock and negative level reset.
Creating register for signal `$paramod$5ff19c0ce473189292aafc7f2ccdeae6cf22053c\spi_slave.\tx_byte_cnt' using process `$paramod$5ff19c0ce473189292aafc7f2ccdeae6cf22053c\spi_slave.$proc$/openlane/kws/src/interface.sv:81$2457'.
  created $adff cell `$procdff$20235' with positive edge clock and negative level reset.
Creating register for signal `$paramod$5ff19c0ce473189292aafc7f2ccdeae6cf22053c\spi_slave.$bitselwrite$pos$/openlane/kws/src/interface.sv:120$2445' using process `$paramod$5ff19c0ce473189292aafc7f2ccdeae6cf22053c\spi_slave.$proc$/openlane/kws/src/interface.sv:81$2457'.
  created $adff cell `$procdff$20236' with positive edge clock and negative level reset.
Creating register for signal `$paramod$5ff19c0ce473189292aafc7f2ccdeae6cf22053c\spi_slave.$lookahead\rx_data$2456' using process `$paramod$5ff19c0ce473189292aafc7f2ccdeae6cf22053c\spi_slave.$proc$/openlane/kws/src/interface.sv:81$2457'.
  created $adff cell `$procdff$20237' with positive edge clock and negative level reset.
Creating register for signal `$paramod$5ff19c0ce473189292aafc7f2ccdeae6cf22053c\spi_slave.\sclk_s1' using process `$paramod$5ff19c0ce473189292aafc7f2ccdeae6cf22053c\spi_slave.$proc$/openlane/kws/src/interface.sv:53$2446'.
  created $adff cell `$procdff$20238' with positive edge clock and negative level reset.
Creating register for signal `$paramod$5ff19c0ce473189292aafc7f2ccdeae6cf22053c\spi_slave.\sclk_s2' using process `$paramod$5ff19c0ce473189292aafc7f2ccdeae6cf22053c\spi_slave.$proc$/openlane/kws/src/interface.sv:53$2446'.
  created $adff cell `$procdff$20239' with positive edge clock and negative level reset.
Creating register for signal `$paramod$5ff19c0ce473189292aafc7f2ccdeae6cf22053c\spi_slave.\sclk_s3' using process `$paramod$5ff19c0ce473189292aafc7f2ccdeae6cf22053c\spi_slave.$proc$/openlane/kws/src/interface.sv:53$2446'.
  created $adff cell `$procdff$20240' with positive edge clock and negative level reset.
Creating register for signal `$paramod$5ff19c0ce473189292aafc7f2ccdeae6cf22053c\spi_slave.\cs_s1' using process `$paramod$5ff19c0ce473189292aafc7f2ccdeae6cf22053c\spi_slave.$proc$/openlane/kws/src/interface.sv:53$2446'.
  created $adff cell `$procdff$20241' with positive edge clock and negative level reset.
Creating register for signal `$paramod$5ff19c0ce473189292aafc7f2ccdeae6cf22053c\spi_slave.\cs_s2' using process `$paramod$5ff19c0ce473189292aafc7f2ccdeae6cf22053c\spi_slave.$proc$/openlane/kws/src/interface.sv:53$2446'.
  created $adff cell `$procdff$20242' with positive edge clock and negative level reset.
Creating register for signal `$paramod$5ff19c0ce473189292aafc7f2ccdeae6cf22053c\spi_slave.\cs_s3' using process `$paramod$5ff19c0ce473189292aafc7f2ccdeae6cf22053c\spi_slave.$proc$/openlane/kws/src/interface.sv:53$2446'.
  created $adff cell `$procdff$20243' with positive edge clock and negative level reset.
Creating register for signal `$paramod$5ff19c0ce473189292aafc7f2ccdeae6cf22053c\spi_slave.\mosi_s1' using process `$paramod$5ff19c0ce473189292aafc7f2ccdeae6cf22053c\spi_slave.$proc$/openlane/kws/src/interface.sv:53$2446'.
  created $adff cell `$procdff$20244' with positive edge clock and negative level reset.
Creating register for signal `$paramod$5ff19c0ce473189292aafc7f2ccdeae6cf22053c\spi_slave.\mosi_s2' using process `$paramod$5ff19c0ce473189292aafc7f2ccdeae6cf22053c\spi_slave.$proc$/openlane/kws/src/interface.sv:53$2446'.
  created $adff cell `$procdff$20245' with positive edge clock and negative level reset.
Creating register for signal `\top.\tx_data' using process `\top.$proc$/openlane/kws/src/top.sv:123$2331'.
  created $dff cell `$procdff$20248' with positive edge clock.
Creating register for signal `\top.\tx_ready' using process `\top.$proc$/openlane/kws/src/top.sv:123$2331'.
  created $adff cell `$procdff$20249' with positive edge clock and negative level reset.
Creating register for signal `\top.\cc_start' using process `\top.$proc$/openlane/kws/src/top.sv:123$2331'.
  created $adff cell `$procdff$20250' with positive edge clock and negative level reset.
Creating register for signal `\top.\cc_act_in' using process `\top.$proc$/openlane/kws/src/top.sv:123$2331'.
  created $adff cell `$procdff$20251' with positive edge clock and negative level reset.
Creating register for signal `\top.\cc_act_pos' using process `\top.$proc$/openlane/kws/src/top.sv:123$2331'.
  created $adff cell `$procdff$20252' with positive edge clock and negative level reset.
Creating register for signal `\top.\cc_act_valid' using process `\top.$proc$/openlane/kws/src/top.sv:123$2331'.
  created $adff cell `$procdff$20253' with positive edge clock and negative level reset.
Creating register for signal `\top.\g_state' using process `\top.$proc$/openlane/kws/src/top.sv:123$2331'.
  created $adff cell `$procdff$20254' with positive edge clock and negative level reset.
Creating register for signal `\top.\g_pos' using process `\top.$proc$/openlane/kws/src/top.sv:123$2331'.
  created $adff cell `$procdff$20255' with positive edge clock and negative level reset.
Creating register for signal `\top.\result_buf[0]' using process `\top.$proc$/openlane/kws/src/top.sv:123$2331'.
  created $dff cell `$procdff$20258' with positive edge clock.
Creating register for signal `\top.\result_buf[1]' using process `\top.$proc$/openlane/kws/src/top.sv:123$2331'.
  created $dff cell `$procdff$20261' with positive edge clock.
Creating register for signal `\top.\result_buf[2]' using process `\top.$proc$/openlane/kws/src/top.sv:123$2331'.
  created $dff cell `$procdff$20264' with positive edge clock.
Creating register for signal `\top.\result_buf[3]' using process `\top.$proc$/openlane/kws/src/top.sv:123$2331'.
  created $dff cell `$procdff$20267' with positive edge clock.
Creating register for signal `\top.\result_buf[4]' using process `\top.$proc$/openlane/kws/src/top.sv:123$2331'.
  created $dff cell `$procdff$20270' with positive edge clock.
Creating register for signal `\top.\result_buf[5]' using process `\top.$proc$/openlane/kws/src/top.sv:123$2331'.
  created $dff cell `$procdff$20273' with positive edge clock.
Creating register for signal `\top.\result_buf[6]' using process `\top.$proc$/openlane/kws/src/top.sv:123$2331'.
  created $dff cell `$procdff$20276' with positive edge clock.
Creating register for signal `\top.\result_buf[7]' using process `\top.$proc$/openlane/kws/src/top.sv:123$2331'.
  created $dff cell `$procdff$20279' with positive edge clock.
Creating register for signal `\top.\result_buf[8]' using process `\top.$proc$/openlane/kws/src/top.sv:123$2331'.
  created $dff cell `$procdff$20282' with positive edge clock.
Creating register for signal `\top.\result_buf[9]' using process `\top.$proc$/openlane/kws/src/top.sv:123$2331'.
  created $dff cell `$procdff$20285' with positive edge clock.
Creating register for signal `\top.\result_buf[10]' using process `\top.$proc$/openlane/kws/src/top.sv:123$2331'.
  created $dff cell `$procdff$20288' with positive edge clock.
Creating register for signal `\top.\result_buf[11]' using process `\top.$proc$/openlane/kws/src/top.sv:123$2331'.
  created $dff cell `$procdff$20291' with positive edge clock.
Creating register for signal `\top.\result_buf[12]' using process `\top.$proc$/openlane/kws/src/top.sv:123$2331'.
  created $dff cell `$procdff$20294' with positive edge clock.
Creating register for signal `\top.\result_buf[13]' using process `\top.$proc$/openlane/kws/src/top.sv:123$2331'.
  created $dff cell `$procdff$20297' with positive edge clock.
Creating register for signal `\top.\result_buf[14]' using process `\top.$proc$/openlane/kws/src/top.sv:123$2331'.
  created $dff cell `$procdff$20300' with positive edge clock.
Creating register for signal `\top.\result_buf[15]' using process `\top.$proc$/openlane/kws/src/top.sv:123$2331'.
  created $dff cell `$procdff$20303' with positive edge clock.
Creating register for signal `\top.\result_buf[16]' using process `\top.$proc$/openlane/kws/src/top.sv:123$2331'.
  created $dff cell `$procdff$20306' with positive edge clock.
Creating register for signal `\top.\result_buf[17]' using process `\top.$proc$/openlane/kws/src/top.sv:123$2331'.
  created $dff cell `$procdff$20309' with positive edge clock.
Creating register for signal `\top.\result_buf[18]' using process `\top.$proc$/openlane/kws/src/top.sv:123$2331'.
  created $dff cell `$procdff$20312' with positive edge clock.
Creating register for signal `\top.\result_buf[19]' using process `\top.$proc$/openlane/kws/src/top.sv:123$2331'.
  created $dff cell `$procdff$20315' with positive edge clock.
Creating register for signal `\top.\result_buf[20]' using process `\top.$proc$/openlane/kws/src/top.sv:123$2331'.
  created $dff cell `$procdff$20318' with positive edge clock.
Creating register for signal `\top.\result_buf[21]' using process `\top.$proc$/openlane/kws/src/top.sv:123$2331'.
  created $dff cell `$procdff$20321' with positive edge clock.
Creating register for signal `\top.\result_buf[22]' using process `\top.$proc$/openlane/kws/src/top.sv:123$2331'.
  created $dff cell `$procdff$20324' with positive edge clock.
Creating register for signal `\top.\result_buf[23]' using process `\top.$proc$/openlane/kws/src/top.sv:123$2331'.
  created $dff cell `$procdff$20327' with positive edge clock.
Creating register for signal `\top.\result_buf[24]' using process `\top.$proc$/openlane/kws/src/top.sv:123$2331'.
  created $dff cell `$procdff$20330' with positive edge clock.
Creating register for signal `\top.\result_buf[25]' using process `\top.$proc$/openlane/kws/src/top.sv:123$2331'.
  created $dff cell `$procdff$20333' with positive edge clock.
Creating register for signal `\top.\result_buf[26]' using process `\top.$proc$/openlane/kws/src/top.sv:123$2331'.
  created $dff cell `$procdff$20336' with positive edge clock.
Creating register for signal `\top.\result_buf[27]' using process `\top.$proc$/openlane/kws/src/top.sv:123$2331'.
  created $dff cell `$procdff$20339' with positive edge clock.
Creating register for signal `\top.\result_buf[28]' using process `\top.$proc$/openlane/kws/src/top.sv:123$2331'.
  created $dff cell `$procdff$20342' with positive edge clock.
Creating register for signal `\top.\result_buf[29]' using process `\top.$proc$/openlane/kws/src/top.sv:123$2331'.
  created $dff cell `$procdff$20345' with positive edge clock.
Creating register for signal `\top.\result_buf[30]' using process `\top.$proc$/openlane/kws/src/top.sv:123$2331'.
  created $dff cell `$procdff$20348' with positive edge clock.
Creating register for signal `\top.\result_buf[31]' using process `\top.$proc$/openlane/kws/src/top.sv:123$2331'.
  created $dff cell `$procdff$20351' with positive edge clock.
Creating register for signal `\top.\result_buf[32]' using process `\top.$proc$/openlane/kws/src/top.sv:123$2331'.
  created $dff cell `$procdff$20354' with positive edge clock.
Creating register for signal `\top.\result_buf[33]' using process `\top.$proc$/openlane/kws/src/top.sv:123$2331'.
  created $dff cell `$procdff$20357' with positive edge clock.
Creating register for signal `\top.\result_buf[34]' using process `\top.$proc$/openlane/kws/src/top.sv:123$2331'.
  created $dff cell `$procdff$20360' with positive edge clock.
Creating register for signal `\top.\result_buf[35]' using process `\top.$proc$/openlane/kws/src/top.sv:123$2331'.
  created $dff cell `$procdff$20363' with positive edge clock.
Creating register for signal `\top.\result_buf[36]' using process `\top.$proc$/openlane/kws/src/top.sv:123$2331'.
  created $dff cell `$procdff$20366' with positive edge clock.
Creating register for signal `\top.\result_buf[37]' using process `\top.$proc$/openlane/kws/src/top.sv:123$2331'.
  created $dff cell `$procdff$20369' with positive edge clock.
Creating register for signal `\top.\result_buf[38]' using process `\top.$proc$/openlane/kws/src/top.sv:123$2331'.
  created $dff cell `$procdff$20372' with positive edge clock.
Creating register for signal `\top.\result_buf[39]' using process `\top.$proc$/openlane/kws/src/top.sv:123$2331'.
  created $dff cell `$procdff$20375' with positive edge clock.
Creating register for signal `\top.\result_buf[40]' using process `\top.$proc$/openlane/kws/src/top.sv:123$2331'.
  created $dff cell `$procdff$20378' with positive edge clock.
Creating register for signal `\top.\result_buf[41]' using process `\top.$proc$/openlane/kws/src/top.sv:123$2331'.
  created $dff cell `$procdff$20381' with positive edge clock.
Creating register for signal `\top.\result_buf[42]' using process `\top.$proc$/openlane/kws/src/top.sv:123$2331'.
  created $dff cell `$procdff$20384' with positive edge clock.
Creating register for signal `\top.\result_buf[43]' using process `\top.$proc$/openlane/kws/src/top.sv:123$2331'.
  created $dff cell `$procdff$20387' with positive edge clock.
Creating register for signal `\top.\result_buf[44]' using process `\top.$proc$/openlane/kws/src/top.sv:123$2331'.
  created $dff cell `$procdff$20390' with positive edge clock.
Creating register for signal `\top.\result_buf[45]' using process `\top.$proc$/openlane/kws/src/top.sv:123$2331'.
  created $dff cell `$procdff$20393' with positive edge clock.
Creating register for signal `\top.\result_buf[46]' using process `\top.$proc$/openlane/kws/src/top.sv:123$2331'.
  created $dff cell `$procdff$20396' with positive edge clock.
Creating register for signal `\top.\result_buf[47]' using process `\top.$proc$/openlane/kws/src/top.sv:123$2331'.
  created $dff cell `$procdff$20399' with positive edge clock.
Creating register for signal `\top.\result_buf[48]' using process `\top.$proc$/openlane/kws/src/top.sv:123$2331'.
  created $dff cell `$procdff$20402' with positive edge clock.
Creating register for signal `\top.\result_buf[49]' using process `\top.$proc$/openlane/kws/src/top.sv:123$2331'.
  created $dff cell `$procdff$20405' with positive edge clock.
Creating register for signal `\top.\result_buf[50]' using process `\top.$proc$/openlane/kws/src/top.sv:123$2331'.
  created $dff cell `$procdff$20408' with positive edge clock.
Creating register for signal `\top.\result_buf[51]' using process `\top.$proc$/openlane/kws/src/top.sv:123$2331'.
  created $dff cell `$procdff$20411' with positive edge clock.
Creating register for signal `\top.\result_buf[52]' using process `\top.$proc$/openlane/kws/src/top.sv:123$2331'.
  created $dff cell `$procdff$20414' with positive edge clock.
Creating register for signal `\top.\result_buf[53]' using process `\top.$proc$/openlane/kws/src/top.sv:123$2331'.
  created $dff cell `$procdff$20417' with positive edge clock.
Creating register for signal `\top.\result_buf[54]' using process `\top.$proc$/openlane/kws/src/top.sv:123$2331'.
  created $dff cell `$procdff$20420' with positive edge clock.
Creating register for signal `\top.\result_buf[55]' using process `\top.$proc$/openlane/kws/src/top.sv:123$2331'.
  created $dff cell `$procdff$20423' with positive edge clock.
Creating register for signal `\top.\result_buf[56]' using process `\top.$proc$/openlane/kws/src/top.sv:123$2331'.
  created $dff cell `$procdff$20426' with positive edge clock.
Creating register for signal `\top.\result_buf[57]' using process `\top.$proc$/openlane/kws/src/top.sv:123$2331'.
  created $dff cell `$procdff$20429' with positive edge clock.
Creating register for signal `\top.\result_buf[58]' using process `\top.$proc$/openlane/kws/src/top.sv:123$2331'.
  created $dff cell `$procdff$20432' with positive edge clock.
Creating register for signal `\top.\result_buf[59]' using process `\top.$proc$/openlane/kws/src/top.sv:123$2331'.
  created $dff cell `$procdff$20435' with positive edge clock.
Creating register for signal `\top.\result_buf[60]' using process `\top.$proc$/openlane/kws/src/top.sv:123$2331'.
  created $dff cell `$procdff$20438' with positive edge clock.
Creating register for signal `\top.\result_buf[61]' using process `\top.$proc$/openlane/kws/src/top.sv:123$2331'.
  created $dff cell `$procdff$20441' with positive edge clock.
Creating register for signal `\top.\result_buf[62]' using process `\top.$proc$/openlane/kws/src/top.sv:123$2331'.
  created $dff cell `$procdff$20444' with positive edge clock.
Creating register for signal `\top.\result_buf[63]' using process `\top.$proc$/openlane/kws/src/top.sv:123$2331'.
  created $dff cell `$procdff$20447' with positive edge clock.
Creating register for signal `\top.$mem2reg_wr$\result_buf$/openlane/kws/src/top.sv:174$2330_ADDR' using process `\top.$proc$/openlane/kws/src/top.sv:123$2331'.
  created $adff cell `$procdff$20448' with positive edge clock and negative level reset.
Creating register for signal `\top.$mem2reg_wr$\result_buf$/openlane/kws/src/top.sv:174$2330_DATA' using process `\top.$proc$/openlane/kws/src/top.sv:123$2331'.
  created $adff cell `$procdff$20449' with positive edge clock and negative level reset.
Creating register for signal `\compute_core.\done' using process `\compute_core.$proc$/openlane/kws/src/compute_core.sv:146$205'.
  created $adff cell `$procdff$20450' with positive edge clock and negative level reset.
Creating register for signal `\compute_core.\out_data' using process `\compute_core.$proc$/openlane/kws/src/compute_core.sv:146$205'.
  created $adff cell `$procdff$20451' with positive edge clock and negative level reset.
Creating register for signal `\compute_core.\out_oc' using process `\compute_core.$proc$/openlane/kws/src/compute_core.sv:146$205'.
  created $adff cell `$procdff$20452' with positive edge clock and negative level reset.
Creating register for signal `\compute_core.\out_pos' using process `\compute_core.$proc$/openlane/kws/src/compute_core.sv:146$205'.
  created $adff cell `$procdff$20453' with positive edge clock and negative level reset.
Creating register for signal `\compute_core.\out_valid' using process `\compute_core.$proc$/openlane/kws/src/compute_core.sv:146$205'.
  created $adff cell `$procdff$20454' with positive edge clock and negative level reset.
Creating register for signal `\compute_core.\sram_csb0' using process `\compute_core.$proc$/openlane/kws/src/compute_core.sv:146$205'.
  created $adff cell `$procdff$20455' with positive edge clock and negative level reset.
Creating register for signal `\compute_core.\sram_web0' using process `\compute_core.$proc$/openlane/kws/src/compute_core.sv:146$205'.
  created $adff cell `$procdff$20456' with positive edge clock and negative level reset.
Creating register for signal `\compute_core.\sram_waddr' using process `\compute_core.$proc$/openlane/kws/src/compute_core.sv:146$205'.
  created $adff cell `$procdff$20457' with positive edge clock and negative level reset.
Creating register for signal `\compute_core.\sram_din_lo' using process `\compute_core.$proc$/openlane/kws/src/compute_core.sv:146$205'.
  created $adff cell `$procdff$20458' with positive edge clock and negative level reset.
Creating register for signal `\compute_core.\sram_din_hi' using process `\compute_core.$proc$/openlane/kws/src/compute_core.sv:146$205'.
  created $adff cell `$procdff$20459' with positive edge clock and negative level reset.
Creating register for signal `\compute_core.\sram_csb1' using process `\compute_core.$proc$/openlane/kws/src/compute_core.sv:146$205'.
  created $adff cell `$procdff$20460' with positive edge clock and negative level reset.
Creating register for signal `\compute_core.\sram_raddr' using process `\compute_core.$proc$/openlane/kws/src/compute_core.sv:146$205'.
  created $adff cell `$procdff$20461' with positive edge clock and negative level reset.
Creating register for signal `\compute_core.\state' using process `\compute_core.$proc$/openlane/kws/src/compute_core.sv:146$205'.
  created $adff cell `$procdff$20462' with positive edge clock and negative level reset.
Creating register for signal `\compute_core.\oc_cnt' using process `\compute_core.$proc$/openlane/kws/src/compute_core.sv:146$205'.
  created $adff cell `$procdff$20463' with positive edge clock and negative level reset.
Creating register for signal `\compute_core.\pos_cnt' using process `\compute_core.$proc$/openlane/kws/src/compute_core.sv:146$205'.
  created $adff cell `$procdff$20464' with positive edge clock and negative level reset.
Creating register for signal `\compute_core.\win_buf[0]' using process `\compute_core.$proc$/openlane/kws/src/compute_core.sv:146$205'.
  created $adff cell `$procdff$20465' with positive edge clock and negative level reset.
Creating register for signal `\compute_core.\win_buf[1]' using process `\compute_core.$proc$/openlane/kws/src/compute_core.sv:146$205'.
  created $adff cell `$procdff$20466' with positive edge clock and negative level reset.
Creating register for signal `\compute_core.\win_buf[2]' using process `\compute_core.$proc$/openlane/kws/src/compute_core.sv:146$205'.
  created $adff cell `$procdff$20467' with positive edge clock and negative level reset.
Creating register for signal `\compute_core.\wt_buf[0]' using process `\compute_core.$proc$/openlane/kws/src/compute_core.sv:66$194'.
  created $adff cell `$procdff$20468' with positive edge clock and negative level reset.
Creating register for signal `\compute_core.\wt_buf[1]' using process `\compute_core.$proc$/openlane/kws/src/compute_core.sv:66$194'.
  created $adff cell `$procdff$20469' with positive edge clock and negative level reset.
Creating register for signal `\compute_core.\wt_buf[2]' using process `\compute_core.$proc$/openlane/kws/src/compute_core.sv:66$194'.
  created $adff cell `$procdff$20470' with positive edge clock and negative level reset.
Creating register for signal `\compute_core.\wt_buf[3]' using process `\compute_core.$proc$/openlane/kws/src/compute_core.sv:66$194'.
  created $adff cell `$procdff$20471' with positive edge clock and negative level reset.
Creating register for signal `\compute_core.\wt_buf[4]' using process `\compute_core.$proc$/openlane/kws/src/compute_core.sv:66$194'.
  created $dff cell `$procdff$20474' with positive edge clock.
Creating register for signal `\compute_core.\wt_buf[5]' using process `\compute_core.$proc$/openlane/kws/src/compute_core.sv:66$194'.
  created $dff cell `$procdff$20477' with positive edge clock.
Creating register for signal `\compute_core.\wt_buf[6]' using process `\compute_core.$proc$/openlane/kws/src/compute_core.sv:66$194'.
  created $dff cell `$procdff$20480' with positive edge clock.
Creating register for signal `\compute_core.\wt_buf[7]' using process `\compute_core.$proc$/openlane/kws/src/compute_core.sv:66$194'.
  created $dff cell `$procdff$20483' with positive edge clock.
Creating register for signal `\compute_core.\wt_buf[8]' using process `\compute_core.$proc$/openlane/kws/src/compute_core.sv:66$194'.
  created $dff cell `$procdff$20486' with positive edge clock.
Creating register for signal `\compute_core.\wt_buf[9]' using process `\compute_core.$proc$/openlane/kws/src/compute_core.sv:66$194'.
  created $dff cell `$procdff$20489' with positive edge clock.
Creating register for signal `\compute_core.\wt_buf[10]' using process `\compute_core.$proc$/openlane/kws/src/compute_core.sv:66$194'.
  created $dff cell `$procdff$20492' with positive edge clock.
Creating register for signal `\compute_core.\wt_buf[11]' using process `\compute_core.$proc$/openlane/kws/src/compute_core.sv:66$194'.
  created $dff cell `$procdff$20495' with positive edge clock.
Creating register for signal `\compute_core.\wt_buf[12]' using process `\compute_core.$proc$/openlane/kws/src/compute_core.sv:66$194'.
  created $dff cell `$procdff$20498' with positive edge clock.
Creating register for signal `\compute_core.\wt_buf[13]' using process `\compute_core.$proc$/openlane/kws/src/compute_core.sv:66$194'.
  created $dff cell `$procdff$20501' with positive edge clock.
Creating register for signal `\compute_core.\wt_buf[14]' using process `\compute_core.$proc$/openlane/kws/src/compute_core.sv:66$194'.
  created $dff cell `$procdff$20504' with positive edge clock.
Creating register for signal `\compute_core.\wt_buf[15]' using process `\compute_core.$proc$/openlane/kws/src/compute_core.sv:66$194'.
  created $dff cell `$procdff$20507' with positive edge clock.
Creating register for signal `\compute_core.\wt_buf[16]' using process `\compute_core.$proc$/openlane/kws/src/compute_core.sv:66$194'.
  created $dff cell `$procdff$20510' with positive edge clock.
Creating register for signal `\compute_core.\wt_buf[17]' using process `\compute_core.$proc$/openlane/kws/src/compute_core.sv:66$194'.
  created $dff cell `$procdff$20513' with positive edge clock.
Creating register for signal `\compute_core.\wt_buf[18]' using process `\compute_core.$proc$/openlane/kws/src/compute_core.sv:66$194'.
  created $dff cell `$procdff$20516' with positive edge clock.
Creating register for signal `\compute_core.\wt_buf[19]' using process `\compute_core.$proc$/openlane/kws/src/compute_core.sv:66$194'.
  created $dff cell `$procdff$20519' with positive edge clock.
Creating register for signal `\compute_core.\wt_buf[20]' using process `\compute_core.$proc$/openlane/kws/src/compute_core.sv:66$194'.
  created $dff cell `$procdff$20522' with positive edge clock.
Creating register for signal `\compute_core.\wt_buf[21]' using process `\compute_core.$proc$/openlane/kws/src/compute_core.sv:66$194'.
  created $dff cell `$procdff$20525' with positive edge clock.
Creating register for signal `\compute_core.\wt_buf[22]' using process `\compute_core.$proc$/openlane/kws/src/compute_core.sv:66$194'.
  created $dff cell `$procdff$20528' with positive edge clock.
Creating register for signal `\compute_core.\wt_buf[23]' using process `\compute_core.$proc$/openlane/kws/src/compute_core.sv:66$194'.
  created $dff cell `$procdff$20531' with positive edge clock.
Creating register for signal `\compute_core.\wt_buf[24]' using process `\compute_core.$proc$/openlane/kws/src/compute_core.sv:66$194'.
  created $dff cell `$procdff$20534' with positive edge clock.
Creating register for signal `\compute_core.\wt_buf[25]' using process `\compute_core.$proc$/openlane/kws/src/compute_core.sv:66$194'.
  created $dff cell `$procdff$20537' with positive edge clock.
Creating register for signal `\compute_core.\wt_buf[26]' using process `\compute_core.$proc$/openlane/kws/src/compute_core.sv:66$194'.
  created $dff cell `$procdff$20540' with positive edge clock.
Creating register for signal `\compute_core.\wt_buf[27]' using process `\compute_core.$proc$/openlane/kws/src/compute_core.sv:66$194'.
  created $dff cell `$procdff$20543' with positive edge clock.
Creating register for signal `\compute_core.\wt_buf[28]' using process `\compute_core.$proc$/openlane/kws/src/compute_core.sv:66$194'.
  created $dff cell `$procdff$20546' with positive edge clock.
Creating register for signal `\compute_core.\wt_buf[29]' using process `\compute_core.$proc$/openlane/kws/src/compute_core.sv:66$194'.
  created $dff cell `$procdff$20549' with positive edge clock.
Creating register for signal `\compute_core.\wt_buf[30]' using process `\compute_core.$proc$/openlane/kws/src/compute_core.sv:66$194'.
  created $dff cell `$procdff$20552' with positive edge clock.
Creating register for signal `\compute_core.\wt_buf[31]' using process `\compute_core.$proc$/openlane/kws/src/compute_core.sv:66$194'.
  created $dff cell `$procdff$20555' with positive edge clock.
Creating register for signal `\compute_core.\wt_buf[32]' using process `\compute_core.$proc$/openlane/kws/src/compute_core.sv:66$194'.
  created $dff cell `$procdff$20558' with positive edge clock.
Creating register for signal `\compute_core.\wt_buf[33]' using process `\compute_core.$proc$/openlane/kws/src/compute_core.sv:66$194'.
  created $dff cell `$procdff$20561' with positive edge clock.
Creating register for signal `\compute_core.\wt_buf[34]' using process `\compute_core.$proc$/openlane/kws/src/compute_core.sv:66$194'.
  created $dff cell `$procdff$20564' with positive edge clock.
Creating register for signal `\compute_core.\wt_buf[35]' using process `\compute_core.$proc$/openlane/kws/src/compute_core.sv:66$194'.
  created $dff cell `$procdff$20567' with positive edge clock.
Creating register for signal `\compute_core.\wt_buf[36]' using process `\compute_core.$proc$/openlane/kws/src/compute_core.sv:66$194'.
  created $dff cell `$procdff$20570' with positive edge clock.
Creating register for signal `\compute_core.\wt_buf[37]' using process `\compute_core.$proc$/openlane/kws/src/compute_core.sv:66$194'.
  created $dff cell `$procdff$20573' with positive edge clock.
Creating register for signal `\compute_core.\wt_buf[38]' using process `\compute_core.$proc$/openlane/kws/src/compute_core.sv:66$194'.
  created $dff cell `$procdff$20576' with positive edge clock.
Creating register for signal `\compute_core.\wt_buf[39]' using process `\compute_core.$proc$/openlane/kws/src/compute_core.sv:66$194'.
  created $dff cell `$procdff$20579' with positive edge clock.
Creating register for signal `\compute_core.\wt_buf[40]' using process `\compute_core.$proc$/openlane/kws/src/compute_core.sv:66$194'.
  created $dff cell `$procdff$20582' with positive edge clock.
Creating register for signal `\compute_core.\wt_buf[41]' using process `\compute_core.$proc$/openlane/kws/src/compute_core.sv:66$194'.
  created $dff cell `$procdff$20585' with positive edge clock.
Creating register for signal `\compute_core.\wt_buf[42]' using process `\compute_core.$proc$/openlane/kws/src/compute_core.sv:66$194'.
  created $dff cell `$procdff$20588' with positive edge clock.
Creating register for signal `\compute_core.\wt_buf[43]' using process `\compute_core.$proc$/openlane/kws/src/compute_core.sv:66$194'.
  created $dff cell `$procdff$20591' with positive edge clock.
Creating register for signal `\compute_core.\wt_buf[44]' using process `\compute_core.$proc$/openlane/kws/src/compute_core.sv:66$194'.
  created $dff cell `$procdff$20594' with positive edge clock.
Creating register for signal `\compute_core.\wt_buf[45]' using process `\compute_core.$proc$/openlane/kws/src/compute_core.sv:66$194'.
  created $dff cell `$procdff$20597' with positive edge clock.
Creating register for signal `\compute_core.\wt_buf[46]' using process `\compute_core.$proc$/openlane/kws/src/compute_core.sv:66$194'.
  created $dff cell `$procdff$20600' with positive edge clock.
Creating register for signal `\compute_core.\wt_buf[47]' using process `\compute_core.$proc$/openlane/kws/src/compute_core.sv:66$194'.
  created $dff cell `$procdff$20603' with positive edge clock.
Creating register for signal `\compute_core.\wt_buf[48]' using process `\compute_core.$proc$/openlane/kws/src/compute_core.sv:66$194'.
  created $dff cell `$procdff$20606' with positive edge clock.
Creating register for signal `\compute_core.\wt_buf[49]' using process `\compute_core.$proc$/openlane/kws/src/compute_core.sv:66$194'.
  created $dff cell `$procdff$20609' with positive edge clock.
Creating register for signal `\compute_core.\wt_buf[50]' using process `\compute_core.$proc$/openlane/kws/src/compute_core.sv:66$194'.
  created $dff cell `$procdff$20612' with positive edge clock.
Creating register for signal `\compute_core.\wt_buf[51]' using process `\compute_core.$proc$/openlane/kws/src/compute_core.sv:66$194'.
  created $dff cell `$procdff$20615' with positive edge clock.
Creating register for signal `\compute_core.\wt_buf[52]' using process `\compute_core.$proc$/openlane/kws/src/compute_core.sv:66$194'.
  created $dff cell `$procdff$20618' with positive edge clock.
Creating register for signal `\compute_core.\wt_buf[53]' using process `\compute_core.$proc$/openlane/kws/src/compute_core.sv:66$194'.
  created $dff cell `$procdff$20621' with positive edge clock.
Creating register for signal `\compute_core.\wt_buf[54]' using process `\compute_core.$proc$/openlane/kws/src/compute_core.sv:66$194'.
  created $dff cell `$procdff$20624' with positive edge clock.
Creating register for signal `\compute_core.\wt_buf[55]' using process `\compute_core.$proc$/openlane/kws/src/compute_core.sv:66$194'.
  created $dff cell `$procdff$20627' with positive edge clock.
Creating register for signal `\compute_core.\wt_buf[56]' using process `\compute_core.$proc$/openlane/kws/src/compute_core.sv:66$194'.
  created $dff cell `$procdff$20630' with positive edge clock.
Creating register for signal `\compute_core.\wt_buf[57]' using process `\compute_core.$proc$/openlane/kws/src/compute_core.sv:66$194'.
  created $dff cell `$procdff$20633' with positive edge clock.
Creating register for signal `\compute_core.\wt_buf[58]' using process `\compute_core.$proc$/openlane/kws/src/compute_core.sv:66$194'.
  created $dff cell `$procdff$20636' with positive edge clock.
Creating register for signal `\compute_core.\wt_buf[59]' using process `\compute_core.$proc$/openlane/kws/src/compute_core.sv:66$194'.
  created $dff cell `$procdff$20639' with positive edge clock.
Creating register for signal `\compute_core.\wt_buf[60]' using process `\compute_core.$proc$/openlane/kws/src/compute_core.sv:66$194'.
  created $dff cell `$procdff$20642' with positive edge clock.
Creating register for signal `\compute_core.\wt_buf[61]' using process `\compute_core.$proc$/openlane/kws/src/compute_core.sv:66$194'.
  created $dff cell `$procdff$20645' with positive edge clock.
Creating register for signal `\compute_core.\wt_buf[62]' using process `\compute_core.$proc$/openlane/kws/src/compute_core.sv:66$194'.
  created $dff cell `$procdff$20648' with positive edge clock.
Creating register for signal `\compute_core.\wt_buf[63]' using process `\compute_core.$proc$/openlane/kws/src/compute_core.sv:66$194'.
  created $dff cell `$procdff$20651' with positive edge clock.
Creating register for signal `\compute_core.$mem2reg_wr$\wt_buf$/openlane/kws/src/compute_core.sv:71$1_ADDR' using process `\compute_core.$proc$/openlane/kws/src/compute_core.sv:66$194'.
  created $adff cell `$procdff$20652' with positive edge clock and negative level reset.
Creating register for signal `\compute_core.$mem2reg_wr$\wt_buf$/openlane/kws/src/compute_core.sv:71$1_DATA' using process `\compute_core.$proc$/openlane/kws/src/compute_core.sv:66$194'.
  created $adff cell `$procdff$20653' with positive edge clock and negative level reset.

6.10. Executing PROC_MEMWR pass (convert process memory writes to cells).

6.11. Executing PROC_CLEAN pass (remove empty switches from decision trees).
Found and cleaned up 10 empty switches in `$paramod$5ff19c0ce473189292aafc7f2ccdeae6cf22053c\spi_slave.$proc$/openlane/kws/src/interface.sv:81$2457'.
Removing empty process `$paramod$5ff19c0ce473189292aafc7f2ccdeae6cf22053c\spi_slave.$proc$/openlane/kws/src/interface.sv:81$2457'.
Removing empty process `$paramod$5ff19c0ce473189292aafc7f2ccdeae6cf22053c\spi_slave.$proc$/openlane/kws/src/interface.sv:53$2446'.
Removing empty process `top.$proc$/openlane/kws/src/top.sv:0$2385'.
Found and cleaned up 6 empty switches in `\top.$proc$/openlane/kws/src/top.sv:123$2331'.
Removing empty process `top.$proc$/openlane/kws/src/top.sv:123$2331'.
Removing empty process `compute_core.$proc$/openlane/kws/src/compute_core.sv:0$2139'.
Found and cleaned up 1 empty switch in `\compute_core.$proc$/openlane/kws/src/compute_core.sv:0$2136'.
Removing empty process `compute_core.$proc$/openlane/kws/src/compute_core.sv:0$2136'.
Found and cleaned up 1 empty switch in `\compute_core.$proc$/openlane/kws/src/compute_core.sv:0$2133'.
Removing empty process `compute_core.$proc$/openlane/kws/src/compute_core.sv:0$2133'.
Found and cleaned up 1 empty switch in `\compute_core.$proc$/openlane/kws/src/compute_core.sv:0$2130'.
Removing empty process `compute_core.$proc$/openlane/kws/src/compute_core.sv:0$2130'.
Found and cleaned up 1 empty switch in `\compute_core.$proc$/openlane/kws/src/compute_core.sv:0$2127'.
Removing empty process `compute_core.$proc$/openlane/kws/src/compute_core.sv:0$2127'.
Found and cleaned up 1 empty switch in `\compute_core.$proc$/openlane/kws/src/compute_core.sv:0$2124'.
Removing empty process `compute_core.$proc$/openlane/kws/src/compute_core.sv:0$2124'.
Found and cleaned up 1 empty switch in `\compute_core.$proc$/openlane/kws/src/compute_core.sv:0$2121'.
Removing empty process `compute_core.$proc$/openlane/kws/src/compute_core.sv:0$2121'.
Found and cleaned up 1 empty switch in `\compute_core.$proc$/openlane/kws/src/compute_core.sv:0$2118'.
Removing empty process `compute_core.$proc$/openlane/kws/src/compute_core.sv:0$2118'.
Found and cleaned up 1 empty switch in `\compute_core.$proc$/openlane/kws/src/compute_core.sv:0$2115'.
Removing empty process `compute_core.$proc$/openlane/kws/src/compute_core.sv:0$2115'.
Found and cleaned up 1 empty switch in `\compute_core.$proc$/openlane/kws/src/compute_core.sv:0$2112'.
Removing empty process `compute_core.$proc$/openlane/kws/src/compute_core.sv:0$2112'.
Found and cleaned up 1 empty switch in `\compute_core.$proc$/openlane/kws/src/compute_core.sv:0$2109'.
Removing empty process `compute_core.$proc$/openlane/kws/src/compute_core.sv:0$2109'.
Found and cleaned up 1 empty switch in `\compute_core.$proc$/openlane/kws/src/compute_core.sv:0$2106'.
Removing empty process `compute_core.$proc$/openlane/kws/src/compute_core.sv:0$2106'.
Found and cleaned up 1 empty switch in `\compute_core.$proc$/openlane/kws/src/compute_core.sv:0$2103'.
Removing empty process `compute_core.$proc$/openlane/kws/src/compute_core.sv:0$2103'.
Found and cleaned up 1 empty switch in `\compute_core.$proc$/openlane/kws/src/compute_core.sv:0$2100'.
Removing empty process `compute_core.$proc$/openlane/kws/src/compute_core.sv:0$2100'.
Found and cleaned up 1 empty switch in `\compute_core.$proc$/openlane/kws/src/compute_core.sv:0$2097'.
Removing empty process `compute_core.$proc$/openlane/kws/src/compute_core.sv:0$2097'.
Found and cleaned up 1 empty switch in `\compute_core.$proc$/openlane/kws/src/compute_core.sv:0$2094'.
Removing empty process `compute_core.$proc$/openlane/kws/src/compute_core.sv:0$2094'.
Found and cleaned up 1 empty switch in `\compute_core.$proc$/openlane/kws/src/compute_core.sv:0$2091'.
Removing empty process `compute_core.$proc$/openlane/kws/src/compute_core.sv:0$2091'.
Found and cleaned up 1 empty switch in `\compute_core.$proc$/openlane/kws/src/compute_core.sv:0$2088'.
Removing empty process `compute_core.$proc$/openlane/kws/src/compute_core.sv:0$2088'.
Found and cleaned up 1 empty switch in `\compute_core.$proc$/openlane/kws/src/compute_core.sv:0$2085'.
Removing empty process `compute_core.$proc$/openlane/kws/src/compute_core.sv:0$2085'.
Found and cleaned up 1 empty switch in `\compute_core.$proc$/openlane/kws/src/compute_core.sv:0$2082'.
Removing empty process `compute_core.$proc$/openlane/kws/src/compute_core.sv:0$2082'.
Found and cleaned up 1 empty switch in `\compute_core.$proc$/openlane/kws/src/compute_core.sv:0$2079'.
Removing empty process `compute_core.$proc$/openlane/kws/src/compute_core.sv:0$2079'.
Found and cleaned up 1 empty switch in `\compute_core.$proc$/openlane/kws/src/compute_core.sv:0$2076'.
Removing empty process `compute_core.$proc$/openlane/kws/src/compute_core.sv:0$2076'.
Found and cleaned up 1 empty switch in `\compute_core.$proc$/openlane/kws/src/compute_core.sv:0$2073'.
Removing empty process `compute_core.$proc$/openlane/kws/src/compute_core.sv:0$2073'.
Found and cleaned up 1 empty switch in `\compute_core.$proc$/openlane/kws/src/compute_core.sv:0$2070'.
Removing empty process `compute_core.$proc$/openlane/kws/src/compute_core.sv:0$2070'.
Found and cleaned up 1 empty switch in `\compute_core.$proc$/openlane/kws/src/compute_core.sv:0$2067'.
Removing empty process `compute_core.$proc$/openlane/kws/src/compute_core.sv:0$2067'.
Found and cleaned up 1 empty switch in `\compute_core.$proc$/openlane/kws/src/compute_core.sv:0$2064'.
Removing empty process `compute_core.$proc$/openlane/kws/src/compute_core.sv:0$2064'.
Found and cleaned up 1 empty switch in `\compute_core.$proc$/openlane/kws/src/compute_core.sv:0$2061'.
Removing empty process `compute_core.$proc$/openlane/kws/src/compute_core.sv:0$2061'.
Found and cleaned up 1 empty switch in `\compute_core.$proc$/openlane/kws/src/compute_core.sv:0$2058'.
Removing empty process `compute_core.$proc$/openlane/kws/src/compute_core.sv:0$2058'.
Found and cleaned up 1 empty switch in `\compute_core.$proc$/openlane/kws/src/compute_core.sv:0$2055'.
Removing empty process `compute_core.$proc$/openlane/kws/src/compute_core.sv:0$2055'.
Found and cleaned up 1 empty switch in `\compute_core.$proc$/openlane/kws/src/compute_core.sv:0$2052'.
Removing empty process `compute_core.$proc$/openlane/kws/src/compute_core.sv:0$2052'.
Found and cleaned up 1 empty switch in `\compute_core.$proc$/openlane/kws/src/compute_core.sv:0$2049'.
Removing empty process `compute_core.$proc$/openlane/kws/src/compute_core.sv:0$2049'.
Found and cleaned up 1 empty switch in `\compute_core.$proc$/openlane/kws/src/compute_core.sv:0$2046'.
Removing empty process `compute_core.$proc$/openlane/kws/src/compute_core.sv:0$2046'.
Found and cleaned up 1 empty switch in `\compute_core.$proc$/openlane/kws/src/compute_core.sv:0$2043'.
Removing empty process `compute_core.$proc$/openlane/kws/src/compute_core.sv:0$2043'.
Found and cleaned up 1 empty switch in `\compute_core.$proc$/openlane/kws/src/compute_core.sv:0$2040'.
Removing empty process `compute_core.$proc$/openlane/kws/src/compute_core.sv:0$2040'.
Found and cleaned up 1 empty switch in `\compute_core.$proc$/openlane/kws/src/compute_core.sv:0$2037'.
Removing empty process `compute_core.$proc$/openlane/kws/src/compute_core.sv:0$2037'.
Found and cleaned up 1 empty switch in `\compute_core.$proc$/openlane/kws/src/compute_core.sv:0$2034'.
Removing empty process `compute_core.$proc$/openlane/kws/src/compute_core.sv:0$2034'.
Found and cleaned up 1 empty switch in `\compute_core.$proc$/openlane/kws/src/compute_core.sv:0$2031'.
Removing empty process `compute_core.$proc$/openlane/kws/src/compute_core.sv:0$2031'.
Found and cleaned up 1 empty switch in `\compute_core.$proc$/openlane/kws/src/compute_core.sv:0$2028'.
Removing empty process `compute_core.$proc$/openlane/kws/src/compute_core.sv:0$2028'.
Found and cleaned up 1 empty switch in `\compute_core.$proc$/openlane/kws/src/compute_core.sv:0$2025'.
Removing empty process `compute_core.$proc$/openlane/kws/src/compute_core.sv:0$2025'.
Found and cleaned up 1 empty switch in `\compute_core.$proc$/openlane/kws/src/compute_core.sv:0$2022'.
Removing empty process `compute_core.$proc$/openlane/kws/src/compute_core.sv:0$2022'.
Found and cleaned up 1 empty switch in `\compute_core.$proc$/openlane/kws/src/compute_core.sv:0$2019'.
Removing empty process `compute_core.$proc$/openlane/kws/src/compute_core.sv:0$2019'.
Found and cleaned up 1 empty switch in `\compute_core.$proc$/openlane/kws/src/compute_core.sv:0$2016'.
Removing empty process `compute_core.$proc$/openlane/kws/src/compute_core.sv:0$2016'.
Found and cleaned up 1 empty switch in `\compute_core.$proc$/openlane/kws/src/compute_core.sv:0$2013'.
Removing empty process `compute_core.$proc$/openlane/kws/src/compute_core.sv:0$2013'.
Found and cleaned up 1 empty switch in `\compute_core.$proc$/openlane/kws/src/compute_core.sv:0$2010'.
Removing empty process `compute_core.$proc$/openlane/kws/src/compute_core.sv:0$2010'.
Found and cleaned up 1 empty switch in `\compute_core.$proc$/openlane/kws/src/compute_core.sv:0$2007'.
Removing empty process `compute_core.$proc$/openlane/kws/src/compute_core.sv:0$2007'.
Found and cleaned up 1 empty switch in `\compute_core.$proc$/openlane/kws/src/compute_core.sv:0$2004'.
Removing empty process `compute_core.$proc$/openlane/kws/src/compute_core.sv:0$2004'.
Found and cleaned up 1 empty switch in `\compute_core.$proc$/openlane/kws/src/compute_core.sv:0$2001'.
Removing empty process `compute_core.$proc$/openlane/kws/src/compute_core.sv:0$2001'.
Found and cleaned up 1 empty switch in `\compute_core.$proc$/openlane/kws/src/compute_core.sv:0$1998'.
Removing empty process `compute_core.$proc$/openlane/kws/src/compute_core.sv:0$1998'.
Found and cleaned up 1 empty switch in `\compute_core.$proc$/openlane/kws/src/compute_core.sv:0$1995'.
Removing empty process `compute_core.$proc$/openlane/kws/src/compute_core.sv:0$1995'.
Found and cleaned up 1 empty switch in `\compute_core.$proc$/openlane/kws/src/compute_core.sv:0$1992'.
Removing empty process `compute_core.$proc$/openlane/kws/src/compute_core.sv:0$1992'.
Found and cleaned up 1 empty switch in `\compute_core.$proc$/openlane/kws/src/compute_core.sv:0$1989'.
Removing empty process `compute_core.$proc$/openlane/kws/src/compute_core.sv:0$1989'.
Found and cleaned up 1 empty switch in `\compute_core.$proc$/openlane/kws/src/compute_core.sv:0$1986'.
Removing empty process `compute_core.$proc$/openlane/kws/src/compute_core.sv:0$1986'.
Found and cleaned up 1 empty switch in `\compute_core.$proc$/openlane/kws/src/compute_core.sv:0$1983'.
Removing empty process `compute_core.$proc$/openlane/kws/src/compute_core.sv:0$1983'.
Found and cleaned up 1 empty switch in `\compute_core.$proc$/openlane/kws/src/compute_core.sv:0$1980'.
Removing empty process `compute_core.$proc$/openlane/kws/src/compute_core.sv:0$1980'.
Found and cleaned up 1 empty switch in `\compute_core.$proc$/openlane/kws/src/compute_core.sv:0$1977'.
Removing empty process `compute_core.$proc$/openlane/kws/src/compute_core.sv:0$1977'.
Found and cleaned up 1 empty switch in `\compute_core.$proc$/openlane/kws/src/compute_core.sv:0$1974'.
Removing empty process `compute_core.$proc$/openlane/kws/src/compute_core.sv:0$1974'.
Found and cleaned up 1 empty switch in `\compute_core.$proc$/openlane/kws/src/compute_core.sv:0$1971'.
Removing empty process `compute_core.$proc$/openlane/kws/src/compute_core.sv:0$1971'.
Found and cleaned up 1 empty switch in `\compute_core.$proc$/openlane/kws/src/compute_core.sv:0$1968'.
Removing empty process `compute_core.$proc$/openlane/kws/src/compute_core.sv:0$1968'.
Found and cleaned up 1 empty switch in `\compute_core.$proc$/openlane/kws/src/compute_core.sv:0$1965'.
Removing empty process `compute_core.$proc$/openlane/kws/src/compute_core.sv:0$1965'.
Found and cleaned up 1 empty switch in `\compute_core.$proc$/openlane/kws/src/compute_core.sv:0$1962'.
Removing empty process `compute_core.$proc$/openlane/kws/src/compute_core.sv:0$1962'.
Found and cleaned up 1 empty switch in `\compute_core.$proc$/openlane/kws/src/compute_core.sv:0$1959'.
Removing empty process `compute_core.$proc$/openlane/kws/src/compute_core.sv:0$1959'.
Found and cleaned up 1 empty switch in `\compute_core.$proc$/openlane/kws/src/compute_core.sv:0$1956'.
Removing empty process `compute_core.$proc$/openlane/kws/src/compute_core.sv:0$1956'.
Found and cleaned up 1 empty switch in `\compute_core.$proc$/openlane/kws/src/compute_core.sv:0$1953'.
Removing empty process `compute_core.$proc$/openlane/kws/src/compute_core.sv:0$1953'.
Found and cleaned up 1 empty switch in `\compute_core.$proc$/openlane/kws/src/compute_core.sv:0$1950'.
Removing empty process `compute_core.$proc$/openlane/kws/src/compute_core.sv:0$1950'.
Found and cleaned up 1 empty switch in `\compute_core.$proc$/openlane/kws/src/compute_core.sv:0$1947'.
Removing empty process `compute_core.$proc$/openlane/kws/src/compute_core.sv:0$1947'.
Found and cleaned up 1 empty switch in `\compute_core.$proc$/openlane/kws/src/compute_core.sv:0$1944'.
Removing empty process `compute_core.$proc$/openlane/kws/src/compute_core.sv:0$1944'.
Found and cleaned up 1 empty switch in `\compute_core.$proc$/openlane/kws/src/compute_core.sv:0$1941'.
Removing empty process `compute_core.$proc$/openlane/kws/src/compute_core.sv:0$1941'.
Found and cleaned up 1 empty switch in `\compute_core.$proc$/openlane/kws/src/compute_core.sv:0$1938'.
Removing empty process `compute_core.$proc$/openlane/kws/src/compute_core.sv:0$1938'.
Found and cleaned up 1 empty switch in `\compute_core.$proc$/openlane/kws/src/compute_core.sv:0$1935'.
Removing empty process `compute_core.$proc$/openlane/kws/src/compute_core.sv:0$1935'.
Found and cleaned up 1 empty switch in `\compute_core.$proc$/openlane/kws/src/compute_core.sv:0$1932'.
Removing empty process `compute_core.$proc$/openlane/kws/src/compute_core.sv:0$1932'.
Found and cleaned up 1 empty switch in `\compute_core.$proc$/openlane/kws/src/compute_core.sv:0$1929'.
Removing empty process `compute_core.$proc$/openlane/kws/src/compute_core.sv:0$1929'.
Found and cleaned up 1 empty switch in `\compute_core.$proc$/openlane/kws/src/compute_core.sv:0$1926'.
Removing empty process `compute_core.$proc$/openlane/kws/src/compute_core.sv:0$1926'.
Found and cleaned up 1 empty switch in `\compute_core.$proc$/openlane/kws/src/compute_core.sv:0$1923'.
Removing empty process `compute_core.$proc$/openlane/kws/src/compute_core.sv:0$1923'.
Found and cleaned up 1 empty switch in `\compute_core.$proc$/openlane/kws/src/compute_core.sv:0$1920'.
Removing empty process `compute_core.$proc$/openlane/kws/src/compute_core.sv:0$1920'.
Found and cleaned up 1 empty switch in `\compute_core.$proc$/openlane/kws/src/compute_core.sv:0$1917'.
Removing empty process `compute_core.$proc$/openlane/kws/src/compute_core.sv:0$1917'.
Found and cleaned up 1 empty switch in `\compute_core.$proc$/openlane/kws/src/compute_core.sv:0$1914'.
Removing empty process `compute_core.$proc$/openlane/kws/src/compute_core.sv:0$1914'.
Found and cleaned up 1 empty switch in `\compute_core.$proc$/openlane/kws/src/compute_core.sv:0$1911'.
Removing empty process `compute_core.$proc$/openlane/kws/src/compute_core.sv:0$1911'.
Found and cleaned up 1 empty switch in `\compute_core.$proc$/openlane/kws/src/compute_core.sv:0$1908'.
Removing empty process `compute_core.$proc$/openlane/kws/src/compute_core.sv:0$1908'.
Found and cleaned up 1 empty switch in `\compute_core.$proc$/openlane/kws/src/compute_core.sv:0$1905'.
Removing empty process `compute_core.$proc$/openlane/kws/src/compute_core.sv:0$1905'.
Found and cleaned up 1 empty switch in `\compute_core.$proc$/openlane/kws/src/compute_core.sv:0$1902'.
Removing empty process `compute_core.$proc$/openlane/kws/src/compute_core.sv:0$1902'.
Found and cleaned up 1 empty switch in `\compute_core.$proc$/openlane/kws/src/compute_core.sv:0$1899'.
Removing empty process `compute_core.$proc$/openlane/kws/src/compute_core.sv:0$1899'.
Found and cleaned up 1 empty switch in `\compute_core.$proc$/openlane/kws/src/compute_core.sv:0$1896'.
Removing empty process `compute_core.$proc$/openlane/kws/src/compute_core.sv:0$1896'.
Found and cleaned up 1 empty switch in `\compute_core.$proc$/openlane/kws/src/compute_core.sv:0$1893'.
Removing empty process `compute_core.$proc$/openlane/kws/src/compute_core.sv:0$1893'.
Found and cleaned up 1 empty switch in `\compute_core.$proc$/openlane/kws/src/compute_core.sv:0$1890'.
Removing empty process `compute_core.$proc$/openlane/kws/src/compute_core.sv:0$1890'.
Found and cleaned up 1 empty switch in `\compute_core.$proc$/openlane/kws/src/compute_core.sv:0$1887'.
Removing empty process `compute_core.$proc$/openlane/kws/src/compute_core.sv:0$1887'.
Found and cleaned up 1 empty switch in `\compute_core.$proc$/openlane/kws/src/compute_core.sv:0$1884'.
Removing empty process `compute_core.$proc$/openlane/kws/src/compute_core.sv:0$1884'.
Found and cleaned up 1 empty switch in `\compute_core.$proc$/openlane/kws/src/compute_core.sv:0$1881'.
Removing empty process `compute_core.$proc$/openlane/kws/src/compute_core.sv:0$1881'.
Found and cleaned up 1 empty switch in `\compute_core.$proc$/openlane/kws/src/compute_core.sv:0$1878'.
Removing empty process `compute_core.$proc$/openlane/kws/src/compute_core.sv:0$1878'.
Found and cleaned up 1 empty switch in `\compute_core.$proc$/openlane/kws/src/compute_core.sv:0$1875'.
Removing empty process `compute_core.$proc$/openlane/kws/src/compute_core.sv:0$1875'.
Found and cleaned up 1 empty switch in `\compute_core.$proc$/openlane/kws/src/compute_core.sv:0$1872'.
Removing empty process `compute_core.$proc$/openlane/kws/src/compute_core.sv:0$1872'.
Found and cleaned up 1 empty switch in `\compute_core.$proc$/openlane/kws/src/compute_core.sv:0$1869'.
Removing empty process `compute_core.$proc$/openlane/kws/src/compute_core.sv:0$1869'.
Found and cleaned up 1 empty switch in `\compute_core.$proc$/openlane/kws/src/compute_core.sv:0$1866'.
Removing empty process `compute_core.$proc$/openlane/kws/src/compute_core.sv:0$1866'.
Found and cleaned up 1 empty switch in `\compute_core.$proc$/openlane/kws/src/compute_core.sv:0$1863'.
Removing empty process `compute_core.$proc$/openlane/kws/src/compute_core.sv:0$1863'.
Found and cleaned up 1 empty switch in `\compute_core.$proc$/openlane/kws/src/compute_core.sv:0$1860'.
Removing empty process `compute_core.$proc$/openlane/kws/src/compute_core.sv:0$1860'.
Found and cleaned up 1 empty switch in `\compute_core.$proc$/openlane/kws/src/compute_core.sv:0$1857'.
Removing empty process `compute_core.$proc$/openlane/kws/src/compute_core.sv:0$1857'.
Found and cleaned up 1 empty switch in `\compute_core.$proc$/openlane/kws/src/compute_core.sv:0$1854'.
Removing empty process `compute_core.$proc$/openlane/kws/src/compute_core.sv:0$1854'.
Found and cleaned up 1 empty switch in `\compute_core.$proc$/openlane/kws/src/compute_core.sv:0$1851'.
Removing empty process `compute_core.$proc$/openlane/kws/src/compute_core.sv:0$1851'.
Found and cleaned up 1 empty switch in `\compute_core.$proc$/openlane/kws/src/compute_core.sv:0$1848'.
Removing empty process `compute_core.$proc$/openlane/kws/src/compute_core.sv:0$1848'.
Found and cleaned up 1 empty switch in `\compute_core.$proc$/openlane/kws/src/compute_core.sv:0$1845'.
Removing empty process `compute_core.$proc$/openlane/kws/src/compute_core.sv:0$1845'.
Found and cleaned up 1 empty switch in `\compute_core.$proc$/openlane/kws/src/compute_core.sv:0$1842'.
Removing empty process `compute_core.$proc$/openlane/kws/src/compute_core.sv:0$1842'.
Found and cleaned up 1 empty switch in `\compute_core.$proc$/openlane/kws/src/compute_core.sv:0$1839'.
Removing empty process `compute_core.$proc$/openlane/kws/src/compute_core.sv:0$1839'.
Found and cleaned up 1 empty switch in `\compute_core.$proc$/openlane/kws/src/compute_core.sv:0$1836'.
Removing empty process `compute_core.$proc$/openlane/kws/src/compute_core.sv:0$1836'.
Found and cleaned up 1 empty switch in `\compute_core.$proc$/openlane/kws/src/compute_core.sv:0$1833'.
Removing empty process `compute_core.$proc$/openlane/kws/src/compute_core.sv:0$1833'.
Found and cleaned up 1 empty switch in `\compute_core.$proc$/openlane/kws/src/compute_core.sv:0$1830'.
Removing empty process `compute_core.$proc$/openlane/kws/src/compute_core.sv:0$1830'.
Found and cleaned up 1 empty switch in `\compute_core.$proc$/openlane/kws/src/compute_core.sv:0$1827'.
Removing empty process `compute_core.$proc$/openlane/kws/src/compute_core.sv:0$1827'.
Found and cleaned up 1 empty switch in `\compute_core.$proc$/openlane/kws/src/compute_core.sv:0$1824'.
Removing empty process `compute_core.$proc$/openlane/kws/src/compute_core.sv:0$1824'.
Found and cleaned up 1 empty switch in `\compute_core.$proc$/openlane/kws/src/compute_core.sv:0$1821'.
Removing empty process `compute_core.$proc$/openlane/kws/src/compute_core.sv:0$1821'.
Found and cleaned up 1 empty switch in `\compute_core.$proc$/openlane/kws/src/compute_core.sv:0$1818'.
Removing empty process `compute_core.$proc$/openlane/kws/src/compute_core.sv:0$1818'.
Found and cleaned up 1 empty switch in `\compute_core.$proc$/openlane/kws/src/compute_core.sv:0$1815'.
Removing empty process `compute_core.$proc$/openlane/kws/src/compute_core.sv:0$1815'.
Found and cleaned up 1 empty switch in `\compute_core.$proc$/openlane/kws/src/compute_core.sv:0$1812'.
Removing empty process `compute_core.$proc$/openlane/kws/src/compute_core.sv:0$1812'.
Found and cleaned up 1 empty switch in `\compute_core.$proc$/openlane/kws/src/compute_core.sv:0$1809'.
Removing empty process `compute_core.$proc$/openlane/kws/src/compute_core.sv:0$1809'.
Found and cleaned up 1 empty switch in `\compute_core.$proc$/openlane/kws/src/compute_core.sv:0$1806'.
Removing empty process `compute_core.$proc$/openlane/kws/src/compute_core.sv:0$1806'.
Found and cleaned up 1 empty switch in `\compute_core.$proc$/openlane/kws/src/compute_core.sv:0$1803'.
Removing empty process `compute_core.$proc$/openlane/kws/src/compute_core.sv:0$1803'.
Found and cleaned up 1 empty switch in `\compute_core.$proc$/openlane/kws/src/compute_core.sv:0$1800'.
Removing empty process `compute_core.$proc$/openlane/kws/src/compute_core.sv:0$1800'.
Found and cleaned up 1 empty switch in `\compute_core.$proc$/openlane/kws/src/compute_core.sv:0$1797'.
Removing empty process `compute_core.$proc$/openlane/kws/src/compute_core.sv:0$1797'.
Found and cleaned up 1 empty switch in `\compute_core.$proc$/openlane/kws/src/compute_core.sv:0$1794'.
Removing empty process `compute_core.$proc$/openlane/kws/src/compute_core.sv:0$1794'.
Found and cleaned up 1 empty switch in `\compute_core.$proc$/openlane/kws/src/compute_core.sv:0$1791'.
Removing empty process `compute_core.$proc$/openlane/kws/src/compute_core.sv:0$1791'.
Found and cleaned up 1 empty switch in `\compute_core.$proc$/openlane/kws/src/compute_core.sv:0$1788'.
Removing empty process `compute_core.$proc$/openlane/kws/src/compute_core.sv:0$1788'.
Found and cleaned up 1 empty switch in `\compute_core.$proc$/openlane/kws/src/compute_core.sv:0$1785'.
Removing empty process `compute_core.$proc$/openlane/kws/src/compute_core.sv:0$1785'.
Found and cleaned up 1 empty switch in `\compute_core.$proc$/openlane/kws/src/compute_core.sv:0$1782'.
Removing empty process `compute_core.$proc$/openlane/kws/src/compute_core.sv:0$1782'.
Found and cleaned up 1 empty switch in `\compute_core.$proc$/openlane/kws/src/compute_core.sv:0$1779'.
Removing empty process `compute_core.$proc$/openlane/kws/src/compute_core.sv:0$1779'.
Found and cleaned up 1 empty switch in `\compute_core.$proc$/openlane/kws/src/compute_core.sv:0$1776'.
Removing empty process `compute_core.$proc$/openlane/kws/src/compute_core.sv:0$1776'.
Found and cleaned up 1 empty switch in `\compute_core.$proc$/openlane/kws/src/compute_core.sv:0$1773'.
Removing empty process `compute_core.$proc$/openlane/kws/src/compute_core.sv:0$1773'.
Found and cleaned up 1 empty switch in `\compute_core.$proc$/openlane/kws/src/compute_core.sv:0$1770'.
Removing empty process `compute_core.$proc$/openlane/kws/src/compute_core.sv:0$1770'.
Found and cleaned up 1 empty switch in `\compute_core.$proc$/openlane/kws/src/compute_core.sv:0$1767'.
Removing empty process `compute_core.$proc$/openlane/kws/src/compute_core.sv:0$1767'.
Found and cleaned up 1 empty switch in `\compute_core.$proc$/openlane/kws/src/compute_core.sv:0$1764'.
Removing empty process `compute_core.$proc$/openlane/kws/src/compute_core.sv:0$1764'.
Found and cleaned up 1 empty switch in `\compute_core.$proc$/openlane/kws/src/compute_core.sv:0$1761'.
Removing empty process `compute_core.$proc$/openlane/kws/src/compute_core.sv:0$1761'.
Found and cleaned up 1 empty switch in `\compute_core.$proc$/openlane/kws/src/compute_core.sv:0$1758'.
Removing empty process `compute_core.$proc$/openlane/kws/src/compute_core.sv:0$1758'.
Found and cleaned up 1 empty switch in `\compute_core.$proc$/openlane/kws/src/compute_core.sv:0$1755'.
Removing empty process `compute_core.$proc$/openlane/kws/src/compute_core.sv:0$1755'.
Found and cleaned up 1 empty switch in `\compute_core.$proc$/openlane/kws/src/compute_core.sv:0$1752'.
Removing empty process `compute_core.$proc$/openlane/kws/src/compute_core.sv:0$1752'.
Found and cleaned up 1 empty switch in `\compute_core.$proc$/openlane/kws/src/compute_core.sv:0$1749'.
Removing empty process `compute_core.$proc$/openlane/kws/src/compute_core.sv:0$1749'.
Found and cleaned up 1 empty switch in `\compute_core.$proc$/openlane/kws/src/compute_core.sv:0$1746'.
Removing empty process `compute_core.$proc$/openlane/kws/src/compute_core.sv:0$1746'.
Found and cleaned up 1 empty switch in `\compute_core.$proc$/openlane/kws/src/compute_core.sv:0$1743'.
Removing empty process `compute_core.$proc$/openlane/kws/src/compute_core.sv:0$1743'.
Found and cleaned up 1 empty switch in `\compute_core.$proc$/openlane/kws/src/compute_core.sv:0$1740'.
Removing empty process `compute_core.$proc$/openlane/kws/src/compute_core.sv:0$1740'.
Found and cleaned up 1 empty switch in `\compute_core.$proc$/openlane/kws/src/compute_core.sv:0$1737'.
Removing empty process `compute_core.$proc$/openlane/kws/src/compute_core.sv:0$1737'.
Found and cleaned up 1 empty switch in `\compute_core.$proc$/openlane/kws/src/compute_core.sv:0$1734'.
Removing empty process `compute_core.$proc$/openlane/kws/src/compute_core.sv:0$1734'.
Found and cleaned up 1 empty switch in `\compute_core.$proc$/openlane/kws/src/compute_core.sv:0$1731'.
Removing empty process `compute_core.$proc$/openlane/kws/src/compute_core.sv:0$1731'.
Found and cleaned up 1 empty switch in `\compute_core.$proc$/openlane/kws/src/compute_core.sv:0$1728'.
Removing empty process `compute_core.$proc$/openlane/kws/src/compute_core.sv:0$1728'.
Found and cleaned up 1 empty switch in `\compute_core.$proc$/openlane/kws/src/compute_core.sv:0$1725'.
Removing empty process `compute_core.$proc$/openlane/kws/src/compute_core.sv:0$1725'.
Found and cleaned up 1 empty switch in `\compute_core.$proc$/openlane/kws/src/compute_core.sv:0$1722'.
Removing empty process `compute_core.$proc$/openlane/kws/src/compute_core.sv:0$1722'.
Found and cleaned up 1 empty switch in `\compute_core.$proc$/openlane/kws/src/compute_core.sv:0$1719'.
Removing empty process `compute_core.$proc$/openlane/kws/src/compute_core.sv:0$1719'.
Found and cleaned up 1 empty switch in `\compute_core.$proc$/openlane/kws/src/compute_core.sv:0$1716'.
Removing empty process `compute_core.$proc$/openlane/kws/src/compute_core.sv:0$1716'.
Found and cleaned up 1 empty switch in `\compute_core.$proc$/openlane/kws/src/compute_core.sv:0$1713'.
Removing empty process `compute_core.$proc$/openlane/kws/src/compute_core.sv:0$1713'.
Found and cleaned up 1 empty switch in `\compute_core.$proc$/openlane/kws/src/compute_core.sv:0$1710'.
Removing empty process `compute_core.$proc$/openlane/kws/src/compute_core.sv:0$1710'.
Found and cleaned up 1 empty switch in `\compute_core.$proc$/openlane/kws/src/compute_core.sv:0$1707'.
Removing empty process `compute_core.$proc$/openlane/kws/src/compute_core.sv:0$1707'.
Found and cleaned up 1 empty switch in `\compute_core.$proc$/openlane/kws/src/compute_core.sv:0$1704'.
Removing empty process `compute_core.$proc$/openlane/kws/src/compute_core.sv:0$1704'.
Found and cleaned up 1 empty switch in `\compute_core.$proc$/openlane/kws/src/compute_core.sv:0$1701'.
Removing empty process `compute_core.$proc$/openlane/kws/src/compute_core.sv:0$1701'.
Found and cleaned up 1 empty switch in `\compute_core.$proc$/openlane/kws/src/compute_core.sv:0$1698'.
Removing empty process `compute_core.$proc$/openlane/kws/src/compute_core.sv:0$1698'.
Found and cleaned up 1 empty switch in `\compute_core.$proc$/openlane/kws/src/compute_core.sv:0$1695'.
Removing empty process `compute_core.$proc$/openlane/kws/src/compute_core.sv:0$1695'.
Found and cleaned up 1 empty switch in `\compute_core.$proc$/openlane/kws/src/compute_core.sv:0$1692'.
Removing empty process `compute_core.$proc$/openlane/kws/src/compute_core.sv:0$1692'.
Found and cleaned up 1 empty switch in `\compute_core.$proc$/openlane/kws/src/compute_core.sv:0$1689'.
Removing empty process `compute_core.$proc$/openlane/kws/src/compute_core.sv:0$1689'.
Found and cleaned up 1 empty switch in `\compute_core.$proc$/openlane/kws/src/compute_core.sv:0$1686'.
Removing empty process `compute_core.$proc$/openlane/kws/src/compute_core.sv:0$1686'.
Found and cleaned up 1 empty switch in `\compute_core.$proc$/openlane/kws/src/compute_core.sv:0$1683'.
Removing empty process `compute_core.$proc$/openlane/kws/src/compute_core.sv:0$1683'.
Found and cleaned up 1 empty switch in `\compute_core.$proc$/openlane/kws/src/compute_core.sv:0$1680'.
Removing empty process `compute_core.$proc$/openlane/kws/src/compute_core.sv:0$1680'.
Found and cleaned up 1 empty switch in `\compute_core.$proc$/openlane/kws/src/compute_core.sv:0$1677'.
Removing empty process `compute_core.$proc$/openlane/kws/src/compute_core.sv:0$1677'.
Found and cleaned up 1 empty switch in `\compute_core.$proc$/openlane/kws/src/compute_core.sv:0$1674'.
Removing empty process `compute_core.$proc$/openlane/kws/src/compute_core.sv:0$1674'.
Found and cleaned up 1 empty switch in `\compute_core.$proc$/openlane/kws/src/compute_core.sv:0$1671'.
Removing empty process `compute_core.$proc$/openlane/kws/src/compute_core.sv:0$1671'.
Found and cleaned up 1 empty switch in `\compute_core.$proc$/openlane/kws/src/compute_core.sv:0$1668'.
Removing empty process `compute_core.$proc$/openlane/kws/src/compute_core.sv:0$1668'.
Found and cleaned up 1 empty switch in `\compute_core.$proc$/openlane/kws/src/compute_core.sv:0$1665'.
Removing empty process `compute_core.$proc$/openlane/kws/src/compute_core.sv:0$1665'.
Found and cleaned up 1 empty switch in `\compute_core.$proc$/openlane/kws/src/compute_core.sv:0$1662'.
Removing empty process `compute_core.$proc$/openlane/kws/src/compute_core.sv:0$1662'.
Found and cleaned up 1 empty switch in `\compute_core.$proc$/openlane/kws/src/compute_core.sv:0$1659'.
Removing empty process `compute_core.$proc$/openlane/kws/src/compute_core.sv:0$1659'.
Found and cleaned up 1 empty switch in `\compute_core.$proc$/openlane/kws/src/compute_core.sv:0$1656'.
Removing empty process `compute_core.$proc$/openlane/kws/src/compute_core.sv:0$1656'.
Found and cleaned up 1 empty switch in `\compute_core.$proc$/openlane/kws/src/compute_core.sv:0$1653'.
Removing empty process `compute_core.$proc$/openlane/kws/src/compute_core.sv:0$1653'.
Found and cleaned up 1 empty switch in `\compute_core.$proc$/openlane/kws/src/compute_core.sv:0$1650'.
Removing empty process `compute_core.$proc$/openlane/kws/src/compute_core.sv:0$1650'.
Found and cleaned up 1 empty switch in `\compute_core.$proc$/openlane/kws/src/compute_core.sv:0$1647'.
Removing empty process `compute_core.$proc$/openlane/kws/src/compute_core.sv:0$1647'.
Found and cleaned up 1 empty switch in `\compute_core.$proc$/openlane/kws/src/compute_core.sv:0$1644'.
Removing empty process `compute_core.$proc$/openlane/kws/src/compute_core.sv:0$1644'.
Found and cleaned up 1 empty switch in `\compute_core.$proc$/openlane/kws/src/compute_core.sv:0$1641'.
Removing empty process `compute_core.$proc$/openlane/kws/src/compute_core.sv:0$1641'.
Found and cleaned up 1 empty switch in `\compute_core.$proc$/openlane/kws/src/compute_core.sv:0$1638'.
Removing empty process `compute_core.$proc$/openlane/kws/src/compute_core.sv:0$1638'.
Found and cleaned up 1 empty switch in `\compute_core.$proc$/openlane/kws/src/compute_core.sv:0$1635'.
Removing empty process `compute_core.$proc$/openlane/kws/src/compute_core.sv:0$1635'.
Found and cleaned up 1 empty switch in `\compute_core.$proc$/openlane/kws/src/compute_core.sv:0$1632'.
Removing empty process `compute_core.$proc$/openlane/kws/src/compute_core.sv:0$1632'.
Found and cleaned up 1 empty switch in `\compute_core.$proc$/openlane/kws/src/compute_core.sv:0$1629'.
Removing empty process `compute_core.$proc$/openlane/kws/src/compute_core.sv:0$1629'.
Found and cleaned up 1 empty switch in `\compute_core.$proc$/openlane/kws/src/compute_core.sv:0$1626'.
Removing empty process `compute_core.$proc$/openlane/kws/src/compute_core.sv:0$1626'.
Found and cleaned up 1 empty switch in `\compute_core.$proc$/openlane/kws/src/compute_core.sv:0$1623'.
Removing empty process `compute_core.$proc$/openlane/kws/src/compute_core.sv:0$1623'.
Found and cleaned up 1 empty switch in `\compute_core.$proc$/openlane/kws/src/compute_core.sv:0$1620'.
Removing empty process `compute_core.$proc$/openlane/kws/src/compute_core.sv:0$1620'.
Found and cleaned up 1 empty switch in `\compute_core.$proc$/openlane/kws/src/compute_core.sv:0$1617'.
Removing empty process `compute_core.$proc$/openlane/kws/src/compute_core.sv:0$1617'.
Found and cleaned up 1 empty switch in `\compute_core.$proc$/openlane/kws/src/compute_core.sv:0$1614'.
Removing empty process `compute_core.$proc$/openlane/kws/src/compute_core.sv:0$1614'.
Found and cleaned up 1 empty switch in `\compute_core.$proc$/openlane/kws/src/compute_core.sv:0$1611'.
Removing empty process `compute_core.$proc$/openlane/kws/src/compute_core.sv:0$1611'.
Found and cleaned up 1 empty switch in `\compute_core.$proc$/openlane/kws/src/compute_core.sv:0$1608'.
Removing empty process `compute_core.$proc$/openlane/kws/src/compute_core.sv:0$1608'.
Found and cleaned up 1 empty switch in `\compute_core.$proc$/openlane/kws/src/compute_core.sv:0$1605'.
Removing empty process `compute_core.$proc$/openlane/kws/src/compute_core.sv:0$1605'.
Found and cleaned up 1 empty switch in `\compute_core.$proc$/openlane/kws/src/compute_core.sv:0$1602'.
Removing empty process `compute_core.$proc$/openlane/kws/src/compute_core.sv:0$1602'.
Found and cleaned up 1 empty switch in `\compute_core.$proc$/openlane/kws/src/compute_core.sv:0$1599'.
Removing empty process `compute_core.$proc$/openlane/kws/src/compute_core.sv:0$1599'.
Found and cleaned up 1 empty switch in `\compute_core.$proc$/openlane/kws/src/compute_core.sv:0$1596'.
Removing empty process `compute_core.$proc$/openlane/kws/src/compute_core.sv:0$1596'.
Found and cleaned up 1 empty switch in `\compute_core.$proc$/openlane/kws/src/compute_core.sv:0$1593'.
Removing empty process `compute_core.$proc$/openlane/kws/src/compute_core.sv:0$1593'.
Found and cleaned up 1 empty switch in `\compute_core.$proc$/openlane/kws/src/compute_core.sv:0$1590'.
Removing empty process `compute_core.$proc$/openlane/kws/src/compute_core.sv:0$1590'.
Found and cleaned up 1 empty switch in `\compute_core.$proc$/openlane/kws/src/compute_core.sv:0$1587'.
Removing empty process `compute_core.$proc$/openlane/kws/src/compute_core.sv:0$1587'.
Found and cleaned up 1 empty switch in `\compute_core.$proc$/openlane/kws/src/compute_core.sv:0$1584'.
Removing empty process `compute_core.$proc$/openlane/kws/src/compute_core.sv:0$1584'.
Found and cleaned up 1 empty switch in `\compute_core.$proc$/openlane/kws/src/compute_core.sv:0$1581'.
Removing empty process `compute_core.$proc$/openlane/kws/src/compute_core.sv:0$1581'.
Found and cleaned up 1 empty switch in `\compute_core.$proc$/openlane/kws/src/compute_core.sv:0$1578'.
Removing empty process `compute_core.$proc$/openlane/kws/src/compute_core.sv:0$1578'.
Found and cleaned up 1 empty switch in `\compute_core.$proc$/openlane/kws/src/compute_core.sv:0$1575'.
Removing empty process `compute_core.$proc$/openlane/kws/src/compute_core.sv:0$1575'.
Found and cleaned up 1 empty switch in `\compute_core.$proc$/openlane/kws/src/compute_core.sv:0$1572'.
Removing empty process `compute_core.$proc$/openlane/kws/src/compute_core.sv:0$1572'.
Found and cleaned up 1 empty switch in `\compute_core.$proc$/openlane/kws/src/compute_core.sv:0$1569'.
Removing empty process `compute_core.$proc$/openlane/kws/src/compute_core.sv:0$1569'.
Found and cleaned up 1 empty switch in `\compute_core.$proc$/openlane/kws/src/compute_core.sv:0$1566'.
Removing empty process `compute_core.$proc$/openlane/kws/src/compute_core.sv:0$1566'.
Found and cleaned up 1 empty switch in `\compute_core.$proc$/openlane/kws/src/compute_core.sv:0$1563'.
Removing empty process `compute_core.$proc$/openlane/kws/src/compute_core.sv:0$1563'.
Found and cleaned up 8 empty switches in `\compute_core.$proc$/openlane/kws/src/compute_core.sv:146$205'.
Removing empty process `compute_core.$proc$/openlane/kws/src/compute_core.sv:146$205'.
Found and cleaned up 2 empty switches in `\compute_core.$proc$/openlane/kws/src/compute_core.sv:66$194'.
Removing empty process `compute_core.$proc$/openlane/kws/src/compute_core.sv:66$194'.
Cleaned up 218 empty switches.

6.12. Executing OPT_EXPR pass (perform const folding).
Optimizing module $paramod$5ff19c0ce473189292aafc7f2ccdeae6cf22053c\spi_slave.
Optimizing module top.
<suppressed ~15 debug messages>
Optimizing module compute_core.
<suppressed ~201 debug messages>

7. Executing OPT pass (performing simple optimizations).

7.1. Executing OPT_EXPR pass (perform const folding).
Optimizing module $paramod$5ff19c0ce473189292aafc7f2ccdeae6cf22053c\spi_slave.
<suppressed ~7 debug messages>
Optimizing module top.
<suppressed ~25 debug messages>
Optimizing module compute_core.
<suppressed ~64 debug messages>

7.2. Executing OPT_MERGE pass (detect identical cells).
Finding identical cells in module `$paramod$5ff19c0ce473189292aafc7f2ccdeae6cf22053c\spi_slave'.
<suppressed ~12 debug messages>
Finding identical cells in module `\top'.
<suppressed ~276 debug messages>
Finding identical cells in module `\compute_core'.
<suppressed ~39588 debug messages>
Removed a total of 13292 cells.

7.3. Executing OPT_MUXTREE pass (detect dead branches in mux trees).
Running muxtree optimizer on module $paramod$5ff19c0ce473189292aafc7f2ccdeae6cf22053c\spi_slave..
  Creating internal representation of mux trees.
  Evaluating internal representation of mux trees.
  Analyzing evaluation results.
    dead port 1/2 on $mux $procmux$2562.
    dead port 2/2 on $mux $procmux$2562.
    dead port 1/2 on $mux $procmux$2556.
    dead port 2/2 on $mux $procmux$2556.
    dead port 1/2 on $mux $procmux$2554.
    dead port 2/2 on $mux $procmux$2554.
    dead port 2/2 on $mux $procmux$2550.
    dead port 1/2 on $mux $procmux$2544.
    dead port 2/2 on $mux $procmux$2544.
    dead port 1/2 on $mux $procmux$2542.
    dead port 2/2 on $mux $procmux$2542.
    dead port 1/2 on $mux $procmux$2540.
    dead port 2/2 on $mux $procmux$2540.
    dead port 2/2 on $mux $procmux$2535.
    dead port 2/2 on $mux $procmux$2533.
    dead port 1/2 on $mux $procmux$2526.
    dead port 2/2 on $mux $procmux$2526.
    dead port 1/2 on $mux $procmux$2524.
    dead port 2/2 on $mux $procmux$2524.
    dead port 1/2 on $mux $procmux$2522.
    dead port 2/2 on $mux $procmux$2522.
    dead port 1/2 on $mux $procmux$2520.
    dead port 2/2 on $mux $procmux$2520.
    dead port 2/2 on $mux $procmux$2514.
    dead port 2/2 on $mux $procmux$2512.
    dead port 2/2 on $mux $procmux$2510.
Running muxtree optimizer on module \top..
  Creating internal representation of mux trees.
  Evaluating internal representation of mux trees.
  Analyzing evaluation results.
    dead port 1/2 on $mux $procmux$5275.
    dead port 2/2 on $mux $procmux$5275.
    dead port 1/2 on $mux $procmux$5273.
    dead port 2/2 on $mux $procmux$5273.
    dead port 1/5 on $pmux $procmux$2692.
    dead port 2/5 on $pmux $procmux$2692.
    dead port 3/5 on $pmux $procmux$2692.
    dead port 4/5 on $pmux $procmux$2692.
    dead port 5/5 on $pmux $procmux$2692.
    dead port 1/5 on $pmux $procmux$2687.
    dead port 2/5 on $pmux $procmux$2687.
    dead port 3/5 on $pmux $procmux$2687.
    dead port 4/5 on $pmux $procmux$2687.
    dead port 5/5 on $pmux $procmux$2687.
    dead port 1/2 on $mux $procmux$2685.
    dead port 2/2 on $mux $procmux$2685.
    dead port 1/2 on $mux $procmux$2683.
    dead port 2/2 on $mux $procmux$2683.
Running muxtree optimizer on module \compute_core..
  Creating internal representation of mux trees.
  Evaluating internal representation of mux trees.
  Analyzing evaluation results.
    dead port 1/2 on $mux $procmux$17888.
    dead port 2/2 on $mux $procmux$17888.
    dead port 1/2 on $mux $procmux$17885.
    dead port 2/2 on $mux $procmux$17885.
Removed 48 multiplexer ports.
<suppressed ~554 debug messages>

7.4. Executing OPT_REDUCE pass (consolidate $*mux and $reduce_* inputs).
  Optimizing cells in module $paramod$5ff19c0ce473189292aafc7f2ccdeae6cf22053c\spi_slave.
  Optimizing cells in module \top.
  Optimizing cells in module \compute_core.
Performed a total of 0 changes.

7.5. Executing OPT_MERGE pass (detect identical cells).
Finding identical cells in module `$paramod$5ff19c0ce473189292aafc7f2ccdeae6cf22053c\spi_slave'.
Finding identical cells in module `\top'.
Finding identical cells in module `\compute_core'.
<suppressed ~579 debug messages>
Removed a total of 193 cells.

7.6. Executing OPT_DFF pass (perform DFF optimizations).
Adding EN signal on $procdff$20227 ($adff) from module $paramod$5ff19c0ce473189292aafc7f2ccdeae6cf22053c\spi_slave (D = $3$lookahead\rx_data$2456[511:0]$2470, Q = \rx_data).
Adding EN signal on $procdff$20229 ($adff) from module $paramod$5ff19c0ce473189292aafc7f2ccdeae6cf22053c\spi_slave (D = { \rx_shift [6:0] \mosi_s2 }, Q = \rx_shift).
Adding EN signal on $procdff$20232 ($adff) from module $paramod$5ff19c0ce473189292aafc7f2ccdeae6cf22053c\spi_slave (D = $procmux$2613_Y, Q = \rx_active).
Setting constant 1-bit at position 0 on $procdff$20237 ($adff) from module $paramod$5ff19c0ce473189292aafc7f2ccdeae6cf22053c\spi_slave.
Setting constant 1-bit at position 1 on $procdff$20237 ($adff) from module $paramod$5ff19c0ce473189292aafc7f2ccdeae6cf22053c\spi_slave.
Setting constant 1-bit at position 2 on $procdff$20237 ($adff) from module $paramod$5ff19c0ce473189292aafc7f2ccdeae6cf22053c\spi_slave.
Setting constant 1-bit at position 3 on $procdff$20237 ($adff) from module $paramod$5ff19c0ce473189292aafc7f2ccdeae6cf22053c\spi_slave.
Setting constant 1-bit at position 4 on $procdff$20237 ($adff) from module $paramod$5ff19c0ce473189292aafc7f2ccdeae6cf22053c\spi_slave.
Setting constant 1-bit at position 5 on $procdff$20237 ($adff) from module $paramod$5ff19c0ce473189292aafc7f2ccdeae6cf22053c\spi_slave.
Setting constant 1-bit at position 6 on $procdff$20237 ($adff) from module $paramod$5ff19c0ce473189292aafc7f2ccdeae6cf22053c\spi_slave.
Setting constant 1-bit at position 7 on $procdff$20237 ($adff) from module $paramod$5ff19c0ce473189292aafc7f2ccdeae6cf22053c\spi_slave.
Setting constant 1-bit at position 8 on $procdff$20237 ($adff) from module $paramod$5ff19c0ce473189292aafc7f2ccdeae6cf22053c\spi_slave.
Setting constant 1-bit at position 9 on $procdff$20237 ($adff) from module $paramod$5ff19c0ce473189292aafc7f2ccdeae6cf22053c\spi_slave.
Setting constant 1-bit at position 10 on $procdff$20237 ($adff) from module $paramod$5ff19c0ce473189292aafc7f2ccdeae6cf22053c\spi_slave.
Setting constant 1-bit at position 11 on $procdff$20237 ($adff) from module $paramod$5ff19c0ce473189292aafc7f2ccdeae6cf22053c\spi_slave.
Setting constant 1-bit at position 12 on $procdff$20237 ($adff) from module $paramod$5ff19c0ce473189292aafc7f2ccdeae6cf22053c\spi_slave.
Setting constant 1-bit at position 13 on $procdff$20237 ($adff) from module $paramod$5ff19c0ce473189292aafc7f2ccdeae6cf22053c\spi_slave.
Setting constant 1-bit at position 14 on $procdff$20237 ($adff) from module $paramod$5ff19c0ce473189292aafc7f2ccdeae6cf22053c\spi_slave.
Setting constant 1-bit at position 15 on $procdff$20237 ($adff) from module $paramod$5ff19c0ce473189292aafc7f2ccdeae6cf22053c\spi_slave.
Setting constant 1-bit at position 16 on $procdff$20237 ($adff) from module $paramod$5ff19c0ce473189292aafc7f2ccdeae6cf22053c\spi_slave.
Setting constant 1-bit at position 17 on $procdff$20237 ($adff) from module $paramod$5ff19c0ce473189292aafc7f2ccdeae6cf22053c\spi_slave.
Setting constant 1-bit at position 18 on $procdff$20237 ($adff) from module $paramod$5ff19c0ce473189292aafc7f2ccdeae6cf22053c\spi_slave.
Setting constant 1-bit at position 19 on $procdff$20237 ($adff) from module $paramod$5ff19c0ce473189292aafc7f2ccdeae6cf22053c\spi_slave.
Setting constant 1-bit at position 20 on $procdff$20237 ($adff) from module $paramod$5ff19c0ce473189292aafc7f2ccdeae6cf22053c\spi_slave.
Setting constant 1-bit at position 21 on $procdff$20237 ($adff) from module $paramod$5ff19c0ce473189292aafc7f2ccdeae6cf22053c\spi_slave.
Setting constant 1-bit at position 22 on $procdff$20237 ($adff) from module $paramod$5ff19c0ce473189292aafc7f2ccdeae6cf22053c\spi_slave.
Setting constant 1-bit at position 23 on $procdff$20237 ($adff) from module $paramod$5ff19c0ce473189292aafc7f2ccdeae6cf22053c\spi_slave.
Setting constant 1-bit at position 24 on $procdff$20237 ($adff) from module $paramod$5ff19c0ce473189292aafc7f2ccdeae6cf22053c\spi_slave.
Setting constant 1-bit at position 25 on $procdff$20237 ($adff) from module $paramod$5ff19c0ce473189292aafc7f2ccdeae6cf22053c\spi_slave.
Setting constant 1-bit at position 26 on $procdff$20237 ($adff) from module $paramod$5ff19c0ce473189292aafc7f2ccdeae6cf22053c\spi_slave.
Setting constant 1-bit at position 27 on $procdff$20237 ($adff) from module $paramod$5ff19c0ce473189292aafc7f2ccdeae6cf22053c\spi_slave.
Setting constant 1-bit at position 28 on $procdff$20237 ($adff) from module $paramod$5ff19c0ce473189292aafc7f2ccdeae6cf22053c\spi_slave.
Setting constant 1-bit at position 29 on $procdff$20237 ($adff) from module $paramod$5ff19c0ce473189292aafc7f2ccdeae6cf22053c\spi_slave.
Setting constant 1-bit at position 30 on $procdff$20237 ($adff) from module $paramod$5ff19c0ce473189292aafc7f2ccdeae6cf22053c\spi_slave.
Setting constant 1-bit at position 31 on $procdff$20237 ($adff) from module $paramod$5ff19c0ce473189292aafc7f2ccdeae6cf22053c\spi_slave.
Setting constant 1-bit at position 32 on $procdff$20237 ($adff) from module $paramod$5ff19c0ce473189292aafc7f2ccdeae6cf22053c\spi_slave.
Setting constant 1-bit at position 33 on $procdff$20237 ($adff) from module $paramod$5ff19c0ce473189292aafc7f2ccdeae6cf22053c\spi_slave.
Setting constant 1-bit at position 34 on $procdff$20237 ($adff) from module $paramod$5ff19c0ce473189292aafc7f2ccdeae6cf22053c\spi_slave.
Setting constant 1-bit at position 35 on $procdff$20237 ($adff) from module $paramod$5ff19c0ce473189292aafc7f2ccdeae6cf22053c\spi_slave.
Setting constant 1-bit at position 36 on $procdff$20237 ($adff) from module $paramod$5ff19c0ce473189292aafc7f2ccdeae6cf22053c\spi_slave.
Setting constant 1-bit at position 37 on $procdff$20237 ($adff) from module $paramod$5ff19c0ce473189292aafc7f2ccdeae6cf22053c\spi_slave.
Setting constant 1-bit at position 38 on $procdff$20237 ($adff) from module $paramod$5ff19c0ce473189292aafc7f2ccdeae6cf22053c\spi_slave.
Setting constant 1-bit at position 39 on $procdff$20237 ($adff) from module $paramod$5ff19c0ce473189292aafc7f2ccdeae6cf22053c\spi_slave.
Setting constant 1-bit at position 40 on $procdff$20237 ($adff) from module $paramod$5ff19c0ce473189292aafc7f2ccdeae6cf22053c\spi_slave.
Setting constant 1-bit at position 41 on $procdff$20237 ($adff) from module $paramod$5ff19c0ce473189292aafc7f2ccdeae6cf22053c\spi_slave.
Setting constant 1-bit at position 42 on $procdff$20237 ($adff) from module $paramod$5ff19c0ce473189292aafc7f2ccdeae6cf22053c\spi_slave.
Setting constant 1-bit at position 43 on $procdff$20237 ($adff) from module $paramod$5ff19c0ce473189292aafc7f2ccdeae6cf22053c\spi_slave.
Setting constant 1-bit at position 44 on $procdff$20237 ($adff) from module $paramod$5ff19c0ce473189292aafc7f2ccdeae6cf22053c\spi_slave.
Setting constant 1-bit at position 45 on $procdff$20237 ($adff) from module $paramod$5ff19c0ce473189292aafc7f2ccdeae6cf22053c\spi_slave.
Setting constant 1-bit at position 46 on $procdff$20237 ($adff) from module $paramod$5ff19c0ce473189292aafc7f2ccdeae6cf22053c\spi_slave.
Setting constant 1-bit at position 47 on $procdff$20237 ($adff) from module $paramod$5ff19c0ce473189292aafc7f2ccdeae6cf22053c\spi_slave.
Setting constant 1-bit at position 48 on $procdff$20237 ($adff) from module $paramod$5ff19c0ce473189292aafc7f2ccdeae6cf22053c\spi_slave.
Setting constant 1-bit at position 49 on $procdff$20237 ($adff) from module $paramod$5ff19c0ce473189292aafc7f2ccdeae6cf22053c\spi_slave.
Setting constant 1-bit at position 50 on $procdff$20237 ($adff) from module $paramod$5ff19c0ce473189292aafc7f2ccdeae6cf22053c\spi_slave.
Setting constant 1-bit at position 51 on $procdff$20237 ($adff) from module $paramod$5ff19c0ce473189292aafc7f2ccdeae6cf22053c\spi_slave.
Setting constant 1-bit at position 52 on $procdff$20237 ($adff) from module $paramod$5ff19c0ce473189292aafc7f2ccdeae6cf22053c\spi_slave.
Setting constant 1-bit at position 53 on $procdff$20237 ($adff) from module $paramod$5ff19c0ce473189292aafc7f2ccdeae6cf22053c\spi_slave.
Setting constant 1-bit at position 54 on $procdff$20237 ($adff) from module $paramod$5ff19c0ce473189292aafc7f2ccdeae6cf22053c\spi_slave.
Setting constant 1-bit at position 55 on $procdff$20237 ($adff) from module $paramod$5ff19c0ce473189292aafc7f2ccdeae6cf22053c\spi_slave.
Setting constant 1-bit at position 56 on $procdff$20237 ($adff) from module $paramod$5ff19c0ce473189292aafc7f2ccdeae6cf22053c\spi_slave.
Setting constant 1-bit at position 57 on $procdff$20237 ($adff) from module $paramod$5ff19c0ce473189292aafc7f2ccdeae6cf22053c\spi_slave.
Setting constant 1-bit at position 58 on $procdff$20237 ($adff) from module $paramod$5ff19c0ce473189292aafc7f2ccdeae6cf22053c\spi_slave.
Setting constant 1-bit at position 59 on $procdff$20237 ($adff) from module $paramod$5ff19c0ce473189292aafc7f2ccdeae6cf22053c\spi_slave.
Setting constant 1-bit at position 60 on $procdff$20237 ($adff) from module $paramod$5ff19c0ce473189292aafc7f2ccdeae6cf22053c\spi_slave.
Setting constant 1-bit at position 61 on $procdff$20237 ($adff) from module $paramod$5ff19c0ce473189292aafc7f2ccdeae6cf22053c\spi_slave.
Setting constant 1-bit at position 62 on $procdff$20237 ($adff) from module $paramod$5ff19c0ce473189292aafc7f2ccdeae6cf22053c\spi_slave.
Setting constant 1-bit at position 63 on $procdff$20237 ($adff) from module $paramod$5ff19c0ce473189292aafc7f2ccdeae6cf22053c\spi_slave.
Setting constant 1-bit at position 64 on $procdff$20237 ($adff) from module $paramod$5ff19c0ce473189292aafc7f2ccdeae6cf22053c\spi_slave.
Setting constant 1-bit at position 65 on $procdff$20237 ($adff) from module $paramod$5ff19c0ce473189292aafc7f2ccdeae6cf22053c\spi_slave.
Setting constant 1-bit at position 66 on $procdff$20237 ($adff) from module $paramod$5ff19c0ce473189292aafc7f2ccdeae6cf22053c\spi_slave.
Setting constant 1-bit at position 67 on $procdff$20237 ($adff) from module $paramod$5ff19c0ce473189292aafc7f2ccdeae6cf22053c\spi_slave.
Setting constant 1-bit at position 68 on $procdff$20237 ($adff) from module $paramod$5ff19c0ce473189292aafc7f2ccdeae6cf22053c\spi_slave.
Setting constant 1-bit at position 69 on $procdff$20237 ($adff) from module $paramod$5ff19c0ce473189292aafc7f2ccdeae6cf22053c\spi_slave.
Setting constant 1-bit at position 70 on $procdff$20237 ($adff) from module $paramod$5ff19c0ce473189292aafc7f2ccdeae6cf22053c\spi_slave.
Setting constant 1-bit at position 71 on $procdff$20237 ($adff) from module $paramod$5ff19c0ce473189292aafc7f2ccdeae6cf22053c\spi_slave.
Setting constant 1-bit at position 72 on $procdff$20237 ($adff) from module $paramod$5ff19c0ce473189292aafc7f2ccdeae6cf22053c\spi_slave.
Setting constant 1-bit at position 73 on $procdff$20237 ($adff) from module $paramod$5ff19c0ce473189292aafc7f2ccdeae6cf22053c\spi_slave.
Setting constant 1-bit at position 74 on $procdff$20237 ($adff) from module $paramod$5ff19c0ce473189292aafc7f2ccdeae6cf22053c\spi_slave.
Setting constant 1-bit at position 75 on $procdff$20237 ($adff) from module $paramod$5ff19c0ce473189292aafc7f2ccdeae6cf22053c\spi_slave.
Setting constant 1-bit at position 76 on $procdff$20237 ($adff) from module $paramod$5ff19c0ce473189292aafc7f2ccdeae6cf22053c\spi_slave.
Setting constant 1-bit at position 77 on $procdff$20237 ($adff) from module $paramod$5ff19c0ce473189292aafc7f2ccdeae6cf22053c\spi_slave.
Setting constant 1-bit at position 78 on $procdff$20237 ($adff) from module $paramod$5ff19c0ce473189292aafc7f2ccdeae6cf22053c\spi_slave.
Setting constant 1-bit at position 79 on $procdff$20237 ($adff) from module $paramod$5ff19c0ce473189292aafc7f2ccdeae6cf22053c\spi_slave.
Setting constant 1-bit at position 80 on $procdff$20237 ($adff) from module $paramod$5ff19c0ce473189292aafc7f2ccdeae6cf22053c\spi_slave.
Setting constant 1-bit at position 81 on $procdff$20237 ($adff) from module $paramod$5ff19c0ce473189292aafc7f2ccdeae6cf22053c\spi_slave.
Setting constant 1-bit at position 82 on $procdff$20237 ($adff) from module $paramod$5ff19c0ce473189292aafc7f2ccdeae6cf22053c\spi_slave.
Setting constant 1-bit at position 83 on $procdff$20237 ($adff) from module $paramod$5ff19c0ce473189292aafc7f2ccdeae6cf22053c\spi_slave.
Setting constant 1-bit at position 84 on $procdff$20237 ($adff) from module $paramod$5ff19c0ce473189292aafc7f2ccdeae6cf22053c\spi_slave.
Setting constant 1-bit at position 85 on $procdff$20237 ($adff) from module $paramod$5ff19c0ce473189292aafc7f2ccdeae6cf22053c\spi_slave.
Setting constant 1-bit at position 86 on $procdff$20237 ($adff) from module $paramod$5ff19c0ce473189292aafc7f2ccdeae6cf22053c\spi_slave.
Setting constant 1-bit at position 87 on $procdff$20237 ($adff) from module $paramod$5ff19c0ce473189292aafc7f2ccdeae6cf22053c\spi_slave.
Setting constant 1-bit at position 88 on $procdff$20237 ($adff) from module $paramod$5ff19c0ce473189292aafc7f2ccdeae6cf22053c\spi_slave.
Setting constant 1-bit at position 89 on $procdff$20237 ($adff) from module $paramod$5ff19c0ce473189292aafc7f2ccdeae6cf22053c\spi_slave.
Setting constant 1-bit at position 90 on $procdff$20237 ($adff) from module $paramod$5ff19c0ce473189292aafc7f2ccdeae6cf22053c\spi_slave.
Setting constant 1-bit at position 91 on $procdff$20237 ($adff) from module $paramod$5ff19c0ce473189292aafc7f2ccdeae6cf22053c\spi_slave.
Setting constant 1-bit at position 92 on $procdff$20237 ($adff) from module $paramod$5ff19c0ce473189292aafc7f2ccdeae6cf22053c\spi_slave.
Setting constant 1-bit at position 93 on $procdff$20237 ($adff) from module $paramod$5ff19c0ce473189292aafc7f2ccdeae6cf22053c\spi_slave.
Setting constant 1-bit at position 94 on $procdff$20237 ($adff) from module $paramod$5ff19c0ce473189292aafc7f2ccdeae6cf22053c\spi_slave.
Setting constant 1-bit at position 95 on $procdff$20237 ($adff) from module $paramod$5ff19c0ce473189292aafc7f2ccdeae6cf22053c\spi_slave.
Setting constant 1-bit at position 96 on $procdff$20237 ($adff) from module $paramod$5ff19c0ce473189292aafc7f2ccdeae6cf22053c\spi_slave.
Setting constant 1-bit at position 97 on $procdff$20237 ($adff) from module $paramod$5ff19c0ce473189292aafc7f2ccdeae6cf22053c\spi_slave.
Setting constant 1-bit at position 98 on $procdff$20237 ($adff) from module $paramod$5ff19c0ce473189292aafc7f2ccdeae6cf22053c\spi_slave.
Setting constant 1-bit at position 99 on $procdff$20237 ($adff) from module $paramod$5ff19c0ce473189292aafc7f2ccdeae6cf22053c\spi_slave.
Setting constant 1-bit at position 100 on $procdff$20237 ($adff) from module $paramod$5ff19c0ce473189292aafc7f2ccdeae6cf22053c\spi_slave.
Setting constant 1-bit at position 101 on $procdff$20237 ($adff) from module $paramod$5ff19c0ce473189292aafc7f2ccdeae6cf22053c\spi_slave.
Setting constant 1-bit at position 102 on $procdff$20237 ($adff) from module $paramod$5ff19c0ce473189292aafc7f2ccdeae6cf22053c\spi_slave.
Setting constant 1-bit at position 103 on $procdff$20237 ($adff) from module $paramod$5ff19c0ce473189292aafc7f2ccdeae6cf22053c\spi_slave.
Setting constant 1-bit at position 104 on $procdff$20237 ($adff) from module $paramod$5ff19c0ce473189292aafc7f2ccdeae6cf22053c\spi_slave.
Setting constant 1-bit at position 105 on $procdff$20237 ($adff) from module $paramod$5ff19c0ce473189292aafc7f2ccdeae6cf22053c\spi_slave.
Setting constant 1-bit at position 106 on $procdff$20237 ($adff) from module $paramod$5ff19c0ce473189292aafc7f2ccdeae6cf22053c\spi_slave.
Setting constant 1-bit at position 107 on $procdff$20237 ($adff) from module $paramod$5ff19c0ce473189292aafc7f2ccdeae6cf22053c\spi_slave.
Setting constant 1-bit at position 108 on $procdff$20237 ($adff) from module $paramod$5ff19c0ce473189292aafc7f2ccdeae6cf22053c\spi_slave.
Setting constant 1-bit at position 109 on $procdff$20237 ($adff) from module $paramod$5ff19c0ce473189292aafc7f2ccdeae6cf22053c\spi_slave.
Setting constant 1-bit at position 110 on $procdff$20237 ($adff) from module $paramod$5ff19c0ce473189292aafc7f2ccdeae6cf22053c\spi_slave.
Setting constant 1-bit at position 111 on $procdff$20237 ($adff) from module $paramod$5ff19c0ce473189292aafc7f2ccdeae6cf22053c\spi_slave.
Setting constant 1-bit at position 112 on $procdff$20237 ($adff) from module $paramod$5ff19c0ce473189292aafc7f2ccdeae6cf22053c\spi_slave.
Setting constant 1-bit at position 113 on $procdff$20237 ($adff) from module $paramod$5ff19c0ce473189292aafc7f2ccdeae6cf22053c\spi_slave.
Setting constant 1-bit at position 114 on $procdff$20237 ($adff) from module $paramod$5ff19c0ce473189292aafc7f2ccdeae6cf22053c\spi_slave.
Setting constant 1-bit at position 115 on $procdff$20237 ($adff) from module $paramod$5ff19c0ce473189292aafc7f2ccdeae6cf22053c\spi_slave.
Setting constant 1-bit at position 116 on $procdff$20237 ($adff) from module $paramod$5ff19c0ce473189292aafc7f2ccdeae6cf22053c\spi_slave.
Setting constant 1-bit at position 117 on $procdff$20237 ($adff) from module $paramod$5ff19c0ce473189292aafc7f2ccdeae6cf22053c\spi_slave.
Setting constant 1-bit at position 118 on $procdff$20237 ($adff) from module $paramod$5ff19c0ce473189292aafc7f2ccdeae6cf22053c\spi_slave.
Setting constant 1-bit at position 119 on $procdff$20237 ($adff) from module $paramod$5ff19c0ce473189292aafc7f2ccdeae6cf22053c\spi_slave.
Setting constant 1-bit at position 120 on $procdff$20237 ($adff) from module $paramod$5ff19c0ce473189292aafc7f2ccdeae6cf22053c\spi_slave.
Setting constant 1-bit at position 121 on $procdff$20237 ($adff) from module $paramod$5ff19c0ce473189292aafc7f2ccdeae6cf22053c\spi_slave.
Setting constant 1-bit at position 122 on $procdff$20237 ($adff) from module $paramod$5ff19c0ce473189292aafc7f2ccdeae6cf22053c\spi_slave.
Setting constant 1-bit at position 123 on $procdff$20237 ($adff) from module $paramod$5ff19c0ce473189292aafc7f2ccdeae6cf22053c\spi_slave.
Setting constant 1-bit at position 124 on $procdff$20237 ($adff) from module $paramod$5ff19c0ce473189292aafc7f2ccdeae6cf22053c\spi_slave.
Setting constant 1-bit at position 125 on $procdff$20237 ($adff) from module $paramod$5ff19c0ce473189292aafc7f2ccdeae6cf22053c\spi_slave.
Setting constant 1-bit at position 126 on $procdff$20237 ($adff) from module $paramod$5ff19c0ce473189292aafc7f2ccdeae6cf22053c\spi_slave.
Setting constant 1-bit at position 127 on $procdff$20237 ($adff) from module $paramod$5ff19c0ce473189292aafc7f2ccdeae6cf22053c\spi_slave.
Setting constant 1-bit at position 128 on $procdff$20237 ($adff) from module $paramod$5ff19c0ce473189292aafc7f2ccdeae6cf22053c\spi_slave.
Setting constant 1-bit at position 129 on $procdff$20237 ($adff) from module $paramod$5ff19c0ce473189292aafc7f2ccdeae6cf22053c\spi_slave.
Setting constant 1-bit at position 130 on $procdff$20237 ($adff) from module $paramod$5ff19c0ce473189292aafc7f2ccdeae6cf22053c\spi_slave.
Setting constant 1-bit at position 131 on $procdff$20237 ($adff) from module $paramod$5ff19c0ce473189292aafc7f2ccdeae6cf22053c\spi_slave.
Setting constant 1-bit at position 132 on $procdff$20237 ($adff) from module $paramod$5ff19c0ce473189292aafc7f2ccdeae6cf22053c\spi_slave.
Setting constant 1-bit at position 133 on $procdff$20237 ($adff) from module $paramod$5ff19c0ce473189292aafc7f2ccdeae6cf22053c\spi_slave.
Setting constant 1-bit at position 134 on $procdff$20237 ($adff) from module $paramod$5ff19c0ce473189292aafc7f2ccdeae6cf22053c\spi_slave.
Setting constant 1-bit at position 135 on $procdff$20237 ($adff) from module $paramod$5ff19c0ce473189292aafc7f2ccdeae6cf22053c\spi_slave.
Setting constant 1-bit at position 136 on $procdff$20237 ($adff) from module $paramod$5ff19c0ce473189292aafc7f2ccdeae6cf22053c\spi_slave.
Setting constant 1-bit at position 137 on $procdff$20237 ($adff) from module $paramod$5ff19c0ce473189292aafc7f2ccdeae6cf22053c\spi_slave.
Setting constant 1-bit at position 138 on $procdff$20237 ($adff) from module $paramod$5ff19c0ce473189292aafc7f2ccdeae6cf22053c\spi_slave.
Setting constant 1-bit at position 139 on $procdff$20237 ($adff) from module $paramod$5ff19c0ce473189292aafc7f2ccdeae6cf22053c\spi_slave.
Setting constant 1-bit at position 140 on $procdff$20237 ($adff) from module $paramod$5ff19c0ce473189292aafc7f2ccdeae6cf22053c\spi_slave.
Setting constant 1-bit at position 141 on $procdff$20237 ($adff) from module $paramod$5ff19c0ce473189292aafc7f2ccdeae6cf22053c\spi_slave.
Setting constant 1-bit at position 142 on $procdff$20237 ($adff) from module $paramod$5ff19c0ce473189292aafc7f2ccdeae6cf22053c\spi_slave.
Setting constant 1-bit at position 143 on $procdff$20237 ($adff) from module $paramod$5ff19c0ce473189292aafc7f2ccdeae6cf22053c\spi_slave.
Setting constant 1-bit at position 144 on $procdff$20237 ($adff) from module $paramod$5ff19c0ce473189292aafc7f2ccdeae6cf22053c\spi_slave.
Setting constant 1-bit at position 145 on $procdff$20237 ($adff) from module $paramod$5ff19c0ce473189292aafc7f2ccdeae6cf22053c\spi_slave.
Setting constant 1-bit at position 146 on $procdff$20237 ($adff) from module $paramod$5ff19c0ce473189292aafc7f2ccdeae6cf22053c\spi_slave.
Setting constant 1-bit at position 147 on $procdff$20237 ($adff) from module $paramod$5ff19c0ce473189292aafc7f2ccdeae6cf22053c\spi_slave.
Setting constant 1-bit at position 148 on $procdff$20237 ($adff) from module $paramod$5ff19c0ce473189292aafc7f2ccdeae6cf22053c\spi_slave.
Setting constant 1-bit at position 149 on $procdff$20237 ($adff) from module $paramod$5ff19c0ce473189292aafc7f2ccdeae6cf22053c\spi_slave.
Setting constant 1-bit at position 150 on $procdff$20237 ($adff) from module $paramod$5ff19c0ce473189292aafc7f2ccdeae6cf22053c\spi_slave.
Setting constant 1-bit at position 151 on $procdff$20237 ($adff) from module $paramod$5ff19c0ce473189292aafc7f2ccdeae6cf22053c\spi_slave.
Setting constant 1-bit at position 152 on $procdff$20237 ($adff) from module $paramod$5ff19c0ce473189292aafc7f2ccdeae6cf22053c\spi_slave.
Setting constant 1-bit at position 153 on $procdff$20237 ($adff) from module $paramod$5ff19c0ce473189292aafc7f2ccdeae6cf22053c\spi_slave.
Setting constant 1-bit at position 154 on $procdff$20237 ($adff) from module $paramod$5ff19c0ce473189292aafc7f2ccdeae6cf22053c\spi_slave.
Setting constant 1-bit at position 155 on $procdff$20237 ($adff) from module $paramod$5ff19c0ce473189292aafc7f2ccdeae6cf22053c\spi_slave.
Setting constant 1-bit at position 156 on $procdff$20237 ($adff) from module $paramod$5ff19c0ce473189292aafc7f2ccdeae6cf22053c\spi_slave.
Setting constant 1-bit at position 157 on $procdff$20237 ($adff) from module $paramod$5ff19c0ce473189292aafc7f2ccdeae6cf22053c\spi_slave.
Setting constant 1-bit at position 158 on $procdff$20237 ($adff) from module $paramod$5ff19c0ce473189292aafc7f2ccdeae6cf22053c\spi_slave.
Setting constant 1-bit at position 159 on $procdff$20237 ($adff) from module $paramod$5ff19c0ce473189292aafc7f2ccdeae6cf22053c\spi_slave.
Setting constant 1-bit at position 160 on $procdff$20237 ($adff) from module $paramod$5ff19c0ce473189292aafc7f2ccdeae6cf22053c\spi_slave.
Setting constant 1-bit at position 161 on $procdff$20237 ($adff) from module $paramod$5ff19c0ce473189292aafc7f2ccdeae6cf22053c\spi_slave.
Setting constant 1-bit at position 162 on $procdff$20237 ($adff) from module $paramod$5ff19c0ce473189292aafc7f2ccdeae6cf22053c\spi_slave.
Setting constant 1-bit at position 163 on $procdff$20237 ($adff) from module $paramod$5ff19c0ce473189292aafc7f2ccdeae6cf22053c\spi_slave.
Setting constant 1-bit at position 164 on $procdff$20237 ($adff) from module $paramod$5ff19c0ce473189292aafc7f2ccdeae6cf22053c\spi_slave.
Setting constant 1-bit at position 165 on $procdff$20237 ($adff) from module $paramod$5ff19c0ce473189292aafc7f2ccdeae6cf22053c\spi_slave.
Setting constant 1-bit at position 166 on $procdff$20237 ($adff) from module $paramod$5ff19c0ce473189292aafc7f2ccdeae6cf22053c\spi_slave.
Setting constant 1-bit at position 167 on $procdff$20237 ($adff) from module $paramod$5ff19c0ce473189292aafc7f2ccdeae6cf22053c\spi_slave.
Setting constant 1-bit at position 168 on $procdff$20237 ($adff) from module $paramod$5ff19c0ce473189292aafc7f2ccdeae6cf22053c\spi_slave.
Setting constant 1-bit at position 169 on $procdff$20237 ($adff) from module $paramod$5ff19c0ce473189292aafc7f2ccdeae6cf22053c\spi_slave.
Setting constant 1-bit at position 170 on $procdff$20237 ($adff) from module $paramod$5ff19c0ce473189292aafc7f2ccdeae6cf22053c\spi_slave.
Setting constant 1-bit at position 171 on $procdff$20237 ($adff) from module $paramod$5ff19c0ce473189292aafc7f2ccdeae6cf22053c\spi_slave.
Setting constant 1-bit at position 172 on $procdff$20237 ($adff) from module $paramod$5ff19c0ce473189292aafc7f2ccdeae6cf22053c\spi_slave.
Setting constant 1-bit at position 173 on $procdff$20237 ($adff) from module $paramod$5ff19c0ce473189292aafc7f2ccdeae6cf22053c\spi_slave.
Setting constant 1-bit at position 174 on $procdff$20237 ($adff) from module $paramod$5ff19c0ce473189292aafc7f2ccdeae6cf22053c\spi_slave.
Setting constant 1-bit at position 175 on $procdff$20237 ($adff) from module $paramod$5ff19c0ce473189292aafc7f2ccdeae6cf22053c\spi_slave.
Setting constant 1-bit at position 176 on $procdff$20237 ($adff) from module $paramod$5ff19c0ce473189292aafc7f2ccdeae6cf22053c\spi_slave.
Setting constant 1-bit at position 177 on $procdff$20237 ($adff) from module $paramod$5ff19c0ce473189292aafc7f2ccdeae6cf22053c\spi_slave.
Setting constant 1-bit at position 178 on $procdff$20237 ($adff) from module $paramod$5ff19c0ce473189292aafc7f2ccdeae6cf22053c\spi_slave.
Setting constant 1-bit at position 179 on $procdff$20237 ($adff) from module $paramod$5ff19c0ce473189292aafc7f2ccdeae6cf22053c\spi_slave.
Setting constant 1-bit at position 180 on $procdff$20237 ($adff) from module $paramod$5ff19c0ce473189292aafc7f2ccdeae6cf22053c\spi_slave.
Setting constant 1-bit at position 181 on $procdff$20237 ($adff) from module $paramod$5ff19c0ce473189292aafc7f2ccdeae6cf22053c\spi_slave.
Setting constant 1-bit at position 182 on $procdff$20237 ($adff) from module $paramod$5ff19c0ce473189292aafc7f2ccdeae6cf22053c\spi_slave.
Setting constant 1-bit at position 183 on $procdff$20237 ($adff) from module $paramod$5ff19c0ce473189292aafc7f2ccdeae6cf22053c\spi_slave.
Setting constant 1-bit at position 184 on $procdff$20237 ($adff) from module $paramod$5ff19c0ce473189292aafc7f2ccdeae6cf22053c\spi_slave.
Setting constant 1-bit at position 185 on $procdff$20237 ($adff) from module $paramod$5ff19c0ce473189292aafc7f2ccdeae6cf22053c\spi_slave.
Setting constant 1-bit at position 186 on $procdff$20237 ($adff) from module $paramod$5ff19c0ce473189292aafc7f2ccdeae6cf22053c\spi_slave.
Setting constant 1-bit at position 187 on $procdff$20237 ($adff) from module $paramod$5ff19c0ce473189292aafc7f2ccdeae6cf22053c\spi_slave.
Setting constant 1-bit at position 188 on $procdff$20237 ($adff) from module $paramod$5ff19c0ce473189292aafc7f2ccdeae6cf22053c\spi_slave.
Setting constant 1-bit at position 189 on $procdff$20237 ($adff) from module $paramod$5ff19c0ce473189292aafc7f2ccdeae6cf22053c\spi_slave.
Setting constant 1-bit at position 190 on $procdff$20237 ($adff) from module $paramod$5ff19c0ce473189292aafc7f2ccdeae6cf22053c\spi_slave.
Setting constant 1-bit at position 191 on $procdff$20237 ($adff) from module $paramod$5ff19c0ce473189292aafc7f2ccdeae6cf22053c\spi_slave.
Setting constant 1-bit at position 192 on $procdff$20237 ($adff) from module $paramod$5ff19c0ce473189292aafc7f2ccdeae6cf22053c\spi_slave.
Setting constant 1-bit at position 193 on $procdff$20237 ($adff) from module $paramod$5ff19c0ce473189292aafc7f2ccdeae6cf22053c\spi_slave.
Setting constant 1-bit at position 194 on $procdff$20237 ($adff) from module $paramod$5ff19c0ce473189292aafc7f2ccdeae6cf22053c\spi_slave.
Setting constant 1-bit at position 195 on $procdff$20237 ($adff) from module $paramod$5ff19c0ce473189292aafc7f2ccdeae6cf22053c\spi_slave.
Setting constant 1-bit at position 196 on $procdff$20237 ($adff) from module $paramod$5ff19c0ce473189292aafc7f2ccdeae6cf22053c\spi_slave.
Setting constant 1-bit at position 197 on $procdff$20237 ($adff) from module $paramod$5ff19c0ce473189292aafc7f2ccdeae6cf22053c\spi_slave.
Setting constant 1-bit at position 198 on $procdff$20237 ($adff) from module $paramod$5ff19c0ce473189292aafc7f2ccdeae6cf22053c\spi_slave.
Setting constant 1-bit at position 199 on $procdff$20237 ($adff) from module $paramod$5ff19c0ce473189292aafc7f2ccdeae6cf22053c\spi_slave.
Setting constant 1-bit at position 200 on $procdff$20237 ($adff) from module $paramod$5ff19c0ce473189292aafc7f2ccdeae6cf22053c\spi_slave.
Setting constant 1-bit at position 201 on $procdff$20237 ($adff) from module $paramod$5ff19c0ce473189292aafc7f2ccdeae6cf22053c\spi_slave.
Setting constant 1-bit at position 202 on $procdff$20237 ($adff) from module $paramod$5ff19c0ce473189292aafc7f2ccdeae6cf22053c\spi_slave.
Setting constant 1-bit at position 203 on $procdff$20237 ($adff) from module $paramod$5ff19c0ce473189292aafc7f2ccdeae6cf22053c\spi_slave.
Setting constant 1-bit at position 204 on $procdff$20237 ($adff) from module $paramod$5ff19c0ce473189292aafc7f2ccdeae6cf22053c\spi_slave.
Setting constant 1-bit at position 205 on $procdff$20237 ($adff) from module $paramod$5ff19c0ce473189292aafc7f2ccdeae6cf22053c\spi_slave.
Setting constant 1-bit at position 206 on $procdff$20237 ($adff) from module $paramod$5ff19c0ce473189292aafc7f2ccdeae6cf22053c\spi_slave.
Setting constant 1-bit at position 207 on $procdff$20237 ($adff) from module $paramod$5ff19c0ce473189292aafc7f2ccdeae6cf22053c\spi_slave.
Setting constant 1-bit at position 208 on $procdff$20237 ($adff) from module $paramod$5ff19c0ce473189292aafc7f2ccdeae6cf22053c\spi_slave.
Setting constant 1-bit at position 209 on $procdff$20237 ($adff) from module $paramod$5ff19c0ce473189292aafc7f2ccdeae6cf22053c\spi_slave.
Setting constant 1-bit at position 210 on $procdff$20237 ($adff) from module $paramod$5ff19c0ce473189292aafc7f2ccdeae6cf22053c\spi_slave.
Setting constant 1-bit at position 211 on $procdff$20237 ($adff) from module $paramod$5ff19c0ce473189292aafc7f2ccdeae6cf22053c\spi_slave.
Setting constant 1-bit at position 212 on $procdff$20237 ($adff) from module $paramod$5ff19c0ce473189292aafc7f2ccdeae6cf22053c\spi_slave.
Setting constant 1-bit at position 213 on $procdff$20237 ($adff) from module $paramod$5ff19c0ce473189292aafc7f2ccdeae6cf22053c\spi_slave.
Setting constant 1-bit at position 214 on $procdff$20237 ($adff) from module $paramod$5ff19c0ce473189292aafc7f2ccdeae6cf22053c\spi_slave.
Setting constant 1-bit at position 215 on $procdff$20237 ($adff) from module $paramod$5ff19c0ce473189292aafc7f2ccdeae6cf22053c\spi_slave.
Setting constant 1-bit at position 216 on $procdff$20237 ($adff) from module $paramod$5ff19c0ce473189292aafc7f2ccdeae6cf22053c\spi_slave.
Setting constant 1-bit at position 217 on $procdff$20237 ($adff) from module $paramod$5ff19c0ce473189292aafc7f2ccdeae6cf22053c\spi_slave.
Setting constant 1-bit at position 218 on $procdff$20237 ($adff) from module $paramod$5ff19c0ce473189292aafc7f2ccdeae6cf22053c\spi_slave.
Setting constant 1-bit at position 219 on $procdff$20237 ($adff) from module $paramod$5ff19c0ce473189292aafc7f2ccdeae6cf22053c\spi_slave.
Setting constant 1-bit at position 220 on $procdff$20237 ($adff) from module $paramod$5ff19c0ce473189292aafc7f2ccdeae6cf22053c\spi_slave.
Setting constant 1-bit at position 221 on $procdff$20237 ($adff) from module $paramod$5ff19c0ce473189292aafc7f2ccdeae6cf22053c\spi_slave.
Setting constant 1-bit at position 222 on $procdff$20237 ($adff) from module $paramod$5ff19c0ce473189292aafc7f2ccdeae6cf22053c\spi_slave.
Setting constant 1-bit at position 223 on $procdff$20237 ($adff) from module $paramod$5ff19c0ce473189292aafc7f2ccdeae6cf22053c\spi_slave.
Setting constant 1-bit at position 224 on $procdff$20237 ($adff) from module $paramod$5ff19c0ce473189292aafc7f2ccdeae6cf22053c\spi_slave.
Setting constant 1-bit at position 225 on $procdff$20237 ($adff) from module $paramod$5ff19c0ce473189292aafc7f2ccdeae6cf22053c\spi_slave.
Setting constant 1-bit at position 226 on $procdff$20237 ($adff) from module $paramod$5ff19c0ce473189292aafc7f2ccdeae6cf22053c\spi_slave.
Setting constant 1-bit at position 227 on $procdff$20237 ($adff) from module $paramod$5ff19c0ce473189292aafc7f2ccdeae6cf22053c\spi_slave.
Setting constant 1-bit at position 228 on $procdff$20237 ($adff) from module $paramod$5ff19c0ce473189292aafc7f2ccdeae6cf22053c\spi_slave.
Setting constant 1-bit at position 229 on $procdff$20237 ($adff) from module $paramod$5ff19c0ce473189292aafc7f2ccdeae6cf22053c\spi_slave.
Setting constant 1-bit at position 230 on $procdff$20237 ($adff) from module $paramod$5ff19c0ce473189292aafc7f2ccdeae6cf22053c\spi_slave.
Setting constant 1-bit at position 231 on $procdff$20237 ($adff) from module $paramod$5ff19c0ce473189292aafc7f2ccdeae6cf22053c\spi_slave.
Setting constant 1-bit at position 232 on $procdff$20237 ($adff) from module $paramod$5ff19c0ce473189292aafc7f2ccdeae6cf22053c\spi_slave.
Setting constant 1-bit at position 233 on $procdff$20237 ($adff) from module $paramod$5ff19c0ce473189292aafc7f2ccdeae6cf22053c\spi_slave.
Setting constant 1-bit at position 234 on $procdff$20237 ($adff) from module $paramod$5ff19c0ce473189292aafc7f2ccdeae6cf22053c\spi_slave.
Setting constant 1-bit at position 235 on $procdff$20237 ($adff) from module $paramod$5ff19c0ce473189292aafc7f2ccdeae6cf22053c\spi_slave.
Setting constant 1-bit at position 236 on $procdff$20237 ($adff) from module $paramod$5ff19c0ce473189292aafc7f2ccdeae6cf22053c\spi_slave.
Setting constant 1-bit at position 237 on $procdff$20237 ($adff) from module $paramod$5ff19c0ce473189292aafc7f2ccdeae6cf22053c\spi_slave.
Setting constant 1-bit at position 238 on $procdff$20237 ($adff) from module $paramod$5ff19c0ce473189292aafc7f2ccdeae6cf22053c\spi_slave.
Setting constant 1-bit at position 239 on $procdff$20237 ($adff) from module $paramod$5ff19c0ce473189292aafc7f2ccdeae6cf22053c\spi_slave.
Setting constant 1-bit at position 240 on $procdff$20237 ($adff) from module $paramod$5ff19c0ce473189292aafc7f2ccdeae6cf22053c\spi_slave.
Setting constant 1-bit at position 241 on $procdff$20237 ($adff) from module $paramod$5ff19c0ce473189292aafc7f2ccdeae6cf22053c\spi_slave.
Setting constant 1-bit at position 242 on $procdff$20237 ($adff) from module $paramod$5ff19c0ce473189292aafc7f2ccdeae6cf22053c\spi_slave.
Setting constant 1-bit at position 243 on $procdff$20237 ($adff) from module $paramod$5ff19c0ce473189292aafc7f2ccdeae6cf22053c\spi_slave.
Setting constant 1-bit at position 244 on $procdff$20237 ($adff) from module $paramod$5ff19c0ce473189292aafc7f2ccdeae6cf22053c\spi_slave.
Setting constant 1-bit at position 245 on $procdff$20237 ($adff) from module $paramod$5ff19c0ce473189292aafc7f2ccdeae6cf22053c\spi_slave.
Setting constant 1-bit at position 246 on $procdff$20237 ($adff) from module $paramod$5ff19c0ce473189292aafc7f2ccdeae6cf22053c\spi_slave.
Setting constant 1-bit at position 247 on $procdff$20237 ($adff) from module $paramod$5ff19c0ce473189292aafc7f2ccdeae6cf22053c\spi_slave.
Setting constant 1-bit at position 248 on $procdff$20237 ($adff) from module $paramod$5ff19c0ce473189292aafc7f2ccdeae6cf22053c\spi_slave.
Setting constant 1-bit at position 249 on $procdff$20237 ($adff) from module $paramod$5ff19c0ce473189292aafc7f2ccdeae6cf22053c\spi_slave.
Setting constant 1-bit at position 250 on $procdff$20237 ($adff) from module $paramod$5ff19c0ce473189292aafc7f2ccdeae6cf22053c\spi_slave.
Setting constant 1-bit at position 251 on $procdff$20237 ($adff) from module $paramod$5ff19c0ce473189292aafc7f2ccdeae6cf22053c\spi_slave.
Setting constant 1-bit at position 252 on $procdff$20237 ($adff) from module $paramod$5ff19c0ce473189292aafc7f2ccdeae6cf22053c\spi_slave.
Setting constant 1-bit at position 253 on $procdff$20237 ($adff) from module $paramod$5ff19c0ce473189292aafc7f2ccdeae6cf22053c\spi_slave.
Setting constant 1-bit at position 254 on $procdff$20237 ($adff) from module $paramod$5ff19c0ce473189292aafc7f2ccdeae6cf22053c\spi_slave.
Setting constant 1-bit at position 255 on $procdff$20237 ($adff) from module $paramod$5ff19c0ce473189292aafc7f2ccdeae6cf22053c\spi_slave.
Setting constant 1-bit at position 256 on $procdff$20237 ($adff) from module $paramod$5ff19c0ce473189292aafc7f2ccdeae6cf22053c\spi_slave.
Setting constant 1-bit at position 257 on $procdff$20237 ($adff) from module $paramod$5ff19c0ce473189292aafc7f2ccdeae6cf22053c\spi_slave.
Setting constant 1-bit at position 258 on $procdff$20237 ($adff) from module $paramod$5ff19c0ce473189292aafc7f2ccdeae6cf22053c\spi_slave.
Setting constant 1-bit at position 259 on $procdff$20237 ($adff) from module $paramod$5ff19c0ce473189292aafc7f2ccdeae6cf22053c\spi_slave.
Setting constant 1-bit at position 260 on $procdff$20237 ($adff) from module $paramod$5ff19c0ce473189292aafc7f2ccdeae6cf22053c\spi_slave.
Setting constant 1-bit at position 261 on $procdff$20237 ($adff) from module $paramod$5ff19c0ce473189292aafc7f2ccdeae6cf22053c\spi_slave.
Setting constant 1-bit at position 262 on $procdff$20237 ($adff) from module $paramod$5ff19c0ce473189292aafc7f2ccdeae6cf22053c\spi_slave.
Setting constant 1-bit at position 263 on $procdff$20237 ($adff) from module $paramod$5ff19c0ce473189292aafc7f2ccdeae6cf22053c\spi_slave.
Setting constant 1-bit at position 264 on $procdff$20237 ($adff) from module $paramod$5ff19c0ce473189292aafc7f2ccdeae6cf22053c\spi_slave.
Setting constant 1-bit at position 265 on $procdff$20237 ($adff) from module $paramod$5ff19c0ce473189292aafc7f2ccdeae6cf22053c\spi_slave.
Setting constant 1-bit at position 266 on $procdff$20237 ($adff) from module $paramod$5ff19c0ce473189292aafc7f2ccdeae6cf22053c\spi_slave.
Setting constant 1-bit at position 267 on $procdff$20237 ($adff) from module $paramod$5ff19c0ce473189292aafc7f2ccdeae6cf22053c\spi_slave.
Setting constant 1-bit at position 268 on $procdff$20237 ($adff) from module $paramod$5ff19c0ce473189292aafc7f2ccdeae6cf22053c\spi_slave.
Setting constant 1-bit at position 269 on $procdff$20237 ($adff) from module $paramod$5ff19c0ce473189292aafc7f2ccdeae6cf22053c\spi_slave.
Setting constant 1-bit at position 270 on $procdff$20237 ($adff) from module $paramod$5ff19c0ce473189292aafc7f2ccdeae6cf22053c\spi_slave.
Setting constant 1-bit at position 271 on $procdff$20237 ($adff) from module $paramod$5ff19c0ce473189292aafc7f2ccdeae6cf22053c\spi_slave.
Setting constant 1-bit at position 272 on $procdff$20237 ($adff) from module $paramod$5ff19c0ce473189292aafc7f2ccdeae6cf22053c\spi_slave.
Setting constant 1-bit at position 273 on $procdff$20237 ($adff) from module $paramod$5ff19c0ce473189292aafc7f2ccdeae6cf22053c\spi_slave.
Setting constant 1-bit at position 274 on $procdff$20237 ($adff) from module $paramod$5ff19c0ce473189292aafc7f2ccdeae6cf22053c\spi_slave.
Setting constant 1-bit at position 275 on $procdff$20237 ($adff) from module $paramod$5ff19c0ce473189292aafc7f2ccdeae6cf22053c\spi_slave.
Setting constant 1-bit at position 276 on $procdff$20237 ($adff) from module $paramod$5ff19c0ce473189292aafc7f2ccdeae6cf22053c\spi_slave.
Setting constant 1-bit at position 277 on $procdff$20237 ($adff) from module $paramod$5ff19c0ce473189292aafc7f2ccdeae6cf22053c\spi_slave.
Setting constant 1-bit at position 278 on $procdff$20237 ($adff) from module $paramod$5ff19c0ce473189292aafc7f2ccdeae6cf22053c\spi_slave.
Setting constant 1-bit at position 279 on $procdff$20237 ($adff) from module $paramod$5ff19c0ce473189292aafc7f2ccdeae6cf22053c\spi_slave.
Setting constant 1-bit at position 280 on $procdff$20237 ($adff) from module $paramod$5ff19c0ce473189292aafc7f2ccdeae6cf22053c\spi_slave.
Setting constant 1-bit at position 281 on $procdff$20237 ($adff) from module $paramod$5ff19c0ce473189292aafc7f2ccdeae6cf22053c\spi_slave.
Setting constant 1-bit at position 282 on $procdff$20237 ($adff) from module $paramod$5ff19c0ce473189292aafc7f2ccdeae6cf22053c\spi_slave.
Setting constant 1-bit at position 283 on $procdff$20237 ($adff) from module $paramod$5ff19c0ce473189292aafc7f2ccdeae6cf22053c\spi_slave.
Setting constant 1-bit at position 284 on $procdff$20237 ($adff) from module $paramod$5ff19c0ce473189292aafc7f2ccdeae6cf22053c\spi_slave.
Setting constant 1-bit at position 285 on $procdff$20237 ($adff) from module $paramod$5ff19c0ce473189292aafc7f2ccdeae6cf22053c\spi_slave.
Setting constant 1-bit at position 286 on $procdff$20237 ($adff) from module $paramod$5ff19c0ce473189292aafc7f2ccdeae6cf22053c\spi_slave.
Setting constant 1-bit at position 287 on $procdff$20237 ($adff) from module $paramod$5ff19c0ce473189292aafc7f2ccdeae6cf22053c\spi_slave.
Setting constant 1-bit at position 288 on $procdff$20237 ($adff) from module $paramod$5ff19c0ce473189292aafc7f2ccdeae6cf22053c\spi_slave.
Setting constant 1-bit at position 289 on $procdff$20237 ($adff) from module $paramod$5ff19c0ce473189292aafc7f2ccdeae6cf22053c\spi_slave.
Setting constant 1-bit at position 290 on $procdff$20237 ($adff) from module $paramod$5ff19c0ce473189292aafc7f2ccdeae6cf22053c\spi_slave.
Setting constant 1-bit at position 291 on $procdff$20237 ($adff) from module $paramod$5ff19c0ce473189292aafc7f2ccdeae6cf22053c\spi_slave.
Setting constant 1-bit at position 292 on $procdff$20237 ($adff) from module $paramod$5ff19c0ce473189292aafc7f2ccdeae6cf22053c\spi_slave.
Setting constant 1-bit at position 293 on $procdff$20237 ($adff) from module $paramod$5ff19c0ce473189292aafc7f2ccdeae6cf22053c\spi_slave.
Setting constant 1-bit at position 294 on $procdff$20237 ($adff) from module $paramod$5ff19c0ce473189292aafc7f2ccdeae6cf22053c\spi_slave.
Setting constant 1-bit at position 295 on $procdff$20237 ($adff) from module $paramod$5ff19c0ce473189292aafc7f2ccdeae6cf22053c\spi_slave.
Setting constant 1-bit at position 296 on $procdff$20237 ($adff) from module $paramod$5ff19c0ce473189292aafc7f2ccdeae6cf22053c\spi_slave.
Setting constant 1-bit at position 297 on $procdff$20237 ($adff) from module $paramod$5ff19c0ce473189292aafc7f2ccdeae6cf22053c\spi_slave.
Setting constant 1-bit at position 298 on $procdff$20237 ($adff) from module $paramod$5ff19c0ce473189292aafc7f2ccdeae6cf22053c\spi_slave.
Setting constant 1-bit at position 299 on $procdff$20237 ($adff) from module $paramod$5ff19c0ce473189292aafc7f2ccdeae6cf22053c\spi_slave.
Setting constant 1-bit at position 300 on $procdff$20237 ($adff) from module $paramod$5ff19c0ce473189292aafc7f2ccdeae6cf22053c\spi_slave.
Setting constant 1-bit at position 301 on $procdff$20237 ($adff) from module $paramod$5ff19c0ce473189292aafc7f2ccdeae6cf22053c\spi_slave.
Setting constant 1-bit at position 302 on $procdff$20237 ($adff) from module $paramod$5ff19c0ce473189292aafc7f2ccdeae6cf22053c\spi_slave.
Setting constant 1-bit at position 303 on $procdff$20237 ($adff) from module $paramod$5ff19c0ce473189292aafc7f2ccdeae6cf22053c\spi_slave.
Setting constant 1-bit at position 304 on $procdff$20237 ($adff) from module $paramod$5ff19c0ce473189292aafc7f2ccdeae6cf22053c\spi_slave.
Setting constant 1-bit at position 305 on $procdff$20237 ($adff) from module $paramod$5ff19c0ce473189292aafc7f2ccdeae6cf22053c\spi_slave.
Setting constant 1-bit at position 306 on $procdff$20237 ($adff) from module $paramod$5ff19c0ce473189292aafc7f2ccdeae6cf22053c\spi_slave.
Setting constant 1-bit at position 307 on $procdff$20237 ($adff) from module $paramod$5ff19c0ce473189292aafc7f2ccdeae6cf22053c\spi_slave.
Setting constant 1-bit at position 308 on $procdff$20237 ($adff) from module $paramod$5ff19c0ce473189292aafc7f2ccdeae6cf22053c\spi_slave.
Setting constant 1-bit at position 309 on $procdff$20237 ($adff) from module $paramod$5ff19c0ce473189292aafc7f2ccdeae6cf22053c\spi_slave.
Setting constant 1-bit at position 310 on $procdff$20237 ($adff) from module $paramod$5ff19c0ce473189292aafc7f2ccdeae6cf22053c\spi_slave.
Setting constant 1-bit at position 311 on $procdff$20237 ($adff) from module $paramod$5ff19c0ce473189292aafc7f2ccdeae6cf22053c\spi_slave.
Setting constant 1-bit at position 312 on $procdff$20237 ($adff) from module $paramod$5ff19c0ce473189292aafc7f2ccdeae6cf22053c\spi_slave.
Setting constant 1-bit at position 313 on $procdff$20237 ($adff) from module $paramod$5ff19c0ce473189292aafc7f2ccdeae6cf22053c\spi_slave.
Setting constant 1-bit at position 314 on $procdff$20237 ($adff) from module $paramod$5ff19c0ce473189292aafc7f2ccdeae6cf22053c\spi_slave.
Setting constant 1-bit at position 315 on $procdff$20237 ($adff) from module $paramod$5ff19c0ce473189292aafc7f2ccdeae6cf22053c\spi_slave.
Setting constant 1-bit at position 316 on $procdff$20237 ($adff) from module $paramod$5ff19c0ce473189292aafc7f2ccdeae6cf22053c\spi_slave.
Setting constant 1-bit at position 317 on $procdff$20237 ($adff) from module $paramod$5ff19c0ce473189292aafc7f2ccdeae6cf22053c\spi_slave.
Setting constant 1-bit at position 318 on $procdff$20237 ($adff) from module $paramod$5ff19c0ce473189292aafc7f2ccdeae6cf22053c\spi_slave.
Setting constant 1-bit at position 319 on $procdff$20237 ($adff) from module $paramod$5ff19c0ce473189292aafc7f2ccdeae6cf22053c\spi_slave.
Setting constant 1-bit at position 320 on $procdff$20237 ($adff) from module $paramod$5ff19c0ce473189292aafc7f2ccdeae6cf22053c\spi_slave.
Setting constant 1-bit at position 321 on $procdff$20237 ($adff) from module $paramod$5ff19c0ce473189292aafc7f2ccdeae6cf22053c\spi_slave.
Setting constant 1-bit at position 322 on $procdff$20237 ($adff) from module $paramod$5ff19c0ce473189292aafc7f2ccdeae6cf22053c\spi_slave.
Setting constant 1-bit at position 323 on $procdff$20237 ($adff) from module $paramod$5ff19c0ce473189292aafc7f2ccdeae6cf22053c\spi_slave.
Setting constant 1-bit at position 324 on $procdff$20237 ($adff) from module $paramod$5ff19c0ce473189292aafc7f2ccdeae6cf22053c\spi_slave.
Setting constant 1-bit at position 325 on $procdff$20237 ($adff) from module $paramod$5ff19c0ce473189292aafc7f2ccdeae6cf22053c\spi_slave.
Setting constant 1-bit at position 326 on $procdff$20237 ($adff) from module $paramod$5ff19c0ce473189292aafc7f2ccdeae6cf22053c\spi_slave.
Setting constant 1-bit at position 327 on $procdff$20237 ($adff) from module $paramod$5ff19c0ce473189292aafc7f2ccdeae6cf22053c\spi_slave.
Setting constant 1-bit at position 328 on $procdff$20237 ($adff) from module $paramod$5ff19c0ce473189292aafc7f2ccdeae6cf22053c\spi_slave.
Setting constant 1-bit at position 329 on $procdff$20237 ($adff) from module $paramod$5ff19c0ce473189292aafc7f2ccdeae6cf22053c\spi_slave.
Setting constant 1-bit at position 330 on $procdff$20237 ($adff) from module $paramod$5ff19c0ce473189292aafc7f2ccdeae6cf22053c\spi_slave.
Setting constant 1-bit at position 331 on $procdff$20237 ($adff) from module $paramod$5ff19c0ce473189292aafc7f2ccdeae6cf22053c\spi_slave.
Setting constant 1-bit at position 332 on $procdff$20237 ($adff) from module $paramod$5ff19c0ce473189292aafc7f2ccdeae6cf22053c\spi_slave.
Setting constant 1-bit at position 333 on $procdff$20237 ($adff) from module $paramod$5ff19c0ce473189292aafc7f2ccdeae6cf22053c\spi_slave.
Setting constant 1-bit at position 334 on $procdff$20237 ($adff) from module $paramod$5ff19c0ce473189292aafc7f2ccdeae6cf22053c\spi_slave.
Setting constant 1-bit at position 335 on $procdff$20237 ($adff) from module $paramod$5ff19c0ce473189292aafc7f2ccdeae6cf22053c\spi_slave.
Setting constant 1-bit at position 336 on $procdff$20237 ($adff) from module $paramod$5ff19c0ce473189292aafc7f2ccdeae6cf22053c\spi_slave.
Setting constant 1-bit at position 337 on $procdff$20237 ($adff) from module $paramod$5ff19c0ce473189292aafc7f2ccdeae6cf22053c\spi_slave.
Setting constant 1-bit at position 338 on $procdff$20237 ($adff) from module $paramod$5ff19c0ce473189292aafc7f2ccdeae6cf22053c\spi_slave.
Setting constant 1-bit at position 339 on $procdff$20237 ($adff) from module $paramod$5ff19c0ce473189292aafc7f2ccdeae6cf22053c\spi_slave.
Setting constant 1-bit at position 340 on $procdff$20237 ($adff) from module $paramod$5ff19c0ce473189292aafc7f2ccdeae6cf22053c\spi_slave.
Setting constant 1-bit at position 341 on $procdff$20237 ($adff) from module $paramod$5ff19c0ce473189292aafc7f2ccdeae6cf22053c\spi_slave.
Setting constant 1-bit at position 342 on $procdff$20237 ($adff) from module $paramod$5ff19c0ce473189292aafc7f2ccdeae6cf22053c\spi_slave.
Setting constant 1-bit at position 343 on $procdff$20237 ($adff) from module $paramod$5ff19c0ce473189292aafc7f2ccdeae6cf22053c\spi_slave.
Setting constant 1-bit at position 344 on $procdff$20237 ($adff) from module $paramod$5ff19c0ce473189292aafc7f2ccdeae6cf22053c\spi_slave.
Setting constant 1-bit at position 345 on $procdff$20237 ($adff) from module $paramod$5ff19c0ce473189292aafc7f2ccdeae6cf22053c\spi_slave.
Setting constant 1-bit at position 346 on $procdff$20237 ($adff) from module $paramod$5ff19c0ce473189292aafc7f2ccdeae6cf22053c\spi_slave.
Setting constant 1-bit at position 347 on $procdff$20237 ($adff) from module $paramod$5ff19c0ce473189292aafc7f2ccdeae6cf22053c\spi_slave.
Setting constant 1-bit at position 348 on $procdff$20237 ($adff) from module $paramod$5ff19c0ce473189292aafc7f2ccdeae6cf22053c\spi_slave.
Setting constant 1-bit at position 349 on $procdff$20237 ($adff) from module $paramod$5ff19c0ce473189292aafc7f2ccdeae6cf22053c\spi_slave.
Setting constant 1-bit at position 350 on $procdff$20237 ($adff) from module $paramod$5ff19c0ce473189292aafc7f2ccdeae6cf22053c\spi_slave.
Setting constant 1-bit at position 351 on $procdff$20237 ($adff) from module $paramod$5ff19c0ce473189292aafc7f2ccdeae6cf22053c\spi_slave.
Setting constant 1-bit at position 352 on $procdff$20237 ($adff) from module $paramod$5ff19c0ce473189292aafc7f2ccdeae6cf22053c\spi_slave.
Setting constant 1-bit at position 353 on $procdff$20237 ($adff) from module $paramod$5ff19c0ce473189292aafc7f2ccdeae6cf22053c\spi_slave.
Setting constant 1-bit at position 354 on $procdff$20237 ($adff) from module $paramod$5ff19c0ce473189292aafc7f2ccdeae6cf22053c\spi_slave.
Setting constant 1-bit at position 355 on $procdff$20237 ($adff) from module $paramod$5ff19c0ce473189292aafc7f2ccdeae6cf22053c\spi_slave.
Setting constant 1-bit at position 356 on $procdff$20237 ($adff) from module $paramod$5ff19c0ce473189292aafc7f2ccdeae6cf22053c\spi_slave.
Setting constant 1-bit at position 357 on $procdff$20237 ($adff) from module $paramod$5ff19c0ce473189292aafc7f2ccdeae6cf22053c\spi_slave.
Setting constant 1-bit at position 358 on $procdff$20237 ($adff) from module $paramod$5ff19c0ce473189292aafc7f2ccdeae6cf22053c\spi_slave.
Setting constant 1-bit at position 359 on $procdff$20237 ($adff) from module $paramod$5ff19c0ce473189292aafc7f2ccdeae6cf22053c\spi_slave.
Setting constant 1-bit at position 360 on $procdff$20237 ($adff) from module $paramod$5ff19c0ce473189292aafc7f2ccdeae6cf22053c\spi_slave.
Setting constant 1-bit at position 361 on $procdff$20237 ($adff) from module $paramod$5ff19c0ce473189292aafc7f2ccdeae6cf22053c\spi_slave.
Setting constant 1-bit at position 362 on $procdff$20237 ($adff) from module $paramod$5ff19c0ce473189292aafc7f2ccdeae6cf22053c\spi_slave.
Setting constant 1-bit at position 363 on $procdff$20237 ($adff) from module $paramod$5ff19c0ce473189292aafc7f2ccdeae6cf22053c\spi_slave.
Setting constant 1-bit at position 364 on $procdff$20237 ($adff) from module $paramod$5ff19c0ce473189292aafc7f2ccdeae6cf22053c\spi_slave.
Setting constant 1-bit at position 365 on $procdff$20237 ($adff) from module $paramod$5ff19c0ce473189292aafc7f2ccdeae6cf22053c\spi_slave.
Setting constant 1-bit at position 366 on $procdff$20237 ($adff) from module $paramod$5ff19c0ce473189292aafc7f2ccdeae6cf22053c\spi_slave.
Setting constant 1-bit at position 367 on $procdff$20237 ($adff) from module $paramod$5ff19c0ce473189292aafc7f2ccdeae6cf22053c\spi_slave.
Setting constant 1-bit at position 368 on $procdff$20237 ($adff) from module $paramod$5ff19c0ce473189292aafc7f2ccdeae6cf22053c\spi_slave.
Setting constant 1-bit at position 369 on $procdff$20237 ($adff) from module $paramod$5ff19c0ce473189292aafc7f2ccdeae6cf22053c\spi_slave.
Setting constant 1-bit at position 370 on $procdff$20237 ($adff) from module $paramod$5ff19c0ce473189292aafc7f2ccdeae6cf22053c\spi_slave.
Setting constant 1-bit at position 371 on $procdff$20237 ($adff) from module $paramod$5ff19c0ce473189292aafc7f2ccdeae6cf22053c\spi_slave.
Setting constant 1-bit at position 372 on $procdff$20237 ($adff) from module $paramod$5ff19c0ce473189292aafc7f2ccdeae6cf22053c\spi_slave.
Setting constant 1-bit at position 373 on $procdff$20237 ($adff) from module $paramod$5ff19c0ce473189292aafc7f2ccdeae6cf22053c\spi_slave.
Setting constant 1-bit at position 374 on $procdff$20237 ($adff) from module $paramod$5ff19c0ce473189292aafc7f2ccdeae6cf22053c\spi_slave.
Setting constant 1-bit at position 375 on $procdff$20237 ($adff) from module $paramod$5ff19c0ce473189292aafc7f2ccdeae6cf22053c\spi_slave.
Setting constant 1-bit at position 376 on $procdff$20237 ($adff) from module $paramod$5ff19c0ce473189292aafc7f2ccdeae6cf22053c\spi_slave.
Setting constant 1-bit at position 377 on $procdff$20237 ($adff) from module $paramod$5ff19c0ce473189292aafc7f2ccdeae6cf22053c\spi_slave.
Setting constant 1-bit at position 378 on $procdff$20237 ($adff) from module $paramod$5ff19c0ce473189292aafc7f2ccdeae6cf22053c\spi_slave.
Setting constant 1-bit at position 379 on $procdff$20237 ($adff) from module $paramod$5ff19c0ce473189292aafc7f2ccdeae6cf22053c\spi_slave.
Setting constant 1-bit at position 380 on $procdff$20237 ($adff) from module $paramod$5ff19c0ce473189292aafc7f2ccdeae6cf22053c\spi_slave.
Setting constant 1-bit at position 381 on $procdff$20237 ($adff) from module $paramod$5ff19c0ce473189292aafc7f2ccdeae6cf22053c\spi_slave.
Setting constant 1-bit at position 382 on $procdff$20237 ($adff) from module $paramod$5ff19c0ce473189292aafc7f2ccdeae6cf22053c\spi_slave.
Setting constant 1-bit at position 383 on $procdff$20237 ($adff) from module $paramod$5ff19c0ce473189292aafc7f2ccdeae6cf22053c\spi_slave.
Setting constant 1-bit at position 384 on $procdff$20237 ($adff) from module $paramod$5ff19c0ce473189292aafc7f2ccdeae6cf22053c\spi_slave.
Setting constant 1-bit at position 385 on $procdff$20237 ($adff) from module $paramod$5ff19c0ce473189292aafc7f2ccdeae6cf22053c\spi_slave.
Setting constant 1-bit at position 386 on $procdff$20237 ($adff) from module $paramod$5ff19c0ce473189292aafc7f2ccdeae6cf22053c\spi_slave.
Setting constant 1-bit at position 387 on $procdff$20237 ($adff) from module $paramod$5ff19c0ce473189292aafc7f2ccdeae6cf22053c\spi_slave.
Setting constant 1-bit at position 388 on $procdff$20237 ($adff) from module $paramod$5ff19c0ce473189292aafc7f2ccdeae6cf22053c\spi_slave.
Setting constant 1-bit at position 389 on $procdff$20237 ($adff) from module $paramod$5ff19c0ce473189292aafc7f2ccdeae6cf22053c\spi_slave.
Setting constant 1-bit at position 390 on $procdff$20237 ($adff) from module $paramod$5ff19c0ce473189292aafc7f2ccdeae6cf22053c\spi_slave.
Setting constant 1-bit at position 391 on $procdff$20237 ($adff) from module $paramod$5ff19c0ce473189292aafc7f2ccdeae6cf22053c\spi_slave.
Setting constant 1-bit at position 392 on $procdff$20237 ($adff) from module $paramod$5ff19c0ce473189292aafc7f2ccdeae6cf22053c\spi_slave.
Setting constant 1-bit at position 393 on $procdff$20237 ($adff) from module $paramod$5ff19c0ce473189292aafc7f2ccdeae6cf22053c\spi_slave.
Setting constant 1-bit at position 394 on $procdff$20237 ($adff) from module $paramod$5ff19c0ce473189292aafc7f2ccdeae6cf22053c\spi_slave.
Setting constant 1-bit at position 395 on $procdff$20237 ($adff) from module $paramod$5ff19c0ce473189292aafc7f2ccdeae6cf22053c\spi_slave.
Setting constant 1-bit at position 396 on $procdff$20237 ($adff) from module $paramod$5ff19c0ce473189292aafc7f2ccdeae6cf22053c\spi_slave.
Setting constant 1-bit at position 397 on $procdff$20237 ($adff) from module $paramod$5ff19c0ce473189292aafc7f2ccdeae6cf22053c\spi_slave.
Setting constant 1-bit at position 398 on $procdff$20237 ($adff) from module $paramod$5ff19c0ce473189292aafc7f2ccdeae6cf22053c\spi_slave.
Setting constant 1-bit at position 399 on $procdff$20237 ($adff) from module $paramod$5ff19c0ce473189292aafc7f2ccdeae6cf22053c\spi_slave.
Setting constant 1-bit at position 400 on $procdff$20237 ($adff) from module $paramod$5ff19c0ce473189292aafc7f2ccdeae6cf22053c\spi_slave.
Setting constant 1-bit at position 401 on $procdff$20237 ($adff) from module $paramod$5ff19c0ce473189292aafc7f2ccdeae6cf22053c\spi_slave.
Setting constant 1-bit at position 402 on $procdff$20237 ($adff) from module $paramod$5ff19c0ce473189292aafc7f2ccdeae6cf22053c\spi_slave.
Setting constant 1-bit at position 403 on $procdff$20237 ($adff) from module $paramod$5ff19c0ce473189292aafc7f2ccdeae6cf22053c\spi_slave.
Setting constant 1-bit at position 404 on $procdff$20237 ($adff) from module $paramod$5ff19c0ce473189292aafc7f2ccdeae6cf22053c\spi_slave.
Setting constant 1-bit at position 405 on $procdff$20237 ($adff) from module $paramod$5ff19c0ce473189292aafc7f2ccdeae6cf22053c\spi_slave.
Setting constant 1-bit at position 406 on $procdff$20237 ($adff) from module $paramod$5ff19c0ce473189292aafc7f2ccdeae6cf22053c\spi_slave.
Setting constant 1-bit at position 407 on $procdff$20237 ($adff) from module $paramod$5ff19c0ce473189292aafc7f2ccdeae6cf22053c\spi_slave.
Setting constant 1-bit at position 408 on $procdff$20237 ($adff) from module $paramod$5ff19c0ce473189292aafc7f2ccdeae6cf22053c\spi_slave.
Setting constant 1-bit at position 409 on $procdff$20237 ($adff) from module $paramod$5ff19c0ce473189292aafc7f2ccdeae6cf22053c\spi_slave.
Setting constant 1-bit at position 410 on $procdff$20237 ($adff) from module $paramod$5ff19c0ce473189292aafc7f2ccdeae6cf22053c\spi_slave.
Setting constant 1-bit at position 411 on $procdff$20237 ($adff) from module $paramod$5ff19c0ce473189292aafc7f2ccdeae6cf22053c\spi_slave.
Setting constant 1-bit at position 412 on $procdff$20237 ($adff) from module $paramod$5ff19c0ce473189292aafc7f2ccdeae6cf22053c\spi_slave.
Setting constant 1-bit at position 413 on $procdff$20237 ($adff) from module $paramod$5ff19c0ce473189292aafc7f2ccdeae6cf22053c\spi_slave.
Setting constant 1-bit at position 414 on $procdff$20237 ($adff) from module $paramod$5ff19c0ce473189292aafc7f2ccdeae6cf22053c\spi_slave.
Setting constant 1-bit at position 415 on $procdff$20237 ($adff) from module $paramod$5ff19c0ce473189292aafc7f2ccdeae6cf22053c\spi_slave.
Setting constant 1-bit at position 416 on $procdff$20237 ($adff) from module $paramod$5ff19c0ce473189292aafc7f2ccdeae6cf22053c\spi_slave.
Setting constant 1-bit at position 417 on $procdff$20237 ($adff) from module $paramod$5ff19c0ce473189292aafc7f2ccdeae6cf22053c\spi_slave.
Setting constant 1-bit at position 418 on $procdff$20237 ($adff) from module $paramod$5ff19c0ce473189292aafc7f2ccdeae6cf22053c\spi_slave.
Setting constant 1-bit at position 419 on $procdff$20237 ($adff) from module $paramod$5ff19c0ce473189292aafc7f2ccdeae6cf22053c\spi_slave.
Setting constant 1-bit at position 420 on $procdff$20237 ($adff) from module $paramod$5ff19c0ce473189292aafc7f2ccdeae6cf22053c\spi_slave.
Setting constant 1-bit at position 421 on $procdff$20237 ($adff) from module $paramod$5ff19c0ce473189292aafc7f2ccdeae6cf22053c\spi_slave.
Setting constant 1-bit at position 422 on $procdff$20237 ($adff) from module $paramod$5ff19c0ce473189292aafc7f2ccdeae6cf22053c\spi_slave.
Setting constant 1-bit at position 423 on $procdff$20237 ($adff) from module $paramod$5ff19c0ce473189292aafc7f2ccdeae6cf22053c\spi_slave.
Setting constant 1-bit at position 424 on $procdff$20237 ($adff) from module $paramod$5ff19c0ce473189292aafc7f2ccdeae6cf22053c\spi_slave.
Setting constant 1-bit at position 425 on $procdff$20237 ($adff) from module $paramod$5ff19c0ce473189292aafc7f2ccdeae6cf22053c\spi_slave.
Setting constant 1-bit at position 426 on $procdff$20237 ($adff) from module $paramod$5ff19c0ce473189292aafc7f2ccdeae6cf22053c\spi_slave.
Setting constant 1-bit at position 427 on $procdff$20237 ($adff) from module $paramod$5ff19c0ce473189292aafc7f2ccdeae6cf22053c\spi_slave.
Setting constant 1-bit at position 428 on $procdff$20237 ($adff) from module $paramod$5ff19c0ce473189292aafc7f2ccdeae6cf22053c\spi_slave.
Setting constant 1-bit at position 429 on $procdff$20237 ($adff) from module $paramod$5ff19c0ce473189292aafc7f2ccdeae6cf22053c\spi_slave.
Setting constant 1-bit at position 430 on $procdff$20237 ($adff) from module $paramod$5ff19c0ce473189292aafc7f2ccdeae6cf22053c\spi_slave.
Setting constant 1-bit at position 431 on $procdff$20237 ($adff) from module $paramod$5ff19c0ce473189292aafc7f2ccdeae6cf22053c\spi_slave.
Setting constant 1-bit at position 432 on $procdff$20237 ($adff) from module $paramod$5ff19c0ce473189292aafc7f2ccdeae6cf22053c\spi_slave.
Setting constant 1-bit at position 433 on $procdff$20237 ($adff) from module $paramod$5ff19c0ce473189292aafc7f2ccdeae6cf22053c\spi_slave.
Setting constant 1-bit at position 434 on $procdff$20237 ($adff) from module $paramod$5ff19c0ce473189292aafc7f2ccdeae6cf22053c\spi_slave.
Setting constant 1-bit at position 435 on $procdff$20237 ($adff) from module $paramod$5ff19c0ce473189292aafc7f2ccdeae6cf22053c\spi_slave.
Setting constant 1-bit at position 436 on $procdff$20237 ($adff) from module $paramod$5ff19c0ce473189292aafc7f2ccdeae6cf22053c\spi_slave.
Setting constant 1-bit at position 437 on $procdff$20237 ($adff) from module $paramod$5ff19c0ce473189292aafc7f2ccdeae6cf22053c\spi_slave.
Setting constant 1-bit at position 438 on $procdff$20237 ($adff) from module $paramod$5ff19c0ce473189292aafc7f2ccdeae6cf22053c\spi_slave.
Setting constant 1-bit at position 439 on $procdff$20237 ($adff) from module $paramod$5ff19c0ce473189292aafc7f2ccdeae6cf22053c\spi_slave.
Setting constant 1-bit at position 440 on $procdff$20237 ($adff) from module $paramod$5ff19c0ce473189292aafc7f2ccdeae6cf22053c\spi_slave.
Setting constant 1-bit at position 441 on $procdff$20237 ($adff) from module $paramod$5ff19c0ce473189292aafc7f2ccdeae6cf22053c\spi_slave.
Setting constant 1-bit at position 442 on $procdff$20237 ($adff) from module $paramod$5ff19c0ce473189292aafc7f2ccdeae6cf22053c\spi_slave.
Setting constant 1-bit at position 443 on $procdff$20237 ($adff) from module $paramod$5ff19c0ce473189292aafc7f2ccdeae6cf22053c\spi_slave.
Setting constant 1-bit at position 444 on $procdff$20237 ($adff) from module $paramod$5ff19c0ce473189292aafc7f2ccdeae6cf22053c\spi_slave.
Setting constant 1-bit at position 445 on $procdff$20237 ($adff) from module $paramod$5ff19c0ce473189292aafc7f2ccdeae6cf22053c\spi_slave.
Setting constant 1-bit at position 446 on $procdff$20237 ($adff) from module $paramod$5ff19c0ce473189292aafc7f2ccdeae6cf22053c\spi_slave.
Setting constant 1-bit at position 447 on $procdff$20237 ($adff) from module $paramod$5ff19c0ce473189292aafc7f2ccdeae6cf22053c\spi_slave.
Setting constant 1-bit at position 448 on $procdff$20237 ($adff) from module $paramod$5ff19c0ce473189292aafc7f2ccdeae6cf22053c\spi_slave.
Setting constant 1-bit at position 449 on $procdff$20237 ($adff) from module $paramod$5ff19c0ce473189292aafc7f2ccdeae6cf22053c\spi_slave.
Setting constant 1-bit at position 450 on $procdff$20237 ($adff) from module $paramod$5ff19c0ce473189292aafc7f2ccdeae6cf22053c\spi_slave.
Setting constant 1-bit at position 451 on $procdff$20237 ($adff) from module $paramod$5ff19c0ce473189292aafc7f2ccdeae6cf22053c\spi_slave.
Setting constant 1-bit at position 452 on $procdff$20237 ($adff) from module $paramod$5ff19c0ce473189292aafc7f2ccdeae6cf22053c\spi_slave.
Setting constant 1-bit at position 453 on $procdff$20237 ($adff) from module $paramod$5ff19c0ce473189292aafc7f2ccdeae6cf22053c\spi_slave.
Setting constant 1-bit at position 454 on $procdff$20237 ($adff) from module $paramod$5ff19c0ce473189292aafc7f2ccdeae6cf22053c\spi_slave.
Setting constant 1-bit at position 455 on $procdff$20237 ($adff) from module $paramod$5ff19c0ce473189292aafc7f2ccdeae6cf22053c\spi_slave.
Setting constant 1-bit at position 456 on $procdff$20237 ($adff) from module $paramod$5ff19c0ce473189292aafc7f2ccdeae6cf22053c\spi_slave.
Setting constant 1-bit at position 457 on $procdff$20237 ($adff) from module $paramod$5ff19c0ce473189292aafc7f2ccdeae6cf22053c\spi_slave.
Setting constant 1-bit at position 458 on $procdff$20237 ($adff) from module $paramod$5ff19c0ce473189292aafc7f2ccdeae6cf22053c\spi_slave.
Setting constant 1-bit at position 459 on $procdff$20237 ($adff) from module $paramod$5ff19c0ce473189292aafc7f2ccdeae6cf22053c\spi_slave.
Setting constant 1-bit at position 460 on $procdff$20237 ($adff) from module $paramod$5ff19c0ce473189292aafc7f2ccdeae6cf22053c\spi_slave.
Setting constant 1-bit at position 461 on $procdff$20237 ($adff) from module $paramod$5ff19c0ce473189292aafc7f2ccdeae6cf22053c\spi_slave.
Setting constant 1-bit at position 462 on $procdff$20237 ($adff) from module $paramod$5ff19c0ce473189292aafc7f2ccdeae6cf22053c\spi_slave.
Setting constant 1-bit at position 463 on $procdff$20237 ($adff) from module $paramod$5ff19c0ce473189292aafc7f2ccdeae6cf22053c\spi_slave.
Setting constant 1-bit at position 464 on $procdff$20237 ($adff) from module $paramod$5ff19c0ce473189292aafc7f2ccdeae6cf22053c\spi_slave.
Setting constant 1-bit at position 465 on $procdff$20237 ($adff) from module $paramod$5ff19c0ce473189292aafc7f2ccdeae6cf22053c\spi_slave.
Setting constant 1-bit at position 466 on $procdff$20237 ($adff) from module $paramod$5ff19c0ce473189292aafc7f2ccdeae6cf22053c\spi_slave.
Setting constant 1-bit at position 467 on $procdff$20237 ($adff) from module $paramod$5ff19c0ce473189292aafc7f2ccdeae6cf22053c\spi_slave.
Setting constant 1-bit at position 468 on $procdff$20237 ($adff) from module $paramod$5ff19c0ce473189292aafc7f2ccdeae6cf22053c\spi_slave.
Setting constant 1-bit at position 469 on $procdff$20237 ($adff) from module $paramod$5ff19c0ce473189292aafc7f2ccdeae6cf22053c\spi_slave.
Setting constant 1-bit at position 470 on $procdff$20237 ($adff) from module $paramod$5ff19c0ce473189292aafc7f2ccdeae6cf22053c\spi_slave.
Setting constant 1-bit at position 471 on $procdff$20237 ($adff) from module $paramod$5ff19c0ce473189292aafc7f2ccdeae6cf22053c\spi_slave.
Setting constant 1-bit at position 472 on $procdff$20237 ($adff) from module $paramod$5ff19c0ce473189292aafc7f2ccdeae6cf22053c\spi_slave.
Setting constant 1-bit at position 473 on $procdff$20237 ($adff) from module $paramod$5ff19c0ce473189292aafc7f2ccdeae6cf22053c\spi_slave.
Setting constant 1-bit at position 474 on $procdff$20237 ($adff) from module $paramod$5ff19c0ce473189292aafc7f2ccdeae6cf22053c\spi_slave.
Setting constant 1-bit at position 475 on $procdff$20237 ($adff) from module $paramod$5ff19c0ce473189292aafc7f2ccdeae6cf22053c\spi_slave.
Setting constant 1-bit at position 476 on $procdff$20237 ($adff) from module $paramod$5ff19c0ce473189292aafc7f2ccdeae6cf22053c\spi_slave.
Setting constant 1-bit at position 477 on $procdff$20237 ($adff) from module $paramod$5ff19c0ce473189292aafc7f2ccdeae6cf22053c\spi_slave.
Setting constant 1-bit at position 478 on $procdff$20237 ($adff) from module $paramod$5ff19c0ce473189292aafc7f2ccdeae6cf22053c\spi_slave.
Setting constant 1-bit at position 479 on $procdff$20237 ($adff) from module $paramod$5ff19c0ce473189292aafc7f2ccdeae6cf22053c\spi_slave.
Setting constant 1-bit at position 480 on $procdff$20237 ($adff) from module $paramod$5ff19c0ce473189292aafc7f2ccdeae6cf22053c\spi_slave.
Setting constant 1-bit at position 481 on $procdff$20237 ($adff) from module $paramod$5ff19c0ce473189292aafc7f2ccdeae6cf22053c\spi_slave.
Setting constant 1-bit at position 482 on $procdff$20237 ($adff) from module $paramod$5ff19c0ce473189292aafc7f2ccdeae6cf22053c\spi_slave.
Setting constant 1-bit at position 483 on $procdff$20237 ($adff) from module $paramod$5ff19c0ce473189292aafc7f2ccdeae6cf22053c\spi_slave.
Setting constant 1-bit at position 484 on $procdff$20237 ($adff) from module $paramod$5ff19c0ce473189292aafc7f2ccdeae6cf22053c\spi_slave.
Setting constant 1-bit at position 485 on $procdff$20237 ($adff) from module $paramod$5ff19c0ce473189292aafc7f2ccdeae6cf22053c\spi_slave.
Setting constant 1-bit at position 486 on $procdff$20237 ($adff) from module $paramod$5ff19c0ce473189292aafc7f2ccdeae6cf22053c\spi_slave.
Setting constant 1-bit at position 487 on $procdff$20237 ($adff) from module $paramod$5ff19c0ce473189292aafc7f2ccdeae6cf22053c\spi_slave.
Setting constant 1-bit at position 488 on $procdff$20237 ($adff) from module $paramod$5ff19c0ce473189292aafc7f2ccdeae6cf22053c\spi_slave.
Setting constant 1-bit at position 489 on $procdff$20237 ($adff) from module $paramod$5ff19c0ce473189292aafc7f2ccdeae6cf22053c\spi_slave.
Setting constant 1-bit at position 490 on $procdff$20237 ($adff) from module $paramod$5ff19c0ce473189292aafc7f2ccdeae6cf22053c\spi_slave.
Setting constant 1-bit at position 491 on $procdff$20237 ($adff) from module $paramod$5ff19c0ce473189292aafc7f2ccdeae6cf22053c\spi_slave.
Setting constant 1-bit at position 492 on $procdff$20237 ($adff) from module $paramod$5ff19c0ce473189292aafc7f2ccdeae6cf22053c\spi_slave.
Setting constant 1-bit at position 493 on $procdff$20237 ($adff) from module $paramod$5ff19c0ce473189292aafc7f2ccdeae6cf22053c\spi_slave.
Setting constant 1-bit at position 494 on $procdff$20237 ($adff) from module $paramod$5ff19c0ce473189292aafc7f2ccdeae6cf22053c\spi_slave.
Setting constant 1-bit at position 495 on $procdff$20237 ($adff) from module $paramod$5ff19c0ce473189292aafc7f2ccdeae6cf22053c\spi_slave.
Setting constant 1-bit at position 496 on $procdff$20237 ($adff) from module $paramod$5ff19c0ce473189292aafc7f2ccdeae6cf22053c\spi_slave.
Setting constant 1-bit at position 497 on $procdff$20237 ($adff) from module $paramod$5ff19c0ce473189292aafc7f2ccdeae6cf22053c\spi_slave.
Setting constant 1-bit at position 498 on $procdff$20237 ($adff) from module $paramod$5ff19c0ce473189292aafc7f2ccdeae6cf22053c\spi_slave.
Setting constant 1-bit at position 499 on $procdff$20237 ($adff) from module $paramod$5ff19c0ce473189292aafc7f2ccdeae6cf22053c\spi_slave.
Setting constant 1-bit at position 500 on $procdff$20237 ($adff) from module $paramod$5ff19c0ce473189292aafc7f2ccdeae6cf22053c\spi_slave.
Setting constant 1-bit at position 501 on $procdff$20237 ($adff) from module $paramod$5ff19c0ce473189292aafc7f2ccdeae6cf22053c\spi_slave.
Setting constant 1-bit at position 502 on $procdff$20237 ($adff) from module $paramod$5ff19c0ce473189292aafc7f2ccdeae6cf22053c\spi_slave.
Setting constant 1-bit at position 503 on $procdff$20237 ($adff) from module $paramod$5ff19c0ce473189292aafc7f2ccdeae6cf22053c\spi_slave.
Setting constant 1-bit at position 504 on $procdff$20237 ($adff) from module $paramod$5ff19c0ce473189292aafc7f2ccdeae6cf22053c\spi_slave.
Setting constant 1-bit at position 505 on $procdff$20237 ($adff) from module $paramod$5ff19c0ce473189292aafc7f2ccdeae6cf22053c\spi_slave.
Setting constant 1-bit at position 506 on $procdff$20237 ($adff) from module $paramod$5ff19c0ce473189292aafc7f2ccdeae6cf22053c\spi_slave.
Setting constant 1-bit at position 507 on $procdff$20237 ($adff) from module $paramod$5ff19c0ce473189292aafc7f2ccdeae6cf22053c\spi_slave.
Setting constant 1-bit at position 508 on $procdff$20237 ($adff) from module $paramod$5ff19c0ce473189292aafc7f2ccdeae6cf22053c\spi_slave.
Setting constant 1-bit at position 509 on $procdff$20237 ($adff) from module $paramod$5ff19c0ce473189292aafc7f2ccdeae6cf22053c\spi_slave.
Setting constant 1-bit at position 510 on $procdff$20237 ($adff) from module $paramod$5ff19c0ce473189292aafc7f2ccdeae6cf22053c\spi_slave.
Setting constant 1-bit at position 511 on $procdff$20237 ($adff) from module $paramod$5ff19c0ce473189292aafc7f2ccdeae6cf22053c\spi_slave.
Setting constant 1-bit at position 0 on $procdff$20236 ($adff) from module $paramod$5ff19c0ce473189292aafc7f2ccdeae6cf22053c\spi_slave.
Setting constant 1-bit at position 1 on $procdff$20236 ($adff) from module $paramod$5ff19c0ce473189292aafc7f2ccdeae6cf22053c\spi_slave.
Setting constant 1-bit at position 2 on $procdff$20236 ($adff) from module $paramod$5ff19c0ce473189292aafc7f2ccdeae6cf22053c\spi_slave.
Setting constant 1-bit at position 3 on $procdff$20236 ($adff) from module $paramod$5ff19c0ce473189292aafc7f2ccdeae6cf22053c\spi_slave.
Setting constant 1-bit at position 4 on $procdff$20236 ($adff) from module $paramod$5ff19c0ce473189292aafc7f2ccdeae6cf22053c\spi_slave.
Setting constant 1-bit at position 5 on $procdff$20236 ($adff) from module $paramod$5ff19c0ce473189292aafc7f2ccdeae6cf22053c\spi_slave.
Setting constant 1-bit at position 6 on $procdff$20236 ($adff) from module $paramod$5ff19c0ce473189292aafc7f2ccdeae6cf22053c\spi_slave.
Setting constant 1-bit at position 7 on $procdff$20236 ($adff) from module $paramod$5ff19c0ce473189292aafc7f2ccdeae6cf22053c\spi_slave.
Setting constant 1-bit at position 8 on $procdff$20236 ($adff) from module $paramod$5ff19c0ce473189292aafc7f2ccdeae6cf22053c\spi_slave.
Setting constant 1-bit at position 9 on $procdff$20236 ($adff) from module $paramod$5ff19c0ce473189292aafc7f2ccdeae6cf22053c\spi_slave.
Setting constant 1-bit at position 10 on $procdff$20236 ($adff) from module $paramod$5ff19c0ce473189292aafc7f2ccdeae6cf22053c\spi_slave.
Setting constant 1-bit at position 11 on $procdff$20236 ($adff) from module $paramod$5ff19c0ce473189292aafc7f2ccdeae6cf22053c\spi_slave.
Setting constant 1-bit at position 12 on $procdff$20236 ($adff) from module $paramod$5ff19c0ce473189292aafc7f2ccdeae6cf22053c\spi_slave.
Setting constant 1-bit at position 13 on $procdff$20236 ($adff) from module $paramod$5ff19c0ce473189292aafc7f2ccdeae6cf22053c\spi_slave.
Setting constant 1-bit at position 14 on $procdff$20236 ($adff) from module $paramod$5ff19c0ce473189292aafc7f2ccdeae6cf22053c\spi_slave.
Setting constant 1-bit at position 15 on $procdff$20236 ($adff) from module $paramod$5ff19c0ce473189292aafc7f2ccdeae6cf22053c\spi_slave.
Setting constant 1-bit at position 16 on $procdff$20236 ($adff) from module $paramod$5ff19c0ce473189292aafc7f2ccdeae6cf22053c\spi_slave.
Setting constant 1-bit at position 17 on $procdff$20236 ($adff) from module $paramod$5ff19c0ce473189292aafc7f2ccdeae6cf22053c\spi_slave.
Setting constant 1-bit at position 18 on $procdff$20236 ($adff) from module $paramod$5ff19c0ce473189292aafc7f2ccdeae6cf22053c\spi_slave.
Setting constant 1-bit at position 19 on $procdff$20236 ($adff) from module $paramod$5ff19c0ce473189292aafc7f2ccdeae6cf22053c\spi_slave.
Setting constant 1-bit at position 20 on $procdff$20236 ($adff) from module $paramod$5ff19c0ce473189292aafc7f2ccdeae6cf22053c\spi_slave.
Setting constant 1-bit at position 21 on $procdff$20236 ($adff) from module $paramod$5ff19c0ce473189292aafc7f2ccdeae6cf22053c\spi_slave.
Setting constant 1-bit at position 22 on $procdff$20236 ($adff) from module $paramod$5ff19c0ce473189292aafc7f2ccdeae6cf22053c\spi_slave.
Setting constant 1-bit at position 23 on $procdff$20236 ($adff) from module $paramod$5ff19c0ce473189292aafc7f2ccdeae6cf22053c\spi_slave.
Setting constant 1-bit at position 24 on $procdff$20236 ($adff) from module $paramod$5ff19c0ce473189292aafc7f2ccdeae6cf22053c\spi_slave.
Setting constant 1-bit at position 25 on $procdff$20236 ($adff) from module $paramod$5ff19c0ce473189292aafc7f2ccdeae6cf22053c\spi_slave.
Setting constant 1-bit at position 26 on $procdff$20236 ($adff) from module $paramod$5ff19c0ce473189292aafc7f2ccdeae6cf22053c\spi_slave.
Setting constant 1-bit at position 27 on $procdff$20236 ($adff) from module $paramod$5ff19c0ce473189292aafc7f2ccdeae6cf22053c\spi_slave.
Setting constant 1-bit at position 28 on $procdff$20236 ($adff) from module $paramod$5ff19c0ce473189292aafc7f2ccdeae6cf22053c\spi_slave.
Setting constant 1-bit at position 29 on $procdff$20236 ($adff) from module $paramod$5ff19c0ce473189292aafc7f2ccdeae6cf22053c\spi_slave.
Setting constant 1-bit at position 30 on $procdff$20236 ($adff) from module $paramod$5ff19c0ce473189292aafc7f2ccdeae6cf22053c\spi_slave.
Setting constant 1-bit at position 31 on $procdff$20236 ($adff) from module $paramod$5ff19c0ce473189292aafc7f2ccdeae6cf22053c\spi_slave.
Adding EN signal on $procdff$20438 ($dff) from module top (D = \cc_out_data, Q = \result_buf[60]).
Adding EN signal on $procdff$20447 ($dff) from module top (D = \cc_out_data, Q = \result_buf[63]).
Adding EN signal on $procdff$20435 ($dff) from module top (D = \cc_out_data, Q = \result_buf[59]).
Adding EN signal on $procdff$20444 ($dff) from module top (D = \cc_out_data, Q = \result_buf[62]).
Adding EN signal on $procdff$20432 ($dff) from module top (D = \cc_out_data, Q = \result_buf[58]).
Adding EN signal on $procdff$20441 ($dff) from module top (D = \cc_out_data, Q = \result_buf[61]).
Adding EN signal on $procdff$20429 ($dff) from module top (D = \cc_out_data, Q = \result_buf[57]).
Adding EN signal on $procdff$20291 ($dff) from module top (D = \cc_out_data, Q = \result_buf[11]).
Adding EN signal on $procdff$20294 ($dff) from module top (D = \cc_out_data, Q = \result_buf[12]).
Adding EN signal on $procdff$20297 ($dff) from module top (D = \cc_out_data, Q = \result_buf[13]).
Adding EN signal on $procdff$20300 ($dff) from module top (D = \cc_out_data, Q = \result_buf[14]).
Adding EN signal on $procdff$20303 ($dff) from module top (D = \cc_out_data, Q = \result_buf[15]).
Adding EN signal on $procdff$20282 ($dff) from module top (D = \cc_out_data, Q = \result_buf[8]).
Adding EN signal on $procdff$20306 ($dff) from module top (D = \cc_out_data, Q = \result_buf[16]).
Adding EN signal on $procdff$20309 ($dff) from module top (D = \cc_out_data, Q = \result_buf[17]).
Adding EN signal on $procdff$20312 ($dff) from module top (D = \cc_out_data, Q = \result_buf[18]).
Adding EN signal on $procdff$20285 ($dff) from module top (D = \cc_out_data, Q = \result_buf[9]).
Adding EN signal on $procdff$20315 ($dff) from module top (D = \cc_out_data, Q = \result_buf[19]).
Adding EN signal on $procdff$20318 ($dff) from module top (D = \cc_out_data, Q = \result_buf[20]).
Adding EN signal on $procdff$20321 ($dff) from module top (D = \cc_out_data, Q = \result_buf[21]).
Adding EN signal on $procdff$20324 ($dff) from module top (D = \cc_out_data, Q = \result_buf[22]).
Adding EN signal on $procdff$20327 ($dff) from module top (D = \cc_out_data, Q = \result_buf[23]).
Adding EN signal on $procdff$20330 ($dff) from module top (D = \cc_out_data, Q = \result_buf[24]).
Adding EN signal on $procdff$20333 ($dff) from module top (D = \cc_out_data, Q = \result_buf[25]).
Adding EN signal on $procdff$20336 ($dff) from module top (D = \cc_out_data, Q = \result_buf[26]).
Adding EN signal on $procdff$20339 ($dff) from module top (D = \cc_out_data, Q = \result_buf[27]).
Adding EN signal on $procdff$20342 ($dff) from module top (D = \cc_out_data, Q = \result_buf[28]).
Adding EN signal on $procdff$20345 ($dff) from module top (D = \cc_out_data, Q = \result_buf[29]).
Adding EN signal on $procdff$20348 ($dff) from module top (D = \cc_out_data, Q = \result_buf[30]).
Adding EN signal on $procdff$20351 ($dff) from module top (D = \cc_out_data, Q = \result_buf[31]).
Adding EN signal on $procdff$20354 ($dff) from module top (D = \cc_out_data, Q = \result_buf[32]).
Adding EN signal on $procdff$20357 ($dff) from module top (D = \cc_out_data, Q = \result_buf[33]).
Adding EN signal on $procdff$20360 ($dff) from module top (D = \cc_out_data, Q = \result_buf[34]).
Adding EN signal on $procdff$20363 ($dff) from module top (D = \cc_out_data, Q = \result_buf[35]).
Adding EN signal on $procdff$20366 ($dff) from module top (D = \cc_out_data, Q = \result_buf[36]).
Adding EN signal on $procdff$20369 ($dff) from module top (D = \cc_out_data, Q = \result_buf[37]).
Adding EN signal on $procdff$20372 ($dff) from module top (D = \cc_out_data, Q = \result_buf[38]).
Adding EN signal on $procdff$20375 ($dff) from module top (D = \cc_out_data, Q = \result_buf[39]).
Adding EN signal on $procdff$20378 ($dff) from module top (D = \cc_out_data, Q = \result_buf[40]).
Adding EN signal on $procdff$20381 ($dff) from module top (D = \cc_out_data, Q = \result_buf[41]).
Adding EN signal on $procdff$20384 ($dff) from module top (D = \cc_out_data, Q = \result_buf[42]).
Adding EN signal on $procdff$20387 ($dff) from module top (D = \cc_out_data, Q = \result_buf[43]).
Adding EN signal on $procdff$20390 ($dff) from module top (D = \cc_out_data, Q = \result_buf[44]).
Adding EN signal on $procdff$20393 ($dff) from module top (D = \cc_out_data, Q = \result_buf[45]).
Adding EN signal on $procdff$20396 ($dff) from module top (D = \cc_out_data, Q = \result_buf[46]).
Adding EN signal on $procdff$20399 ($dff) from module top (D = \cc_out_data, Q = \result_buf[47]).
Adding EN signal on $procdff$20402 ($dff) from module top (D = \cc_out_data, Q = \result_buf[48]).
Adding EN signal on $procdff$20405 ($dff) from module top (D = \cc_out_data, Q = \result_buf[49]).
Adding EN signal on $procdff$20408 ($dff) from module top (D = \cc_out_data, Q = \result_buf[50]).
Adding EN signal on $procdff$20411 ($dff) from module top (D = \cc_out_data, Q = \result_buf[51]).
Adding EN signal on $procdff$20414 ($dff) from module top (D = \cc_out_data, Q = \result_buf[52]).
Adding EN signal on $procdff$20417 ($dff) from module top (D = \cc_out_data, Q = \result_buf[53]).
Adding EN signal on $procdff$20420 ($dff) from module top (D = \cc_out_data, Q = \result_buf[54]).
Adding EN signal on $procdff$20423 ($dff) from module top (D = \cc_out_data, Q = \result_buf[55]).
Adding EN signal on $procdff$20426 ($dff) from module top (D = \cc_out_data, Q = \result_buf[56]).
Adding EN signal on $procdff$20288 ($dff) from module top (D = \cc_out_data, Q = \result_buf[10]).
Adding EN signal on $procdff$20248 ($dff) from module top (D = \result_buf[9] [7:0], Q = \tx_data [79:72]).
Adding EN signal on $procdff$20248 ($dff) from module top (D = \result_buf[8] [7:0], Q = \tx_data [71:64]).
Adding EN signal on $procdff$20248 ($dff) from module top (D = \result_buf[7] [7:0], Q = \tx_data [63:56]).
Adding EN signal on $procdff$20248 ($dff) from module top (D = \result_buf[6] [7:0], Q = \tx_data [55:48]).
Adding EN signal on $procdff$20248 ($dff) from module top (D = \result_buf[5] [7:0], Q = \tx_data [47:40]).
Adding EN signal on $procdff$20248 ($dff) from module top (D = \result_buf[4] [7:0], Q = \tx_data [39:32]).
Adding EN signal on $procdff$20248 ($dff) from module top (D = \result_buf[3] [7:0], Q = \tx_data [31:24]).
Adding EN signal on $procdff$20248 ($dff) from module top (D = \result_buf[2] [7:0], Q = \tx_data [23:16]).
Adding EN signal on $procdff$20248 ($dff) from module top (D = \result_buf[1] [7:0], Q = \tx_data [15:8]).
Adding EN signal on $procdff$20248 ($dff) from module top (D = \result_buf[0] [7:0], Q = \tx_data [7:0]).
Adding EN signal on $procdff$20249 ($adff) from module top (D = $procmux$5266_Y, Q = \tx_ready).
Adding EN signal on $procdff$20251 ($adff) from module top (D = { $shiftx$/openlane/kws/src/top.sv:0$2378_Y $shiftx$/openlane/kws/src/top.sv:0$2373_Y $shiftx$/openlane/kws/src/top.sv:0$2368_Y $shiftx$/openlane/kws/src/top.sv:0$2363_Y $shiftx$/openlane/kws/src/top.sv:0$2358_Y $shiftx$/openlane/kws/src/top.sv:0$2353_Y $shiftx$/openlane/kws/src/top.sv:0$2348_Y $shiftx$/openlane/kws/src/top.sv:0$2343_Y }, Q = \cc_act_in).
Adding EN signal on $procdff$20252 ($adff) from module top (D = \g_pos, Q = \cc_act_pos).
Adding EN signal on $procdff$20254 ($adff) from module top (D = $procmux$5246_Y, Q = \g_state).
Adding EN signal on $procdff$20255 ($adff) from module top (D = $procmux$5241_Y, Q = \g_pos).
Adding EN signal on $procdff$20258 ($dff) from module top (D = \cc_out_data, Q = \result_buf[0]).
Adding EN signal on $procdff$20261 ($dff) from module top (D = \cc_out_data, Q = \result_buf[1]).
Adding EN signal on $procdff$20264 ($dff) from module top (D = \cc_out_data, Q = \result_buf[2]).
Adding EN signal on $procdff$20267 ($dff) from module top (D = \cc_out_data, Q = \result_buf[3]).
Adding EN signal on $procdff$20270 ($dff) from module top (D = \cc_out_data, Q = \result_buf[4]).
Adding EN signal on $procdff$20273 ($dff) from module top (D = \cc_out_data, Q = \result_buf[5]).
Adding EN signal on $procdff$20276 ($dff) from module top (D = \cc_out_data, Q = \result_buf[6]).
Adding EN signal on $procdff$20279 ($dff) from module top (D = \cc_out_data, Q = \result_buf[7]).
Setting constant 1-bit at position 0 on $procdff$20448 ($adff) from module top.
Setting constant 1-bit at position 1 on $procdff$20448 ($adff) from module top.
Setting constant 1-bit at position 2 on $procdff$20448 ($adff) from module top.
Setting constant 1-bit at position 3 on $procdff$20448 ($adff) from module top.
Setting constant 1-bit at position 4 on $procdff$20448 ($adff) from module top.
Setting constant 1-bit at position 5 on $procdff$20448 ($adff) from module top.
Setting constant 1-bit at position 0 on $procdff$20449 ($adff) from module top.
Setting constant 1-bit at position 1 on $procdff$20449 ($adff) from module top.
Setting constant 1-bit at position 2 on $procdff$20449 ($adff) from module top.
Setting constant 1-bit at position 3 on $procdff$20449 ($adff) from module top.
Setting constant 1-bit at position 4 on $procdff$20449 ($adff) from module top.
Setting constant 1-bit at position 5 on $procdff$20449 ($adff) from module top.
Setting constant 1-bit at position 6 on $procdff$20449 ($adff) from module top.
Setting constant 1-bit at position 7 on $procdff$20449 ($adff) from module top.
Setting constant 1-bit at position 8 on $procdff$20449 ($adff) from module top.
Adding EN signal on $procdff$20470 ($adff) from module compute_core (D = \wt_data, Q = \wt_buf[2]).
Adding EN signal on $procdff$20471 ($adff) from module compute_core (D = \wt_data, Q = \wt_buf[3]).
Adding EN signal on $procdff$20474 ($dff) from module compute_core (D = \wt_data, Q = \wt_buf[4]).
Adding EN signal on $procdff$20477 ($dff) from module compute_core (D = \wt_data, Q = \wt_buf[5]).
Adding EN signal on $procdff$20480 ($dff) from module compute_core (D = \wt_data, Q = \wt_buf[6]).
Adding EN signal on $procdff$20462 ($adff) from module compute_core (D = $procmux$17846_Y, Q = \state).
Adding EN signal on $procdff$20483 ($dff) from module compute_core (D = \wt_data, Q = \wt_buf[7]).
Adding EN signal on $procdff$20486 ($dff) from module compute_core (D = \wt_data, Q = \wt_buf[8]).
Adding EN signal on $procdff$20489 ($dff) from module compute_core (D = \wt_data, Q = \wt_buf[9]).
Adding EN signal on $procdff$20492 ($dff) from module compute_core (D = \wt_data, Q = \wt_buf[10]).
Adding EN signal on $procdff$20463 ($adff) from module compute_core (D = $procmux$17833_Y, Q = \oc_cnt).
Adding EN signal on $procdff$20495 ($dff) from module compute_core (D = \wt_data, Q = \wt_buf[11]).
Adding EN signal on $procdff$20498 ($dff) from module compute_core (D = \wt_data, Q = \wt_buf[12]).
Adding EN signal on $procdff$20464 ($adff) from module compute_core (D = $procmux$17823_Y, Q = \pos_cnt).
Adding EN signal on $procdff$20501 ($dff) from module compute_core (D = \wt_data, Q = \wt_buf[13]).
Adding EN signal on $procdff$20504 ($dff) from module compute_core (D = \wt_data, Q = \wt_buf[14]).
Adding EN signal on $procdff$20507 ($dff) from module compute_core (D = \wt_data, Q = \wt_buf[15]).
Adding EN signal on $procdff$20510 ($dff) from module compute_core (D = \wt_data, Q = \wt_buf[16]).
Adding EN signal on $procdff$20513 ($dff) from module compute_core (D = \wt_data, Q = \wt_buf[17]).
Adding EN signal on $procdff$20516 ($dff) from module compute_core (D = \wt_data, Q = \wt_buf[18]).
Adding EN signal on $procdff$20519 ($dff) from module compute_core (D = \wt_data, Q = \wt_buf[19]).
Adding EN signal on $procdff$20522 ($dff) from module compute_core (D = \wt_data, Q = \wt_buf[20]).
Adding EN signal on $procdff$20525 ($dff) from module compute_core (D = \wt_data, Q = \wt_buf[21]).
Adding EN signal on $procdff$20461 ($adff) from module compute_core (D = $procmux$17860_Y, Q = \sram_raddr).
Adding EN signal on $procdff$20458 ($adff) from module compute_core (D = \act_in [31:0], Q = \sram_din_lo).
Adding EN signal on $procdff$20528 ($dff) from module compute_core (D = \wt_data, Q = \wt_buf[22]).
Adding EN signal on $procdff$20531 ($dff) from module compute_core (D = \wt_data, Q = \wt_buf[23]).
Adding EN signal on $procdff$20534 ($dff) from module compute_core (D = \wt_data, Q = \wt_buf[24]).
Adding EN signal on $procdff$20537 ($dff) from module compute_core (D = \wt_data, Q = \wt_buf[25]).
Adding EN signal on $procdff$20465 ($adff) from module compute_core (D = $procmux$17810_Y, Q = \win_buf[0]).
Adding EN signal on $procdff$20540 ($dff) from module compute_core (D = \wt_data, Q = \wt_buf[26]).
Adding EN signal on $procdff$20543 ($dff) from module compute_core (D = \wt_data, Q = \wt_buf[27]).
Adding EN signal on $procdff$20466 ($adff) from module compute_core (D = $procmux$17799_Y, Q = \win_buf[1]).
Adding EN signal on $procdff$20546 ($dff) from module compute_core (D = \wt_data, Q = \wt_buf[28]).
Adding EN signal on $procdff$20549 ($dff) from module compute_core (D = \wt_data, Q = \wt_buf[29]).
Adding EN signal on $procdff$20467 ($adff) from module compute_core (D = $procmux$17788_Y, Q = \win_buf[2]).
Adding EN signal on $procdff$20552 ($dff) from module compute_core (D = \wt_data, Q = \wt_buf[30]).
Adding EN signal on $procdff$20555 ($dff) from module compute_core (D = \wt_data, Q = \wt_buf[31]).
Adding EN signal on $procdff$20558 ($dff) from module compute_core (D = \wt_data, Q = \wt_buf[32]).
Adding EN signal on $procdff$20468 ($adff) from module compute_core (D = \wt_data, Q = \wt_buf[0]).
Adding EN signal on $procdff$20459 ($adff) from module compute_core (D = \act_in [63:32], Q = \sram_din_hi).
Adding EN signal on $procdff$20561 ($dff) from module compute_core (D = \wt_data, Q = \wt_buf[33]).
Adding EN signal on $procdff$20624 ($dff) from module compute_core (D = \wt_data, Q = \wt_buf[54]).
Adding EN signal on $procdff$20564 ($dff) from module compute_core (D = \wt_data, Q = \wt_buf[34]).
Adding EN signal on $procdff$20627 ($dff) from module compute_core (D = \wt_data, Q = \wt_buf[55]).
Adding EN signal on $procdff$20567 ($dff) from module compute_core (D = \wt_data, Q = \wt_buf[35]).
Adding EN signal on $procdff$20570 ($dff) from module compute_core (D = \wt_data, Q = \wt_buf[36]).
Adding EN signal on $procdff$20469 ($adff) from module compute_core (D = \wt_data, Q = \wt_buf[1]).
Adding EN signal on $procdff$20573 ($dff) from module compute_core (D = \wt_data, Q = \wt_buf[37]).
Adding EN signal on $procdff$20630 ($dff) from module compute_core (D = \wt_data, Q = \wt_buf[56]).
Adding EN signal on $procdff$20576 ($dff) from module compute_core (D = \wt_data, Q = \wt_buf[38]).
Adding EN signal on $procdff$20633 ($dff) from module compute_core (D = \wt_data, Q = \wt_buf[57]).
Adding EN signal on $procdff$20579 ($dff) from module compute_core (D = \wt_data, Q = \wt_buf[39]).
Adding EN signal on $procdff$20636 ($dff) from module compute_core (D = \wt_data, Q = \wt_buf[58]).
Adding EN signal on $procdff$20582 ($dff) from module compute_core (D = \wt_data, Q = \wt_buf[40]).
Adding EN signal on $procdff$20451 ($adff) from module compute_core (D = $sub$/openlane/kws/src/compute_core.sv:143$204_Y [8:0], Q = \out_data).
Adding EN signal on $procdff$20639 ($dff) from module compute_core (D = \wt_data, Q = \wt_buf[59]).
Adding EN signal on $procdff$20585 ($dff) from module compute_core (D = \wt_data, Q = \wt_buf[41]).
Adding EN signal on $procdff$20642 ($dff) from module compute_core (D = \wt_data, Q = \wt_buf[60]).
Adding EN signal on $procdff$20588 ($dff) from module compute_core (D = \wt_data, Q = \wt_buf[42]).
Adding EN signal on $procdff$20452 ($adff) from module compute_core (D = \oc_cnt, Q = \out_oc).
Adding EN signal on $procdff$20591 ($dff) from module compute_core (D = \wt_data, Q = \wt_buf[43]).
Adding EN signal on $procdff$20645 ($dff) from module compute_core (D = \wt_data, Q = \wt_buf[61]).
Adding EN signal on $procdff$20453 ($adff) from module compute_core (D = \pos_cnt, Q = \out_pos).
Adding EN signal on $procdff$20594 ($dff) from module compute_core (D = \wt_data, Q = \wt_buf[44]).
Adding EN signal on $procdff$20648 ($dff) from module compute_core (D = \wt_data, Q = \wt_buf[62]).
Adding EN signal on $procdff$20597 ($dff) from module compute_core (D = \wt_data, Q = \wt_buf[45]).
Adding EN signal on $procdff$20600 ($dff) from module compute_core (D = \wt_data, Q = \wt_buf[46]).
Adding EN signal on $procdff$20651 ($dff) from module compute_core (D = \wt_data, Q = \wt_buf[63]).
Adding EN signal on $procdff$20603 ($dff) from module compute_core (D = \wt_data, Q = \wt_buf[47]).
Adding EN signal on $procdff$20606 ($dff) from module compute_core (D = \wt_data, Q = \wt_buf[48]).
Adding EN signal on $procdff$20609 ($dff) from module compute_core (D = \wt_data, Q = \wt_buf[49]).
Adding EN signal on $procdff$20612 ($dff) from module compute_core (D = \wt_data, Q = \wt_buf[50]).
Adding EN signal on $procdff$20615 ($dff) from module compute_core (D = \wt_data, Q = \wt_buf[51]).
Adding EN signal on $procdff$20618 ($dff) from module compute_core (D = \wt_data, Q = \wt_buf[52]).
Adding EN signal on $procdff$20621 ($dff) from module compute_core (D = \wt_data, Q = \wt_buf[53]).
Adding EN signal on $procdff$20457 ($adff) from module compute_core (D = \act_pos [7:0], Q = \sram_waddr).
Setting constant 1-bit at position 0 on $procdff$20653 ($adff) from module compute_core.
Setting constant 1-bit at position 1 on $procdff$20653 ($adff) from module compute_core.
Setting constant 1-bit at position 2 on $procdff$20653 ($adff) from module compute_core.
Setting constant 1-bit at position 3 on $procdff$20653 ($adff) from module compute_core.
Setting constant 1-bit at position 4 on $procdff$20653 ($adff) from module compute_core.
Setting constant 1-bit at position 5 on $procdff$20653 ($adff) from module compute_core.
Setting constant 1-bit at position 6 on $procdff$20653 ($adff) from module compute_core.
Setting constant 1-bit at position 7 on $procdff$20653 ($adff) from module compute_core.
Setting constant 1-bit at position 8 on $procdff$20653 ($adff) from module compute_core.
Setting constant 1-bit at position 9 on $procdff$20653 ($adff) from module compute_core.
Setting constant 1-bit at position 10 on $procdff$20653 ($adff) from module compute_core.
Setting constant 1-bit at position 11 on $procdff$20653 ($adff) from module compute_core.
Setting constant 1-bit at position 12 on $procdff$20653 ($adff) from module compute_core.
Setting constant 1-bit at position 13 on $procdff$20653 ($adff) from module compute_core.
Setting constant 1-bit at position 14 on $procdff$20653 ($adff) from module compute_core.
Setting constant 1-bit at position 15 on $procdff$20653 ($adff) from module compute_core.
Setting constant 1-bit at position 16 on $procdff$20653 ($adff) from module compute_core.
Setting constant 1-bit at position 17 on $procdff$20653 ($adff) from module compute_core.
Setting constant 1-bit at position 18 on $procdff$20653 ($adff) from module compute_core.
Setting constant 1-bit at position 19 on $procdff$20653 ($adff) from module compute_core.
Setting constant 1-bit at position 20 on $procdff$20653 ($adff) from module compute_core.
Setting constant 1-bit at position 21 on $procdff$20653 ($adff) from module compute_core.
Setting constant 1-bit at position 22 on $procdff$20653 ($adff) from module compute_core.
Setting constant 1-bit at position 23 on $procdff$20653 ($adff) from module compute_core.
Setting constant 1-bit at position 24 on $procdff$20653 ($adff) from module compute_core.
Setting constant 1-bit at position 25 on $procdff$20653 ($adff) from module compute_core.
Setting constant 1-bit at position 26 on $procdff$20653 ($adff) from module compute_core.
Setting constant 1-bit at position 27 on $procdff$20653 ($adff) from module compute_core.
Setting constant 1-bit at position 28 on $procdff$20653 ($adff) from module compute_core.
Setting constant 1-bit at position 29 on $procdff$20653 ($adff) from module compute_core.
Setting constant 1-bit at position 30 on $procdff$20653 ($adff) from module compute_core.
Setting constant 1-bit at position 31 on $procdff$20653 ($adff) from module compute_core.
Setting constant 1-bit at position 32 on $procdff$20653 ($adff) from module compute_core.
Setting constant 1-bit at position 33 on $procdff$20653 ($adff) from module compute_core.
Setting constant 1-bit at position 34 on $procdff$20653 ($adff) from module compute_core.
Setting constant 1-bit at position 35 on $procdff$20653 ($adff) from module compute_core.
Setting constant 1-bit at position 36 on $procdff$20653 ($adff) from module compute_core.
Setting constant 1-bit at position 37 on $procdff$20653 ($adff) from module compute_core.
Setting constant 1-bit at position 38 on $procdff$20653 ($adff) from module compute_core.
Setting constant 1-bit at position 39 on $procdff$20653 ($adff) from module compute_core.
Setting constant 1-bit at position 40 on $procdff$20653 ($adff) from module compute_core.
Setting constant 1-bit at position 41 on $procdff$20653 ($adff) from module compute_core.
Setting constant 1-bit at position 42 on $procdff$20653 ($adff) from module compute_core.
Setting constant 1-bit at position 43 on $procdff$20653 ($adff) from module compute_core.
Setting constant 1-bit at position 44 on $procdff$20653 ($adff) from module compute_core.
Setting constant 1-bit at position 45 on $procdff$20653 ($adff) from module compute_core.
Setting constant 1-bit at position 46 on $procdff$20653 ($adff) from module compute_core.
Setting constant 1-bit at position 47 on $procdff$20653 ($adff) from module compute_core.
Setting constant 1-bit at position 48 on $procdff$20653 ($adff) from module compute_core.
Setting constant 1-bit at position 49 on $procdff$20653 ($adff) from module compute_core.
Setting constant 1-bit at position 50 on $procdff$20653 ($adff) from module compute_core.
Setting constant 1-bit at position 51 on $procdff$20653 ($adff) from module compute_core.
Setting constant 1-bit at position 52 on $procdff$20653 ($adff) from module compute_core.
Setting constant 1-bit at position 53 on $procdff$20653 ($adff) from module compute_core.
Setting constant 1-bit at position 54 on $procdff$20653 ($adff) from module compute_core.
Setting constant 1-bit at position 55 on $procdff$20653 ($adff) from module compute_core.
Setting constant 1-bit at position 56 on $procdff$20653 ($adff) from module compute_core.
Setting constant 1-bit at position 57 on $procdff$20653 ($adff) from module compute_core.
Setting constant 1-bit at position 58 on $procdff$20653 ($adff) from module compute_core.
Setting constant 1-bit at position 59 on $procdff$20653 ($adff) from module compute_core.
Setting constant 1-bit at position 60 on $procdff$20653 ($adff) from module compute_core.
Setting constant 1-bit at position 61 on $procdff$20653 ($adff) from module compute_core.
Setting constant 1-bit at position 62 on $procdff$20653 ($adff) from module compute_core.
Setting constant 1-bit at position 63 on $procdff$20653 ($adff) from module compute_core.
Setting constant 1-bit at position 64 on $procdff$20653 ($adff) from module compute_core.
Setting constant 1-bit at position 65 on $procdff$20653 ($adff) from module compute_core.
Setting constant 1-bit at position 66 on $procdff$20653 ($adff) from module compute_core.
Setting constant 1-bit at position 67 on $procdff$20653 ($adff) from module compute_core.
Setting constant 1-bit at position 68 on $procdff$20653 ($adff) from module compute_core.
Setting constant 1-bit at position 69 on $procdff$20653 ($adff) from module compute_core.
Setting constant 1-bit at position 70 on $procdff$20653 ($adff) from module compute_core.
Setting constant 1-bit at position 71 on $procdff$20653 ($adff) from module compute_core.
Setting constant 1-bit at position 72 on $procdff$20653 ($adff) from module compute_core.
Setting constant 1-bit at position 73 on $procdff$20653 ($adff) from module compute_core.
Setting constant 1-bit at position 74 on $procdff$20653 ($adff) from module compute_core.
Setting constant 1-bit at position 75 on $procdff$20653 ($adff) from module compute_core.
Setting constant 1-bit at position 76 on $procdff$20653 ($adff) from module compute_core.
Setting constant 1-bit at position 77 on $procdff$20653 ($adff) from module compute_core.
Setting constant 1-bit at position 78 on $procdff$20653 ($adff) from module compute_core.
Setting constant 1-bit at position 79 on $procdff$20653 ($adff) from module compute_core.
Setting constant 1-bit at position 80 on $procdff$20653 ($adff) from module compute_core.
Setting constant 1-bit at position 81 on $procdff$20653 ($adff) from module compute_core.
Setting constant 1-bit at position 82 on $procdff$20653 ($adff) from module compute_core.
Setting constant 1-bit at position 83 on $procdff$20653 ($adff) from module compute_core.
Setting constant 1-bit at position 84 on $procdff$20653 ($adff) from module compute_core.
Setting constant 1-bit at position 85 on $procdff$20653 ($adff) from module compute_core.
Setting constant 1-bit at position 86 on $procdff$20653 ($adff) from module compute_core.
Setting constant 1-bit at position 87 on $procdff$20653 ($adff) from module compute_core.
Setting constant 1-bit at position 88 on $procdff$20653 ($adff) from module compute_core.
Setting constant 1-bit at position 89 on $procdff$20653 ($adff) from module compute_core.
Setting constant 1-bit at position 90 on $procdff$20653 ($adff) from module compute_core.
Setting constant 1-bit at position 91 on $procdff$20653 ($adff) from module compute_core.
Setting constant 1-bit at position 92 on $procdff$20653 ($adff) from module compute_core.
Setting constant 1-bit at position 93 on $procdff$20653 ($adff) from module compute_core.
Setting constant 1-bit at position 94 on $procdff$20653 ($adff) from module compute_core.
Setting constant 1-bit at position 95 on $procdff$20653 ($adff) from module compute_core.
Setting constant 1-bit at position 96 on $procdff$20653 ($adff) from module compute_core.
Setting constant 1-bit at position 97 on $procdff$20653 ($adff) from module compute_core.
Setting constant 1-bit at position 98 on $procdff$20653 ($adff) from module compute_core.
Setting constant 1-bit at position 99 on $procdff$20653 ($adff) from module compute_core.
Setting constant 1-bit at position 100 on $procdff$20653 ($adff) from module compute_core.
Setting constant 1-bit at position 101 on $procdff$20653 ($adff) from module compute_core.
Setting constant 1-bit at position 102 on $procdff$20653 ($adff) from module compute_core.
Setting constant 1-bit at position 103 on $procdff$20653 ($adff) from module compute_core.
Setting constant 1-bit at position 104 on $procdff$20653 ($adff) from module compute_core.
Setting constant 1-bit at position 105 on $procdff$20653 ($adff) from module compute_core.
Setting constant 1-bit at position 106 on $procdff$20653 ($adff) from module compute_core.
Setting constant 1-bit at position 107 on $procdff$20653 ($adff) from module compute_core.
Setting constant 1-bit at position 108 on $procdff$20653 ($adff) from module compute_core.
Setting constant 1-bit at position 109 on $procdff$20653 ($adff) from module compute_core.
Setting constant 1-bit at position 110 on $procdff$20653 ($adff) from module compute_core.
Setting constant 1-bit at position 111 on $procdff$20653 ($adff) from module compute_core.
Setting constant 1-bit at position 112 on $procdff$20653 ($adff) from module compute_core.
Setting constant 1-bit at position 113 on $procdff$20653 ($adff) from module compute_core.
Setting constant 1-bit at position 114 on $procdff$20653 ($adff) from module compute_core.
Setting constant 1-bit at position 115 on $procdff$20653 ($adff) from module compute_core.
Setting constant 1-bit at position 116 on $procdff$20653 ($adff) from module compute_core.
Setting constant 1-bit at position 117 on $procdff$20653 ($adff) from module compute_core.
Setting constant 1-bit at position 118 on $procdff$20653 ($adff) from module compute_core.
Setting constant 1-bit at position 119 on $procdff$20653 ($adff) from module compute_core.
Setting constant 1-bit at position 120 on $procdff$20653 ($adff) from module compute_core.
Setting constant 1-bit at position 121 on $procdff$20653 ($adff) from module compute_core.
Setting constant 1-bit at position 122 on $procdff$20653 ($adff) from module compute_core.
Setting constant 1-bit at position 123 on $procdff$20653 ($adff) from module compute_core.
Setting constant 1-bit at position 124 on $procdff$20653 ($adff) from module compute_core.
Setting constant 1-bit at position 125 on $procdff$20653 ($adff) from module compute_core.
Setting constant 1-bit at position 126 on $procdff$20653 ($adff) from module compute_core.
Setting constant 1-bit at position 127 on $procdff$20653 ($adff) from module compute_core.
Setting constant 1-bit at position 128 on $procdff$20653 ($adff) from module compute_core.
Setting constant 1-bit at position 129 on $procdff$20653 ($adff) from module compute_core.
Setting constant 1-bit at position 130 on $procdff$20653 ($adff) from module compute_core.
Setting constant 1-bit at position 131 on $procdff$20653 ($adff) from module compute_core.
Setting constant 1-bit at position 132 on $procdff$20653 ($adff) from module compute_core.
Setting constant 1-bit at position 133 on $procdff$20653 ($adff) from module compute_core.
Setting constant 1-bit at position 134 on $procdff$20653 ($adff) from module compute_core.
Setting constant 1-bit at position 135 on $procdff$20653 ($adff) from module compute_core.
Setting constant 1-bit at position 136 on $procdff$20653 ($adff) from module compute_core.
Setting constant 1-bit at position 137 on $procdff$20653 ($adff) from module compute_core.
Setting constant 1-bit at position 138 on $procdff$20653 ($adff) from module compute_core.
Setting constant 1-bit at position 139 on $procdff$20653 ($adff) from module compute_core.
Setting constant 1-bit at position 140 on $procdff$20653 ($adff) from module compute_core.
Setting constant 1-bit at position 141 on $procdff$20653 ($adff) from module compute_core.
Setting constant 1-bit at position 142 on $procdff$20653 ($adff) from module compute_core.
Setting constant 1-bit at position 143 on $procdff$20653 ($adff) from module compute_core.
Setting constant 1-bit at position 144 on $procdff$20653 ($adff) from module compute_core.
Setting constant 1-bit at position 145 on $procdff$20653 ($adff) from module compute_core.
Setting constant 1-bit at position 146 on $procdff$20653 ($adff) from module compute_core.
Setting constant 1-bit at position 147 on $procdff$20653 ($adff) from module compute_core.
Setting constant 1-bit at position 148 on $procdff$20653 ($adff) from module compute_core.
Setting constant 1-bit at position 149 on $procdff$20653 ($adff) from module compute_core.
Setting constant 1-bit at position 150 on $procdff$20653 ($adff) from module compute_core.
Setting constant 1-bit at position 151 on $procdff$20653 ($adff) from module compute_core.
Setting constant 1-bit at position 152 on $procdff$20653 ($adff) from module compute_core.
Setting constant 1-bit at position 153 on $procdff$20653 ($adff) from module compute_core.
Setting constant 1-bit at position 154 on $procdff$20653 ($adff) from module compute_core.
Setting constant 1-bit at position 155 on $procdff$20653 ($adff) from module compute_core.
Setting constant 1-bit at position 156 on $procdff$20653 ($adff) from module compute_core.
Setting constant 1-bit at position 157 on $procdff$20653 ($adff) from module compute_core.
Setting constant 1-bit at position 158 on $procdff$20653 ($adff) from module compute_core.
Setting constant 1-bit at position 159 on $procdff$20653 ($adff) from module compute_core.
Setting constant 1-bit at position 160 on $procdff$20653 ($adff) from module compute_core.
Setting constant 1-bit at position 161 on $procdff$20653 ($adff) from module compute_core.
Setting constant 1-bit at position 162 on $procdff$20653 ($adff) from module compute_core.
Setting constant 1-bit at position 163 on $procdff$20653 ($adff) from module compute_core.
Setting constant 1-bit at position 164 on $procdff$20653 ($adff) from module compute_core.
Setting constant 1-bit at position 165 on $procdff$20653 ($adff) from module compute_core.
Setting constant 1-bit at position 166 on $procdff$20653 ($adff) from module compute_core.
Setting constant 1-bit at position 167 on $procdff$20653 ($adff) from module compute_core.
Setting constant 1-bit at position 168 on $procdff$20653 ($adff) from module compute_core.
Setting constant 1-bit at position 169 on $procdff$20653 ($adff) from module compute_core.
Setting constant 1-bit at position 170 on $procdff$20653 ($adff) from module compute_core.
Setting constant 1-bit at position 171 on $procdff$20653 ($adff) from module compute_core.
Setting constant 1-bit at position 172 on $procdff$20653 ($adff) from module compute_core.
Setting constant 1-bit at position 173 on $procdff$20653 ($adff) from module compute_core.
Setting constant 1-bit at position 174 on $procdff$20653 ($adff) from module compute_core.
Setting constant 1-bit at position 175 on $procdff$20653 ($adff) from module compute_core.
Setting constant 1-bit at position 176 on $procdff$20653 ($adff) from module compute_core.
Setting constant 1-bit at position 177 on $procdff$20653 ($adff) from module compute_core.
Setting constant 1-bit at position 178 on $procdff$20653 ($adff) from module compute_core.
Setting constant 1-bit at position 179 on $procdff$20653 ($adff) from module compute_core.
Setting constant 1-bit at position 180 on $procdff$20653 ($adff) from module compute_core.
Setting constant 1-bit at position 181 on $procdff$20653 ($adff) from module compute_core.
Setting constant 1-bit at position 182 on $procdff$20653 ($adff) from module compute_core.
Setting constant 1-bit at position 183 on $procdff$20653 ($adff) from module compute_core.
Setting constant 1-bit at position 184 on $procdff$20653 ($adff) from module compute_core.
Setting constant 1-bit at position 185 on $procdff$20653 ($adff) from module compute_core.
Setting constant 1-bit at position 186 on $procdff$20653 ($adff) from module compute_core.
Setting constant 1-bit at position 187 on $procdff$20653 ($adff) from module compute_core.
Setting constant 1-bit at position 188 on $procdff$20653 ($adff) from module compute_core.
Setting constant 1-bit at position 189 on $procdff$20653 ($adff) from module compute_core.
Setting constant 1-bit at position 190 on $procdff$20653 ($adff) from module compute_core.
Setting constant 1-bit at position 191 on $procdff$20653 ($adff) from module compute_core.
Setting constant 1-bit at position 0 on $procdff$20652 ($adff) from module compute_core.
Setting constant 1-bit at position 1 on $procdff$20652 ($adff) from module compute_core.
Setting constant 1-bit at position 2 on $procdff$20652 ($adff) from module compute_core.
Setting constant 1-bit at position 3 on $procdff$20652 ($adff) from module compute_core.
Setting constant 1-bit at position 4 on $procdff$20652 ($adff) from module compute_core.
Setting constant 1-bit at position 5 on $procdff$20652 ($adff) from module compute_core.

7.7. Executing OPT_CLEAN pass (remove unused cells and wires).
Finding unused cells or wires in module $paramod$5ff19c0ce473189292aafc7f2ccdeae6cf22053c\spi_slave..
Finding unused cells or wires in module \top..
Finding unused cells or wires in module \compute_core..
Removed 631 unused cells and 16192 unused wires.
<suppressed ~699 debug messages>

7.8. Executing OPT_EXPR pass (perform const folding).
Optimizing module $paramod$5ff19c0ce473189292aafc7f2ccdeae6cf22053c\spi_slave.
<suppressed ~1 debug messages>
Optimizing module compute_core.
<suppressed ~6 debug messages>
Optimizing module top.
<suppressed ~3 debug messages>

7.9. Rerunning OPT passes. (Maybe there is more to do..)

7.10. Executing OPT_MUXTREE pass (detect dead branches in mux trees).
Running muxtree optimizer on module $paramod$5ff19c0ce473189292aafc7f2ccdeae6cf22053c\spi_slave..
  Creating internal representation of mux trees.
  Evaluating internal representation of mux trees.
  Analyzing evaluation results.
Running muxtree optimizer on module \compute_core..
  Creating internal representation of mux trees.
  Evaluating internal representation of mux trees.
  Analyzing evaluation results.
Running muxtree optimizer on module \top..
  Creating internal representation of mux trees.
  Evaluating internal representation of mux trees.
  Analyzing evaluation results.
Removed 0 multiplexer ports.
<suppressed ~224 debug messages>

7.11. Executing OPT_REDUCE pass (consolidate $*mux and $reduce_* inputs).
  Optimizing cells in module $paramod$5ff19c0ce473189292aafc7f2ccdeae6cf22053c\spi_slave.
  Optimizing cells in module \compute_core.
  Optimizing cells in module \top.
Performed a total of 0 changes.

7.12. Executing OPT_MERGE pass (detect identical cells).
Finding identical cells in module `$paramod$5ff19c0ce473189292aafc7f2ccdeae6cf22053c\spi_slave'.
Finding identical cells in module `\compute_core'.
<suppressed ~42 debug messages>
Finding identical cells in module `\top'.
<suppressed ~33 debug messages>
Removed a total of 25 cells.

7.13. Executing OPT_DFF pass (perform DFF optimizations).
Adding EN signal on $auto$ff.cc:266:slice$20654 ($adffe) from module $paramod$5ff19c0ce473189292aafc7f2ccdeae6cf22053c\spi_slave (D = $or$/openlane/kws/src/interface.sv:0$2485_Y, Q = \rx_data).

7.14. Executing OPT_CLEAN pass (remove unused cells and wires).
Finding unused cells or wires in module $paramod$5ff19c0ce473189292aafc7f2ccdeae6cf22053c\spi_slave..
Finding unused cells or wires in module \compute_core..
Finding unused cells or wires in module \top..
Removed 3 unused cells and 28 unused wires.
<suppressed ~6 debug messages>

7.15. Executing OPT_EXPR pass (perform const folding).
Optimizing module $paramod$5ff19c0ce473189292aafc7f2ccdeae6cf22053c\spi_slave.
Optimizing module compute_core.
Optimizing module top.

7.16. Rerunning OPT passes. (Maybe there is more to do..)

7.17. Executing OPT_MUXTREE pass (detect dead branches in mux trees).
Running muxtree optimizer on module $paramod$5ff19c0ce473189292aafc7f2ccdeae6cf22053c\spi_slave..
  Creating internal representation of mux trees.
  Evaluating internal representation of mux trees.
  Analyzing evaluation results.
Running muxtree optimizer on module \compute_core..
  Creating internal representation of mux trees.
  Evaluating internal representation of mux trees.
  Analyzing evaluation results.
Running muxtree optimizer on module \top..
  Creating internal representation of mux trees.
  Evaluating internal representation of mux trees.
  Analyzing evaluation results.
Removed 0 multiplexer ports.
<suppressed ~224 debug messages>

7.18. Executing OPT_REDUCE pass (consolidate $*mux and $reduce_* inputs).
  Optimizing cells in module $paramod$5ff19c0ce473189292aafc7f2ccdeae6cf22053c\spi_slave.
  Optimizing cells in module \compute_core.
  Optimizing cells in module \top.
Performed a total of 0 changes.

7.19. Executing OPT_MERGE pass (detect identical cells).
Finding identical cells in module `$paramod$5ff19c0ce473189292aafc7f2ccdeae6cf22053c\spi_slave'.
Finding identical cells in module `\compute_core'.
Finding identical cells in module `\top'.
Removed a total of 0 cells.

7.20. Executing OPT_DFF pass (perform DFF optimizations).

7.21. Executing OPT_CLEAN pass (remove unused cells and wires).
Finding unused cells or wires in module $paramod$5ff19c0ce473189292aafc7f2ccdeae6cf22053c\spi_slave..
Finding unused cells or wires in module \compute_core..
Finding unused cells or wires in module \top..

7.22. Executing OPT_EXPR pass (perform const folding).
Optimizing module $paramod$5ff19c0ce473189292aafc7f2ccdeae6cf22053c\spi_slave.
Optimizing module compute_core.
Optimizing module top.

7.23. Finished OPT passes. (There is nothing left to do.)

8. Executing FSM pass (extract and optimize FSM).

8.1. Executing FSM_DETECT pass (finding FSMs in design).

8.2. Executing FSM_EXTRACT pass (extracting FSM from design).

8.3. Executing FSM_OPT pass (simple optimizations of FSMs).

8.4. Executing OPT_CLEAN pass (remove unused cells and wires).
Finding unused cells or wires in module $paramod$5ff19c0ce473189292aafc7f2ccdeae6cf22053c\spi_slave..
Finding unused cells or wires in module \compute_core..
Finding unused cells or wires in module \top..

8.5. Executing FSM_OPT pass (simple optimizations of FSMs).

8.6. Executing FSM_RECODE pass (re-assigning FSM state encoding).

8.7. Executing FSM_INFO pass (dumping all available information on FSM cells).

8.8. Executing FSM_MAP pass (mapping FSMs to basic logic).

9. Executing MEMORY pass.

9.1. Executing OPT_MEM pass (optimize memories).
Performed a total of 0 transformations.

9.2. Executing OPT_MEM_PRIORITY pass (removing unnecessary memory write priority relations).
Performed a total of 0 transformations.

9.3. Executing OPT_MEM_FEEDBACK pass (finding memory read-to-write feedback paths).

9.4. Executing MEMORY_BMUX2ROM pass (converting muxes to ROMs).

9.5. Executing MEMORY_DFF pass (merging $dff cells to $memrd).

9.6. Executing OPT_CLEAN pass (remove unused cells and wires).
Finding unused cells or wires in module $paramod$5ff19c0ce473189292aafc7f2ccdeae6cf22053c\spi_slave..
Finding unused cells or wires in module \compute_core..
Finding unused cells or wires in module \top..

9.7. Executing MEMORY_SHARE pass (consolidating $memrd/$memwr cells).

9.8. Executing OPT_MEM_WIDEN pass (optimize memories where all ports are wide).
Performed a total of 0 transformations.

9.9. Executing OPT_CLEAN pass (remove unused cells and wires).
Finding unused cells or wires in module $paramod$5ff19c0ce473189292aafc7f2ccdeae6cf22053c\spi_slave..
Finding unused cells or wires in module \compute_core..
Finding unused cells or wires in module \top..

9.10. Executing MEMORY_COLLECT pass (generating $mem cells).

9.11. Executing MEMORY_MAP pass (converting memories to logic and flip-flops).

10. Executing OPT pass (performing simple optimizations).

10.1. Executing OPT_EXPR pass (perform const folding).
Optimizing module $paramod$5ff19c0ce473189292aafc7f2ccdeae6cf22053c\spi_slave.
Optimizing module compute_core.
Optimizing module top.

10.2. Executing OPT_MERGE pass (detect identical cells).
Finding identical cells in module `$paramod$5ff19c0ce473189292aafc7f2ccdeae6cf22053c\spi_slave'.
Finding identical cells in module `\compute_core'.
Finding identical cells in module `\top'.
Removed a total of 0 cells.

10.3. Executing OPT_MUXTREE pass (detect dead branches in mux trees).
Running muxtree optimizer on module $paramod$5ff19c0ce473189292aafc7f2ccdeae6cf22053c\spi_slave..
  Creating internal representation of mux trees.
  Evaluating internal representation of mux trees.
  Analyzing evaluation results.
Running muxtree optimizer on module \compute_core..
  Creating internal representation of mux trees.
  Evaluating internal representation of mux trees.
  Analyzing evaluation results.
Running muxtree optimizer on module \top..
  Creating internal representation of mux trees.
  Evaluating internal representation of mux trees.
  Analyzing evaluation results.
Removed 0 multiplexer ports.
<suppressed ~224 debug messages>

10.4. Executing OPT_REDUCE pass (consolidate $*mux and $reduce_* inputs).
  Optimizing cells in module $paramod$5ff19c0ce473189292aafc7f2ccdeae6cf22053c\spi_slave.
  Optimizing cells in module \compute_core.
  Optimizing cells in module \top.
Performed a total of 0 changes.

10.5. Executing OPT_MERGE pass (detect identical cells).
Finding identical cells in module `$paramod$5ff19c0ce473189292aafc7f2ccdeae6cf22053c\spi_slave'.
Finding identical cells in module `\compute_core'.
Finding identical cells in module `\top'.
Removed a total of 0 cells.

10.6. Executing OPT_DFF pass (perform DFF optimizations).

10.7. Executing OPT_CLEAN pass (remove unused cells and wires).
Finding unused cells or wires in module $paramod$5ff19c0ce473189292aafc7f2ccdeae6cf22053c\spi_slave..
Finding unused cells or wires in module \compute_core..
Finding unused cells or wires in module \top..

10.8. Executing OPT_EXPR pass (perform const folding).
Optimizing module $paramod$5ff19c0ce473189292aafc7f2ccdeae6cf22053c\spi_slave.
Optimizing module compute_core.
Optimizing module top.

10.9. Finished OPT passes. (There is nothing left to do.)

11. Executing TECHMAP pass (map to technology primitives).

11.1. Executing Verilog-2005 frontend: /nix/store/hj1kx74hfma2i9hkg584hkva4xjf5mmb-yosys/bin/../share/yosys/techmap.v
Parsing Verilog input from `/nix/store/hj1kx74hfma2i9hkg584hkva4xjf5mmb-yosys/bin/../share/yosys/techmap.v' to AST representation.
Generating RTLIL representation for module `\_90_simplemap_bool_ops'.
Generating RTLIL representation for module `\_90_simplemap_reduce_ops'.
Generating RTLIL representation for module `\_90_simplemap_logic_ops'.
Generating RTLIL representation for module `\_90_simplemap_compare_ops'.
Generating RTLIL representation for module `\_90_simplemap_various'.
Generating RTLIL representation for module `\_90_simplemap_registers'.
Generating RTLIL representation for module `\_90_shift_ops_shr_shl_sshl_sshr'.
Generating RTLIL representation for module `\_90_shift_shiftx'.
Generating RTLIL representation for module `\_90_fa'.
Generating RTLIL representation for module `\_90_lcu'.
Generating RTLIL representation for module `\_90_alu'.
Generating RTLIL representation for module `\_90_macc'.
Generating RTLIL representation for module `\_90_alumacc'.
Generating RTLIL representation for module `\$__div_mod_u'.
Generating RTLIL representation for module `\$__div_mod_trunc'.
Generating RTLIL representation for module `\_90_div'.
Generating RTLIL representation for module `\_90_mod'.
Generating RTLIL representation for module `\$__div_mod_floor'.
Generating RTLIL representation for module `\_90_divfloor'.
Generating RTLIL representation for module `\_90_modfloor'.
Generating RTLIL representation for module `\_90_pow'.
Generating RTLIL representation for module `\_90_pmux'.
Generating RTLIL representation for module `\_90_demux'.
Generating RTLIL representation for module `\_90_lut'.
Successfully finished Verilog frontend.

11.2. Continuing TECHMAP pass.
Using template $paramod$constmap:126ac4e29058d354321dce32af53e0916c4f3aea$paramod$e7ea75ca5fa7e6368e3eecc6bac9242e5c4723db\_90_shift_shiftx for cells of type $shiftx.
Running "alumacc" on wrapper $extern:wrap:$add:A_SIGNED=0:A_WIDTH=32:B_SIGNED=0:B_WIDTH=32:Y_WIDTH=32:394426c56d1a028ba8fdd5469b163e04011def47.
Using template $extern:wrap:$add:A_SIGNED=0:A_WIDTH=32:B_SIGNED=0:B_WIDTH=32:Y_WIDTH=32:394426c56d1a028ba8fdd5469b163e04011def47 for cells of type $extern:wrap:$add:A_SIGNED=0:A_WIDTH=32:B_SIGNED=0:B_WIDTH=32:Y_WIDTH=32:394426c56d1a028ba8fdd5469b163e04011def47.
Using template $paramod$constmap:d32e0aaece5d28860597cf844ac8e5f9614a5b5b$paramod$33ff5586584bc69c6fbd9067448fbf13883ea85d\_90_shift_shiftx for cells of type $shiftx.
Using extmapper simplemap for cells of type $eq.
Running "alumacc" on wrapper $extern:wrap:$add:A_SIGNED=0:A_WIDTH=9:B_SIGNED=0:B_WIDTH=9:Y_WIDTH=9:394426c56d1a028ba8fdd5469b163e04011def47.
Using template $extern:wrap:$add:A_SIGNED=0:A_WIDTH=9:B_SIGNED=0:B_WIDTH=9:Y_WIDTH=9:394426c56d1a028ba8fdd5469b163e04011def47 for cells of type $extern:wrap:$add:A_SIGNED=0:A_WIDTH=9:B_SIGNED=0:B_WIDTH=9:Y_WIDTH=9:394426c56d1a028ba8fdd5469b163e04011def47.
Using extmapper simplemap for cells of type $logic_not.
Using extmapper simplemap for cells of type $logic_and.
Using extmapper simplemap for cells of type $mux.
Using template $paramod$30a6a3eda691e4e16264fbb83b0421b58195fe41\_90_pmux for cells of type $pmux.
Using template $paramod$068ad458e7761d78e5eed8238508872e7b0aef95\_90_pmux for cells of type $pmux.
Using template $paramod$c5c783b17ab1d780abfad8cfe6563a0a7b47a3b0\_90_pmux for cells of type $pmux.
Using extmapper simplemap for cells of type $reduce_and.
Using extmapper simplemap for cells of type $dffe.
Using extmapper simplemap for cells of type $reduce_bool.
Using extmapper simplemap for cells of type $ne.
Using extmapper simplemap for cells of type $adffe.
Using extmapper simplemap for cells of type $adff.
Using extmapper simplemap for cells of type $reduce_or.
Using extmapper simplemap for cells of type $and.
Using template $paramod$d2fa05d38998afabc6d4f34471305d0af4b8b2df\_90_alu for cells of type $alu.
Using template $paramod$fbc7873bff55778c0b3173955b7e4bce1d9d6834\_90_alu for cells of type $alu.
Using extmapper simplemap for cells of type $not.
Using extmapper simplemap for cells of type $pos.
Using template $paramod\_90_lcu\WIDTH=32'00000000000000000000000000100000 for cells of type $lcu.
Using extmapper simplemap for cells of type $xor.
Using template $paramod\_90_lcu\WIDTH=32'00000000000000000000000000001001 for cells of type $lcu.
Using extmapper simplemap for cells of type $or.
Running "alumacc" on wrapper $extern:wrap:$add:A_SIGNED=0:A_WIDTH=8:B_SIGNED=0:B_WIDTH=8:Y_WIDTH=8:394426c56d1a028ba8fdd5469b163e04011def47.
Using template $extern:wrap:$add:A_SIGNED=0:A_WIDTH=8:B_SIGNED=0:B_WIDTH=8:Y_WIDTH=8:394426c56d1a028ba8fdd5469b163e04011def47 for cells of type $extern:wrap:$add:A_SIGNED=0:A_WIDTH=8:B_SIGNED=0:B_WIDTH=8:Y_WIDTH=8:394426c56d1a028ba8fdd5469b163e04011def47.
Running "alumacc" on wrapper $extern:wrap:$sub:A_SIGNED=1:A_WIDTH=10:B_SIGNED=1:B_WIDTH=10:Y_WIDTH=10:394426c56d1a028ba8fdd5469b163e04011def47.
Using template $extern:wrap:$sub:A_SIGNED=1:A_WIDTH=10:B_SIGNED=1:B_WIDTH=10:Y_WIDTH=10:394426c56d1a028ba8fdd5469b163e04011def47 for cells of type $extern:wrap:$sub:A_SIGNED=1:A_WIDTH=10:B_SIGNED=1:B_WIDTH=10:Y_WIDTH=10:394426c56d1a028ba8fdd5469b163e04011def47.
Running "alumacc" on wrapper $extern:wrap:$lt:A_SIGNED=0:A_WIDTH=9:B_SIGNED=0:B_WIDTH=32:Y_WIDTH=1:394426c56d1a028ba8fdd5469b163e04011def47.
Using template $extern:wrap:$lt:A_SIGNED=0:A_WIDTH=9:B_SIGNED=0:B_WIDTH=32:Y_WIDTH=1:394426c56d1a028ba8fdd5469b163e04011def47 for cells of type $extern:wrap:$lt:A_SIGNED=0:A_WIDTH=9:B_SIGNED=0:B_WIDTH=32:Y_WIDTH=1:394426c56d1a028ba8fdd5469b163e04011def47.
Running "alumacc" on wrapper $extern:wrap:$add:A_SIGNED=0:A_WIDTH=9:B_SIGNED=0:B_WIDTH=32:Y_WIDTH=32:394426c56d1a028ba8fdd5469b163e04011def47.
Using template $extern:wrap:$add:A_SIGNED=0:A_WIDTH=9:B_SIGNED=0:B_WIDTH=32:Y_WIDTH=32:394426c56d1a028ba8fdd5469b163e04011def47 for cells of type $extern:wrap:$add:A_SIGNED=0:A_WIDTH=9:B_SIGNED=0:B_WIDTH=32:Y_WIDTH=32:394426c56d1a028ba8fdd5469b163e04011def47.
Running "alumacc" on wrapper $extern:wrap:$lt:A_SIGNED=0:A_WIDTH=32:B_SIGNED=0:B_WIDTH=32:Y_WIDTH=1:394426c56d1a028ba8fdd5469b163e04011def47.
Using template $extern:wrap:$lt:A_SIGNED=0:A_WIDTH=32:B_SIGNED=0:B_WIDTH=32:Y_WIDTH=1:394426c56d1a028ba8fdd5469b163e04011def47 for cells of type $extern:wrap:$lt:A_SIGNED=0:A_WIDTH=32:B_SIGNED=0:B_WIDTH=32:Y_WIDTH=1:394426c56d1a028ba8fdd5469b163e04011def47.
Running "alumacc" on wrapper $extern:wrap:$add:A_SIGNED=0:A_WIDTH=6:B_SIGNED=0:B_WIDTH=6:Y_WIDTH=6:394426c56d1a028ba8fdd5469b163e04011def47.
Using template $extern:wrap:$add:A_SIGNED=0:A_WIDTH=6:B_SIGNED=0:B_WIDTH=6:Y_WIDTH=6:394426c56d1a028ba8fdd5469b163e04011def47 for cells of type $extern:wrap:$add:A_SIGNED=0:A_WIDTH=6:B_SIGNED=0:B_WIDTH=6:Y_WIDTH=6:394426c56d1a028ba8fdd5469b163e04011def47.
Running "alumacc" on wrapper $extern:wrap:$sub:A_SIGNED=0:A_WIDTH=32:B_SIGNED=0:B_WIDTH=32:Y_WIDTH=32:394426c56d1a028ba8fdd5469b163e04011def47.
Using template $extern:wrap:$sub:A_SIGNED=0:A_WIDTH=32:B_SIGNED=0:B_WIDTH=32:Y_WIDTH=32:394426c56d1a028ba8fdd5469b163e04011def47 for cells of type $extern:wrap:$sub:A_SIGNED=0:A_WIDTH=32:B_SIGNED=0:B_WIDTH=32:Y_WIDTH=32:394426c56d1a028ba8fdd5469b163e04011def47.
Running "alumacc" on wrapper $extern:wrap:$ge:A_SIGNED=1:A_WIDTH=10:B_SIGNED=1:B_WIDTH=32:Y_WIDTH=1:394426c56d1a028ba8fdd5469b163e04011def47.
Using template $extern:wrap:$ge:A_SIGNED=1:A_WIDTH=10:B_SIGNED=1:B_WIDTH=32:Y_WIDTH=1:394426c56d1a028ba8fdd5469b163e04011def47 for cells of type $extern:wrap:$ge:A_SIGNED=1:A_WIDTH=10:B_SIGNED=1:B_WIDTH=32:Y_WIDTH=1:394426c56d1a028ba8fdd5469b163e04011def47.
Running "alumacc" on wrapper $extern:wrap:$lt:A_SIGNED=1:A_WIDTH=10:B_SIGNED=1:B_WIDTH=32:Y_WIDTH=1:394426c56d1a028ba8fdd5469b163e04011def47.
Using template $extern:wrap:$lt:A_SIGNED=1:A_WIDTH=10:B_SIGNED=1:B_WIDTH=32:Y_WIDTH=1:394426c56d1a028ba8fdd5469b163e04011def47 for cells of type $extern:wrap:$lt:A_SIGNED=1:A_WIDTH=10:B_SIGNED=1:B_WIDTH=32:Y_WIDTH=1:394426c56d1a028ba8fdd5469b163e04011def47.
Running "alumacc" on wrapper $extern:wrap:$add:A_SIGNED=0:A_WIDTH=2:B_SIGNED=0:B_WIDTH=2:Y_WIDTH=2:394426c56d1a028ba8fdd5469b163e04011def47.
Using template $extern:wrap:$add:A_SIGNED=0:A_WIDTH=2:B_SIGNED=0:B_WIDTH=2:Y_WIDTH=2:394426c56d1a028ba8fdd5469b163e04011def47 for cells of type $extern:wrap:$add:A_SIGNED=0:A_WIDTH=2:B_SIGNED=0:B_WIDTH=2:Y_WIDTH=2:394426c56d1a028ba8fdd5469b163e04011def47.
Running "alumacc" on wrapper $extern:wrap:$add:A_SIGNED=0:A_WIDTH=3:B_SIGNED=0:B_WIDTH=3:Y_WIDTH=3:394426c56d1a028ba8fdd5469b163e04011def47.
Using template $extern:wrap:$add:A_SIGNED=0:A_WIDTH=3:B_SIGNED=0:B_WIDTH=3:Y_WIDTH=3:394426c56d1a028ba8fdd5469b163e04011def47 for cells of type $extern:wrap:$add:A_SIGNED=0:A_WIDTH=3:B_SIGNED=0:B_WIDTH=3:Y_WIDTH=3:394426c56d1a028ba8fdd5469b163e04011def47.
Running "alumacc" on wrapper $extern:wrap:$add:A_SIGNED=0:A_WIDTH=4:B_SIGNED=0:B_WIDTH=4:Y_WIDTH=4:394426c56d1a028ba8fdd5469b163e04011def47.
Using template $extern:wrap:$add:A_SIGNED=0:A_WIDTH=4:B_SIGNED=0:B_WIDTH=4:Y_WIDTH=4:394426c56d1a028ba8fdd5469b163e04011def47 for cells of type $extern:wrap:$add:A_SIGNED=0:A_WIDTH=4:B_SIGNED=0:B_WIDTH=4:Y_WIDTH=4:394426c56d1a028ba8fdd5469b163e04011def47.
Running "alumacc" on wrapper $extern:wrap:$add:A_SIGNED=0:A_WIDTH=5:B_SIGNED=0:B_WIDTH=5:Y_WIDTH=5:394426c56d1a028ba8fdd5469b163e04011def47.
Using template $extern:wrap:$add:A_SIGNED=0:A_WIDTH=5:B_SIGNED=0:B_WIDTH=5:Y_WIDTH=5:394426c56d1a028ba8fdd5469b163e04011def47 for cells of type $extern:wrap:$add:A_SIGNED=0:A_WIDTH=5:B_SIGNED=0:B_WIDTH=5:Y_WIDTH=5:394426c56d1a028ba8fdd5469b163e04011def47.
Running "alumacc" on wrapper $extern:wrap:$add:A_SIGNED=0:A_WIDTH=7:B_SIGNED=0:B_WIDTH=7:Y_WIDTH=7:394426c56d1a028ba8fdd5469b163e04011def47.
Using template $extern:wrap:$add:A_SIGNED=0:A_WIDTH=7:B_SIGNED=0:B_WIDTH=7:Y_WIDTH=7:394426c56d1a028ba8fdd5469b163e04011def47 for cells of type $extern:wrap:$add:A_SIGNED=0:A_WIDTH=7:B_SIGNED=0:B_WIDTH=7:Y_WIDTH=7:394426c56d1a028ba8fdd5469b163e04011def47.
Using template $paramod$ddca5476e0bbc2a2ab38d76dc1f9f37511337ff8\_90_pmux for cells of type $pmux.
Using template $paramod$d629d85c8826a74239b9178d1930215a43b0ceb0\_90_pmux for cells of type $pmux.
Using template $paramod$b76f0c7d813c9b9e201e1c450cfd00106058a636\_90_pmux for cells of type $pmux.
Using template $paramod$54a4503cc57b9df40b70c1899504d6aac2650719\_90_pmux for cells of type $pmux.
Using template $paramod$ed0bb9616228df1e6c226f91f8133e751815f1b1\_90_pmux for cells of type $pmux.
Using template $paramod$56f7ce6d87f8add68ca646dc02d7695a3189f8e5\_90_pmux for cells of type $pmux.
Using template $paramod$645fe0cc96ae5edb83bff90cc2c78f4a20ca3e3c\_90_pmux for cells of type $pmux.
Using template $paramod$7e708ae28ab761f11d0fb59d3ffc72f6a4baf5d9\_90_alu for cells of type $alu.
Using template $paramod$78e969f2586efcf3a5b0b0440bcca0db83d5cca2\_90_alu for cells of type $alu.
Using template $paramod$740b056ede97228d3eae64ea2fdc81f0a33e0fe7\_90_alu for cells of type $alu.
Using template $paramod$b18e16801adf491a64caa0542270798e5d4ac6b6\_90_alu for cells of type $alu.
Using template $paramod$00298f3f8094950cb9a5ff2fda48d0d8bde8806c\_90_alu for cells of type $alu.
Using template $paramod$dbcdc7e8aa1a4080cea2deda6fdc8772064f4d90\_90_alu for cells of type $alu.
Using template $paramod$a1bc51c02ce12ac21eb18988e83292af48ed7d72\_90_alu for cells of type $alu.
Using template $paramod$3d4d857737ce5ee764ebe220e87ff73b66d6d0ad\_90_alu for cells of type $alu.
Using template $paramod$403d74038787d91c0514bba9bf1032f6fa919203\_90_alu for cells of type $alu.
Using template $paramod$a77d4b6fbb68fb20c1bf15b8d79b6db75c48b7c2\_90_alu for cells of type $alu.
Using template $paramod\_90_lcu\WIDTH=32'00000000000000000000000000000010 for cells of type $lcu.
Using template $paramod\_90_lcu\WIDTH=32'00000000000000000000000000000011 for cells of type $lcu.
Using template $paramod\_90_lcu\WIDTH=32'00000000000000000000000000000100 for cells of type $lcu.
Using template $paramod\_90_lcu\WIDTH=32'00000000000000000000000000000101 for cells of type $lcu.
Using template $paramod\_90_lcu\WIDTH=32'00000000000000000000000000000110 for cells of type $lcu.
Using template $paramod\_90_lcu\WIDTH=32'00000000000000000000000000000111 for cells of type $lcu.
Using template $paramod\_90_lcu\WIDTH=32'00000000000000000000000000001000 for cells of type $lcu.
Using template $paramod\_90_lcu\WIDTH=32'00000000000000000000000000001010 for cells of type $lcu.
Running "alumacc" on wrapper $extern:wrap:$lt:A_SIGNED=0:A_WIDTH=12:B_SIGNED=0:B_WIDTH=32:Y_WIDTH=1:394426c56d1a028ba8fdd5469b163e04011def47.
Using template $extern:wrap:$lt:A_SIGNED=0:A_WIDTH=12:B_SIGNED=0:B_WIDTH=32:Y_WIDTH=1:394426c56d1a028ba8fdd5469b163e04011def47 for cells of type $extern:wrap:$lt:A_SIGNED=0:A_WIDTH=12:B_SIGNED=0:B_WIDTH=32:Y_WIDTH=1:394426c56d1a028ba8fdd5469b163e04011def47.
Using template $paramod$constmap:e97caeb027eaac663f8383322d500e543fc69ea1$paramod$729053c34d920e18d2192295dbd881988fd62a6c\_90_shift_shiftx for cells of type $shift.
Running "alumacc" on wrapper $extern:wrap:$neg:A_SIGNED=1:A_WIDTH=33:Y_WIDTH=33:394426c56d1a028ba8fdd5469b163e04011def47.
Using template $extern:wrap:$neg:A_SIGNED=1:A_WIDTH=33:Y_WIDTH=33:394426c56d1a028ba8fdd5469b163e04011def47 for cells of type $extern:wrap:$neg:A_SIGNED=1:A_WIDTH=33:Y_WIDTH=33:394426c56d1a028ba8fdd5469b163e04011def47.
Analyzing pattern of constant bits for this cell:
Creating constmapped module `$paramod$constmap:73c6f0219ac216465feb51790e208e33b8021d1e$paramod$729053c34d920e18d2192295dbd881988fd62a6c\_90_shift_shiftx'.

11.138. Executing OPT_MUXTREE pass (detect dead branches in mux trees).
Running muxtree optimizer on module $paramod$constmap:73c6f0219ac216465feb51790e208e33b8021d1e$paramod$729053c34d920e18d2192295dbd881988fd62a6c\_90_shift_shiftx..
  Creating internal representation of mux trees.
  Evaluating internal representation of mux trees.
  Analyzing evaluation results.
    dead port 2/2 on $mux $procmux$172081.
    dead port 2/2 on $mux $procmux$172075.
    dead port 2/2 on $mux $procmux$172069.
    dead port 2/2 on $mux $procmux$172063.
    dead port 2/2 on $mux $procmux$172057.
    dead port 2/2 on $mux $procmux$172051.
    dead port 2/2 on $mux $procmux$172045.
    dead port 2/2 on $mux $procmux$172039.
    dead port 2/2 on $mux $procmux$172033.
    dead port 2/2 on $mux $procmux$172027.
Removed 10 multiplexer ports.
<suppressed ~10745 debug messages>

11.139. Executing OPT_EXPR pass (perform const folding).
Optimizing module $paramod$constmap:73c6f0219ac216465feb51790e208e33b8021d1e$paramod$729053c34d920e18d2192295dbd881988fd62a6c\_90_shift_shiftx.
<suppressed ~24 debug messages>
Removed 0 unused cells and 15 unused wires.
Using template $paramod$constmap:73c6f0219ac216465feb51790e208e33b8021d1e$paramod$729053c34d920e18d2192295dbd881988fd62a6c\_90_shift_shiftx for cells of type $shift.
Running "alumacc" on wrapper $extern:wrap:$add:A_SIGNED=0:A_WIDTH=12:B_SIGNED=0:B_WIDTH=12:Y_WIDTH=12:394426c56d1a028ba8fdd5469b163e04011def47.
Using template $extern:wrap:$add:A_SIGNED=0:A_WIDTH=12:B_SIGNED=0:B_WIDTH=12:Y_WIDTH=12:394426c56d1a028ba8fdd5469b163e04011def47 for cells of type $extern:wrap:$add:A_SIGNED=0:A_WIDTH=12:B_SIGNED=0:B_WIDTH=12:Y_WIDTH=12:394426c56d1a028ba8fdd5469b163e04011def47.
Running "alumacc" on wrapper $extern:wrap:$lt:A_SIGNED=0:A_WIDTH=4:B_SIGNED=0:B_WIDTH=32:Y_WIDTH=1:394426c56d1a028ba8fdd5469b163e04011def47.
Using template $extern:wrap:$lt:A_SIGNED=0:A_WIDTH=4:B_SIGNED=0:B_WIDTH=32:Y_WIDTH=1:394426c56d1a028ba8fdd5469b163e04011def47 for cells of type $extern:wrap:$lt:A_SIGNED=0:A_WIDTH=4:B_SIGNED=0:B_WIDTH=32:Y_WIDTH=1:394426c56d1a028ba8fdd5469b163e04011def47.
Using template $paramod$constmap:6d35985b02ab88aecae6cc370daecdff844e4dbb$paramod$0d17cd9fc148954b4aad89de9d28373b41a79f91\_90_shift_shiftx for cells of type $shiftx.
Running "alumacc" on wrapper $extern:wrap:$add:A_SIGNED=0:A_WIDTH=4:B_SIGNED=0:B_WIDTH=32:Y_WIDTH=32:394426c56d1a028ba8fdd5469b163e04011def47.
Using template $extern:wrap:$add:A_SIGNED=0:A_WIDTH=4:B_SIGNED=0:B_WIDTH=32:Y_WIDTH=32:394426c56d1a028ba8fdd5469b163e04011def47 for cells of type $extern:wrap:$add:A_SIGNED=0:A_WIDTH=4:B_SIGNED=0:B_WIDTH=32:Y_WIDTH=32:394426c56d1a028ba8fdd5469b163e04011def47.
Using template $paramod$constmap:93643668a270833d560a8bf741e68fb1d59b9546$paramod$e8e9a27e00df6a804bfb46e208669d574c60bc82\_90_shift_shiftx for cells of type $shiftx.
Using template $paramod$dc6f880019a6bd7fa92cb40fac86c31d8bbc92e4\_90_alu for cells of type $alu.
Using template $paramod$e3e2a2ae1e4d598b5e0e0be67cc1104653ecf8c1\_90_alu for cells of type $alu.
Using template $paramod$ee3d784672cdb1cb32d9a801a3af776716f16b74\_90_alu for cells of type $alu.
Using template $paramod$a7817265ef3ab2ee43da53bbd8a90f6450d412d9\_90_alu for cells of type $alu.
Using template $paramod\_90_lcu\WIDTH=32'00000000000000000000000000100001 for cells of type $lcu.
Using template $paramod\_90_lcu\WIDTH=32'00000000000000000000000000001100 for cells of type $lcu.
No more expansions possible.
<suppressed ~2355 debug messages>

12. Executing OPT pass (performing simple optimizations).

12.1. Executing OPT_EXPR pass (perform const folding).
Optimizing module $paramod$5ff19c0ce473189292aafc7f2ccdeae6cf22053c\spi_slave.
<suppressed ~39875 debug messages>
Optimizing module compute_core.
<suppressed ~7224 debug messages>
Optimizing module top.
<suppressed ~46153 debug messages>

12.2. Executing OPT_MERGE pass (detect identical cells).
Finding identical cells in module `$paramod$5ff19c0ce473189292aafc7f2ccdeae6cf22053c\spi_slave'.
<suppressed ~7551 debug messages>
Finding identical cells in module `\compute_core'.
<suppressed ~5709 debug messages>
Finding identical cells in module `\top'.
<suppressed ~130902 debug messages>
Removed a total of 48054 cells.

12.3. Executing OPT_MUXTREE pass (detect dead branches in mux trees).
Running muxtree optimizer on module $paramod$5ff19c0ce473189292aafc7f2ccdeae6cf22053c\spi_slave..
  Creating internal representation of mux trees.
  No muxes found in this module.
Running muxtree optimizer on module \compute_core..
  Creating internal representation of mux trees.
  No muxes found in this module.
Running muxtree optimizer on module \top..
  Creating internal representation of mux trees.
  No muxes found in this module.
Removed 0 multiplexer ports.

12.4. Executing OPT_REDUCE pass (consolidate $*mux and $reduce_* inputs).
  Optimizing cells in module $paramod$5ff19c0ce473189292aafc7f2ccdeae6cf22053c\spi_slave.
  Optimizing cells in module \compute_core.
  Optimizing cells in module \top.
Performed a total of 0 changes.

12.5. Executing OPT_MERGE pass (detect identical cells).
Finding identical cells in module `$paramod$5ff19c0ce473189292aafc7f2ccdeae6cf22053c\spi_slave'.
Finding identical cells in module `\compute_core'.
Finding identical cells in module `\top'.
Removed a total of 0 cells.

12.6. Executing OPT_DFF pass (perform DFF optimizations).
Setting constant 0-bit at position 0 on $auto$ff.cc:266:slice$131440 ($_DFFE_PN0N_) from module compute_core.

12.7. Executing OPT_CLEAN pass (remove unused cells and wires).
Finding unused cells or wires in module $paramod$5ff19c0ce473189292aafc7f2ccdeae6cf22053c\spi_slave..
Finding unused cells or wires in module \compute_core..
Finding unused cells or wires in module \top..
Removed 8288 unused cells and 13584 unused wires.
<suppressed ~8291 debug messages>

12.8. Executing OPT_EXPR pass (perform const folding).
Optimizing module $paramod$5ff19c0ce473189292aafc7f2ccdeae6cf22053c\spi_slave.
Optimizing module compute_core.
<suppressed ~20 debug messages>
Optimizing module top.

12.9. Rerunning OPT passes. (Maybe there is more to do..)

12.10. Executing OPT_MUXTREE pass (detect dead branches in mux trees).
Running muxtree optimizer on module $paramod$5ff19c0ce473189292aafc7f2ccdeae6cf22053c\spi_slave..
  Creating internal representation of mux trees.
  No muxes found in this module.
Running muxtree optimizer on module \compute_core..
  Creating internal representation of mux trees.
  No muxes found in this module.
Running muxtree optimizer on module \top..
  Creating internal representation of mux trees.
  No muxes found in this module.
Removed 0 multiplexer ports.

12.11. Executing OPT_REDUCE pass (consolidate $*mux and $reduce_* inputs).
  Optimizing cells in module $paramod$5ff19c0ce473189292aafc7f2ccdeae6cf22053c\spi_slave.
  Optimizing cells in module \compute_core.
  Optimizing cells in module \top.
Performed a total of 0 changes.

12.12. Executing OPT_MERGE pass (detect identical cells).
Finding identical cells in module `$paramod$5ff19c0ce473189292aafc7f2ccdeae6cf22053c\spi_slave'.
Finding identical cells in module `\compute_core'.
<suppressed ~24 debug messages>
Finding identical cells in module `\top'.
Removed a total of 8 cells.

12.13. Executing OPT_DFF pass (perform DFF optimizations).

12.14. Executing OPT_CLEAN pass (remove unused cells and wires).
Finding unused cells or wires in module $paramod$5ff19c0ce473189292aafc7f2ccdeae6cf22053c\spi_slave..
Finding unused cells or wires in module \compute_core..
Finding unused cells or wires in module \top..
Removed 0 unused cells and 16 unused wires.
<suppressed ~1 debug messages>

12.15. Executing OPT_EXPR pass (perform const folding).
Optimizing module $paramod$5ff19c0ce473189292aafc7f2ccdeae6cf22053c\spi_slave.
Optimizing module compute_core.
Optimizing module top.

12.16. Rerunning OPT passes. (Maybe there is more to do..)

12.17. Executing OPT_MUXTREE pass (detect dead branches in mux trees).
Running muxtree optimizer on module $paramod$5ff19c0ce473189292aafc7f2ccdeae6cf22053c\spi_slave..
  Creating internal representation of mux trees.
  No muxes found in this module.
Running muxtree optimizer on module \compute_core..
  Creating internal representation of mux trees.
  No muxes found in this module.
Running muxtree optimizer on module \top..
  Creating internal representation of mux trees.
  No muxes found in this module.
Removed 0 multiplexer ports.

12.18. Executing OPT_REDUCE pass (consolidate $*mux and $reduce_* inputs).
  Optimizing cells in module $paramod$5ff19c0ce473189292aafc7f2ccdeae6cf22053c\spi_slave.
  Optimizing cells in module \compute_core.
  Optimizing cells in module \top.
Performed a total of 0 changes.

12.19. Executing OPT_MERGE pass (detect identical cells).
Finding identical cells in module `$paramod$5ff19c0ce473189292aafc7f2ccdeae6cf22053c\spi_slave'.
Finding identical cells in module `\compute_core'.
Finding identical cells in module `\top'.
Removed a total of 0 cells.

12.20. Executing OPT_DFF pass (perform DFF optimizations).

12.21. Executing OPT_CLEAN pass (remove unused cells and wires).
Finding unused cells or wires in module $paramod$5ff19c0ce473189292aafc7f2ccdeae6cf22053c\spi_slave..
Finding unused cells or wires in module \compute_core..
Finding unused cells or wires in module \top..

12.22. Executing OPT_EXPR pass (perform const folding).
Optimizing module $paramod$5ff19c0ce473189292aafc7f2ccdeae6cf22053c\spi_slave.
Optimizing module compute_core.
Optimizing module top.

12.23. Finished OPT passes. (There is nothing left to do.)

13. Executing DFFLIBMAP pass (mapping DFF cells to sequential cells from liberty file).
Warning: Found unsupported expression 'D&!SCE|SCD&SCE' in pin attribute of cell 'sky130_fd_sc_hd__sdfbbn_1' - skipping.
Warning: Found unsupported expression 'D&!SCE|SCD&SCE' in pin attribute of cell 'sky130_fd_sc_hd__sdfbbn_2' - skipping.
Warning: Found unsupported expression 'D&!SCE|SCD&SCE' in pin attribute of cell 'sky130_fd_sc_hd__sdfrtn_1' - skipping.
Warning: Found unsupported expression 'D&DE|IQ&!DE' in pin attribute of cell 'sky130_fd_sc_hd__edfxbp_1' - skipping.
Warning: Found unsupported expression 'D&DE|IQ&!DE' in pin attribute of cell 'sky130_fd_sc_hd__edfxtp_1' - skipping.
Warning: Found unsupported expression 'D&!SCE|SCD&SCE' in pin attribute of cell 'sky130_fd_sc_hd__sdfbbp_1' - skipping.
Warning: Found unsupported expression 'D&!SCE|SCD&SCE' in pin attribute of cell 'sky130_fd_sc_hd__sdfrbp_1' - skipping.
Warning: Found unsupported expression 'D&!SCE|SCD&SCE' in pin attribute of cell 'sky130_fd_sc_hd__sdfrbp_2' - skipping.
Warning: Found unsupported expression 'D&!SCE|SCD&SCE' in pin attribute of cell 'sky130_fd_sc_hd__sdfrtp_1' - skipping.
Warning: Found unsupported expression 'D&!SCE|SCD&SCE' in pin attribute of cell 'sky130_fd_sc_hd__sdfrtp_2' - skipping.
Warning: Found unsupported expression 'D&!SCE|SCD&SCE' in pin attribute of cell 'sky130_fd_sc_hd__sdfrtp_4' - skipping.
Warning: Found unsupported expression 'D&!SCE|SCD&SCE' in pin attribute of cell 'sky130_fd_sc_hd__sdfsbp_1' - skipping.
Warning: Found unsupported expression 'D&!SCE|SCD&SCE' in pin attribute of cell 'sky130_fd_sc_hd__sdfsbp_2' - skipping.
Warning: Found unsupported expression 'D&!SCE|SCD&SCE' in pin attribute of cell 'sky130_fd_sc_hd__sdfstp_1' - skipping.
Warning: Found unsupported expression 'D&!SCE|SCD&SCE' in pin attribute of cell 'sky130_fd_sc_hd__sdfstp_2' - skipping.
Warning: Found unsupported expression 'D&!SCE|SCD&SCE' in pin attribute of cell 'sky130_fd_sc_hd__sdfstp_4' - skipping.
Warning: Found unsupported expression 'D&!SCE|SCD&SCE' in pin attribute of cell 'sky130_fd_sc_hd__sdfxbp_1' - skipping.
Warning: Found unsupported expression 'D&!SCE|SCD&SCE' in pin attribute of cell 'sky130_fd_sc_hd__sdfxbp_2' - skipping.
Warning: Found unsupported expression 'D&!SCE|SCD&SCE' in pin attribute of cell 'sky130_fd_sc_hd__sdfxtp_1' - skipping.
Warning: Found unsupported expression 'D&!SCE|SCD&SCE' in pin attribute of cell 'sky130_fd_sc_hd__sdfxtp_2' - skipping.
Warning: Found unsupported expression 'D&!SCE|SCD&SCE' in pin attribute of cell 'sky130_fd_sc_hd__sdfxtp_4' - skipping.
Warning: Found unsupported expression 'D&DE&!SCE|IQ&!DE&!SCE|SCD&SCE' in pin attribute of cell 'sky130_fd_sc_hd__sedfxbp_1' - skipping.
Warning: Found unsupported expression 'D&DE&!SCE|IQ&!DE&!SCE|SCD&SCE' in pin attribute of cell 'sky130_fd_sc_hd__sedfxbp_2' - skipping.
Warning: Found unsupported expression 'D&DE&!SCE|IQ&!DE&!SCE|SCD&SCE' in pin attribute of cell 'sky130_fd_sc_hd__sedfxtp_1' - skipping.
Warning: Found unsupported expression 'D&DE&!SCE|IQ&!DE&!SCE|SCD&SCE' in pin attribute of cell 'sky130_fd_sc_hd__sedfxtp_2' - skipping.
Warning: Found unsupported expression 'D&DE&!SCE|IQ&!DE&!SCE|SCD&SCE' in pin attribute of cell 'sky130_fd_sc_hd__sedfxtp_4' - skipping.
  cell sky130_fd_sc_hd__dfxtp_1 (noninv, pins=3, area=20.02) is a direct match for cell type $_DFF_P_.
Warning: Found unsupported expression 'D&!SCE|SCD&SCE' in pin attribute of cell 'sky130_fd_sc_hd__sdfbbn_1' - skipping.
Warning: Found unsupported expression 'D&!SCE|SCD&SCE' in pin attribute of cell 'sky130_fd_sc_hd__sdfbbn_2' - skipping.
Warning: Found unsupported expression 'D&!SCE|SCD&SCE' in pin attribute of cell 'sky130_fd_sc_hd__sdfrtn_1' - skipping.
  cell sky130_fd_sc_hd__dfrtn_1 (noninv, pins=4, area=25.02) is a direct match for cell type $_DFF_NN0_.
Warning: Found unsupported expression 'D&!SCE|SCD&SCE' in pin attribute of cell 'sky130_fd_sc_hd__sdfbbn_1' - skipping.
Warning: Found unsupported expression 'D&!SCE|SCD&SCE' in pin attribute of cell 'sky130_fd_sc_hd__sdfbbn_2' - skipping.
Warning: Found unsupported expression 'D&!SCE|SCD&SCE' in pin attribute of cell 'sky130_fd_sc_hd__sdfrtn_1' - skipping.
Warning: Found unsupported expression 'D&!SCE|SCD&SCE' in pin attribute of cell 'sky130_fd_sc_hd__sdfbbn_1' - skipping.
Warning: Found unsupported expression 'D&!SCE|SCD&SCE' in pin attribute of cell 'sky130_fd_sc_hd__sdfbbn_2' - skipping.
Warning: Found unsupported expression 'D&!SCE|SCD&SCE' in pin attribute of cell 'sky130_fd_sc_hd__sdfrtn_1' - skipping.
Warning: Found unsupported expression 'D&!SCE|SCD&SCE' in pin attribute of cell 'sky130_fd_sc_hd__sdfbbn_1' - skipping.
Warning: Found unsupported expression 'D&!SCE|SCD&SCE' in pin attribute of cell 'sky130_fd_sc_hd__sdfbbn_2' - skipping.
Warning: Found unsupported expression 'D&!SCE|SCD&SCE' in pin attribute of cell 'sky130_fd_sc_hd__sdfrtn_1' - skipping.
Warning: Found unsupported expression 'D&DE|IQ&!DE' in pin attribute of cell 'sky130_fd_sc_hd__edfxbp_1' - skipping.
Warning: Found unsupported expression 'D&DE|IQ&!DE' in pin attribute of cell 'sky130_fd_sc_hd__edfxtp_1' - skipping.
Warning: Found unsupported expression 'D&!SCE|SCD&SCE' in pin attribute of cell 'sky130_fd_sc_hd__sdfbbp_1' - skipping.
Warning: Found unsupported expression 'D&!SCE|SCD&SCE' in pin attribute of cell 'sky130_fd_sc_hd__sdfrbp_1' - skipping.
Warning: Found unsupported expression 'D&!SCE|SCD&SCE' in pin attribute of cell 'sky130_fd_sc_hd__sdfrbp_2' - skipping.
Warning: Found unsupported expression 'D&!SCE|SCD&SCE' in pin attribute of cell 'sky130_fd_sc_hd__sdfrtp_1' - skipping.
Warning: Found unsupported expression 'D&!SCE|SCD&SCE' in pin attribute of cell 'sky130_fd_sc_hd__sdfrtp_2' - skipping.
Warning: Found unsupported expression 'D&!SCE|SCD&SCE' in pin attribute of cell 'sky130_fd_sc_hd__sdfrtp_4' - skipping.
Warning: Found unsupported expression 'D&!SCE|SCD&SCE' in pin attribute of cell 'sky130_fd_sc_hd__sdfsbp_1' - skipping.
Warning: Found unsupported expression 'D&!SCE|SCD&SCE' in pin attribute of cell 'sky130_fd_sc_hd__sdfsbp_2' - skipping.
Warning: Found unsupported expression 'D&!SCE|SCD&SCE' in pin attribute of cell 'sky130_fd_sc_hd__sdfstp_1' - skipping.
Warning: Found unsupported expression 'D&!SCE|SCD&SCE' in pin attribute of cell 'sky130_fd_sc_hd__sdfstp_2' - skipping.
Warning: Found unsupported expression 'D&!SCE|SCD&SCE' in pin attribute of cell 'sky130_fd_sc_hd__sdfstp_4' - skipping.
Warning: Found unsupported expression 'D&!SCE|SCD&SCE' in pin attribute of cell 'sky130_fd_sc_hd__sdfxbp_1' - skipping.
Warning: Found unsupported expression 'D&!SCE|SCD&SCE' in pin attribute of cell 'sky130_fd_sc_hd__sdfxbp_2' - skipping.
Warning: Found unsupported expression 'D&!SCE|SCD&SCE' in pin attribute of cell 'sky130_fd_sc_hd__sdfxtp_1' - skipping.
Warning: Found unsupported expression 'D&!SCE|SCD&SCE' in pin attribute of cell 'sky130_fd_sc_hd__sdfxtp_2' - skipping.
Warning: Found unsupported expression 'D&!SCE|SCD&SCE' in pin attribute of cell 'sky130_fd_sc_hd__sdfxtp_4' - skipping.
Warning: Found unsupported expression 'D&DE&!SCE|IQ&!DE&!SCE|SCD&SCE' in pin attribute of cell 'sky130_fd_sc_hd__sedfxbp_1' - skipping.
Warning: Found unsupported expression 'D&DE&!SCE|IQ&!DE&!SCE|SCD&SCE' in pin attribute of cell 'sky130_fd_sc_hd__sedfxbp_2' - skipping.
Warning: Found unsupported expression 'D&DE&!SCE|IQ&!DE&!SCE|SCD&SCE' in pin attribute of cell 'sky130_fd_sc_hd__sedfxtp_1' - skipping.
Warning: Found unsupported expression 'D&DE&!SCE|IQ&!DE&!SCE|SCD&SCE' in pin attribute of cell 'sky130_fd_sc_hd__sedfxtp_2' - skipping.
Warning: Found unsupported expression 'D&DE&!SCE|IQ&!DE&!SCE|SCD&SCE' in pin attribute of cell 'sky130_fd_sc_hd__sedfxtp_4' - skipping.
  cell sky130_fd_sc_hd__dfrtp_1 (noninv, pins=4, area=25.02) is a direct match for cell type $_DFF_PN0_.
Warning: Found unsupported expression 'D&DE|IQ&!DE' in pin attribute of cell 'sky130_fd_sc_hd__edfxbp_1' - skipping.
Warning: Found unsupported expression 'D&DE|IQ&!DE' in pin attribute of cell 'sky130_fd_sc_hd__edfxtp_1' - skipping.
Warning: Found unsupported expression 'D&!SCE|SCD&SCE' in pin attribute of cell 'sky130_fd_sc_hd__sdfbbp_1' - skipping.
Warning: Found unsupported expression 'D&!SCE|SCD&SCE' in pin attribute of cell 'sky130_fd_sc_hd__sdfrbp_1' - skipping.
Warning: Found unsupported expression 'D&!SCE|SCD&SCE' in pin attribute of cell 'sky130_fd_sc_hd__sdfrbp_2' - skipping.
Warning: Found unsupported expression 'D&!SCE|SCD&SCE' in pin attribute of cell 'sky130_fd_sc_hd__sdfrtp_1' - skipping.
Warning: Found unsupported expression 'D&!SCE|SCD&SCE' in pin attribute of cell 'sky130_fd_sc_hd__sdfrtp_2' - skipping.
Warning: Found unsupported expression 'D&!SCE|SCD&SCE' in pin attribute of cell 'sky130_fd_sc_hd__sdfrtp_4' - skipping.
Warning: Found unsupported expression 'D&!SCE|SCD&SCE' in pin attribute of cell 'sky130_fd_sc_hd__sdfsbp_1' - skipping.
Warning: Found unsupported expression 'D&!SCE|SCD&SCE' in pin attribute of cell 'sky130_fd_sc_hd__sdfsbp_2' - skipping.
Warning: Found unsupported expression 'D&!SCE|SCD&SCE' in pin attribute of cell 'sky130_fd_sc_hd__sdfstp_1' - skipping.
Warning: Found unsupported expression 'D&!SCE|SCD&SCE' in pin attribute of cell 'sky130_fd_sc_hd__sdfstp_2' - skipping.
Warning: Found unsupported expression 'D&!SCE|SCD&SCE' in pin attribute of cell 'sky130_fd_sc_hd__sdfstp_4' - skipping.
Warning: Found unsupported expression 'D&!SCE|SCD&SCE' in pin attribute of cell 'sky130_fd_sc_hd__sdfxbp_1' - skipping.
Warning: Found unsupported expression 'D&!SCE|SCD&SCE' in pin attribute of cell 'sky130_fd_sc_hd__sdfxbp_2' - skipping.
Warning: Found unsupported expression 'D&!SCE|SCD&SCE' in pin attribute of cell 'sky130_fd_sc_hd__sdfxtp_1' - skipping.
Warning: Found unsupported expression 'D&!SCE|SCD&SCE' in pin attribute of cell 'sky130_fd_sc_hd__sdfxtp_2' - skipping.
Warning: Found unsupported expression 'D&!SCE|SCD&SCE' in pin attribute of cell 'sky130_fd_sc_hd__sdfxtp_4' - skipping.
Warning: Found unsupported expression 'D&DE&!SCE|IQ&!DE&!SCE|SCD&SCE' in pin attribute of cell 'sky130_fd_sc_hd__sedfxbp_1' - skipping.
Warning: Found unsupported expression 'D&DE&!SCE|IQ&!DE&!SCE|SCD&SCE' in pin attribute of cell 'sky130_fd_sc_hd__sedfxbp_2' - skipping.
Warning: Found unsupported expression 'D&DE&!SCE|IQ&!DE&!SCE|SCD&SCE' in pin attribute of cell 'sky130_fd_sc_hd__sedfxtp_1' - skipping.
Warning: Found unsupported expression 'D&DE&!SCE|IQ&!DE&!SCE|SCD&SCE' in pin attribute of cell 'sky130_fd_sc_hd__sedfxtp_2' - skipping.
Warning: Found unsupported expression 'D&DE&!SCE|IQ&!DE&!SCE|SCD&SCE' in pin attribute of cell 'sky130_fd_sc_hd__sedfxtp_4' - skipping.
  cell sky130_fd_sc_hd__dfstp_2 (noninv, pins=4, area=26.28) is a direct match for cell type $_DFF_PN1_.
Warning: Found unsupported expression 'D&DE|IQ&!DE' in pin attribute of cell 'sky130_fd_sc_hd__edfxbp_1' - skipping.
Warning: Found unsupported expression 'D&DE|IQ&!DE' in pin attribute of cell 'sky130_fd_sc_hd__edfxtp_1' - skipping.
Warning: Found unsupported expression 'D&!SCE|SCD&SCE' in pin attribute of cell 'sky130_fd_sc_hd__sdfbbp_1' - skipping.
Warning: Found unsupported expression 'D&!SCE|SCD&SCE' in pin attribute of cell 'sky130_fd_sc_hd__sdfrbp_1' - skipping.
Warning: Found unsupported expression 'D&!SCE|SCD&SCE' in pin attribute of cell 'sky130_fd_sc_hd__sdfrbp_2' - skipping.
Warning: Found unsupported expression 'D&!SCE|SCD&SCE' in pin attribute of cell 'sky130_fd_sc_hd__sdfrtp_1' - skipping.
Warning: Found unsupported expression 'D&!SCE|SCD&SCE' in pin attribute of cell 'sky130_fd_sc_hd__sdfrtp_2' - skipping.
Warning: Found unsupported expression 'D&!SCE|SCD&SCE' in pin attribute of cell 'sky130_fd_sc_hd__sdfrtp_4' - skipping.
Warning: Found unsupported expression 'D&!SCE|SCD&SCE' in pin attribute of cell 'sky130_fd_sc_hd__sdfsbp_1' - skipping.
Warning: Found unsupported expression 'D&!SCE|SCD&SCE' in pin attribute of cell 'sky130_fd_sc_hd__sdfsbp_2' - skipping.
Warning: Found unsupported expression 'D&!SCE|SCD&SCE' in pin attribute of cell 'sky130_fd_sc_hd__sdfstp_1' - skipping.
Warning: Found unsupported expression 'D&!SCE|SCD&SCE' in pin attribute of cell 'sky130_fd_sc_hd__sdfstp_2' - skipping.
Warning: Found unsupported expression 'D&!SCE|SCD&SCE' in pin attribute of cell 'sky130_fd_sc_hd__sdfstp_4' - skipping.
Warning: Found unsupported expression 'D&!SCE|SCD&SCE' in pin attribute of cell 'sky130_fd_sc_hd__sdfxbp_1' - skipping.
Warning: Found unsupported expression 'D&!SCE|SCD&SCE' in pin attribute of cell 'sky130_fd_sc_hd__sdfxbp_2' - skipping.
Warning: Found unsupported expression 'D&!SCE|SCD&SCE' in pin attribute of cell 'sky130_fd_sc_hd__sdfxtp_1' - skipping.
Warning: Found unsupported expression 'D&!SCE|SCD&SCE' in pin attribute of cell 'sky130_fd_sc_hd__sdfxtp_2' - skipping.
Warning: Found unsupported expression 'D&!SCE|SCD&SCE' in pin attribute of cell 'sky130_fd_sc_hd__sdfxtp_4' - skipping.
Warning: Found unsupported expression 'D&DE&!SCE|IQ&!DE&!SCE|SCD&SCE' in pin attribute of cell 'sky130_fd_sc_hd__sedfxbp_1' - skipping.
Warning: Found unsupported expression 'D&DE&!SCE|IQ&!DE&!SCE|SCD&SCE' in pin attribute of cell 'sky130_fd_sc_hd__sedfxbp_2' - skipping.
Warning: Found unsupported expression 'D&DE&!SCE|IQ&!DE&!SCE|SCD&SCE' in pin attribute of cell 'sky130_fd_sc_hd__sedfxtp_1' - skipping.
Warning: Found unsupported expression 'D&DE&!SCE|IQ&!DE&!SCE|SCD&SCE' in pin attribute of cell 'sky130_fd_sc_hd__sedfxtp_2' - skipping.
Warning: Found unsupported expression 'D&DE&!SCE|IQ&!DE&!SCE|SCD&SCE' in pin attribute of cell 'sky130_fd_sc_hd__sedfxtp_4' - skipping.
Warning: Found unsupported expression 'D&DE|IQ&!DE' in pin attribute of cell 'sky130_fd_sc_hd__edfxbp_1' - skipping.
Warning: Found unsupported expression 'D&DE|IQ&!DE' in pin attribute of cell 'sky130_fd_sc_hd__edfxtp_1' - skipping.
Warning: Found unsupported expression 'D&!SCE|SCD&SCE' in pin attribute of cell 'sky130_fd_sc_hd__sdfbbp_1' - skipping.
Warning: Found unsupported expression 'D&!SCE|SCD&SCE' in pin attribute of cell 'sky130_fd_sc_hd__sdfrbp_1' - skipping.
Warning: Found unsupported expression 'D&!SCE|SCD&SCE' in pin attribute of cell 'sky130_fd_sc_hd__sdfrbp_2' - skipping.
Warning: Found unsupported expression 'D&!SCE|SCD&SCE' in pin attribute of cell 'sky130_fd_sc_hd__sdfrtp_1' - skipping.
Warning: Found unsupported expression 'D&!SCE|SCD&SCE' in pin attribute of cell 'sky130_fd_sc_hd__sdfrtp_2' - skipping.
Warning: Found unsupported expression 'D&!SCE|SCD&SCE' in pin attribute of cell 'sky130_fd_sc_hd__sdfrtp_4' - skipping.
Warning: Found unsupported expression 'D&!SCE|SCD&SCE' in pin attribute of cell 'sky130_fd_sc_hd__sdfsbp_1' - skipping.
Warning: Found unsupported expression 'D&!SCE|SCD&SCE' in pin attribute of cell 'sky130_fd_sc_hd__sdfsbp_2' - skipping.
Warning: Found unsupported expression 'D&!SCE|SCD&SCE' in pin attribute of cell 'sky130_fd_sc_hd__sdfstp_1' - skipping.
Warning: Found unsupported expression 'D&!SCE|SCD&SCE' in pin attribute of cell 'sky130_fd_sc_hd__sdfstp_2' - skipping.
Warning: Found unsupported expression 'D&!SCE|SCD&SCE' in pin attribute of cell 'sky130_fd_sc_hd__sdfstp_4' - skipping.
Warning: Found unsupported expression 'D&!SCE|SCD&SCE' in pin attribute of cell 'sky130_fd_sc_hd__sdfxbp_1' - skipping.
Warning: Found unsupported expression 'D&!SCE|SCD&SCE' in pin attribute of cell 'sky130_fd_sc_hd__sdfxbp_2' - skipping.
Warning: Found unsupported expression 'D&!SCE|SCD&SCE' in pin attribute of cell 'sky130_fd_sc_hd__sdfxtp_1' - skipping.
Warning: Found unsupported expression 'D&!SCE|SCD&SCE' in pin attribute of cell 'sky130_fd_sc_hd__sdfxtp_2' - skipping.
Warning: Found unsupported expression 'D&!SCE|SCD&SCE' in pin attribute of cell 'sky130_fd_sc_hd__sdfxtp_4' - skipping.
Warning: Found unsupported expression 'D&DE&!SCE|IQ&!DE&!SCE|SCD&SCE' in pin attribute of cell 'sky130_fd_sc_hd__sedfxbp_1' - skipping.
Warning: Found unsupported expression 'D&DE&!SCE|IQ&!DE&!SCE|SCD&SCE' in pin attribute of cell 'sky130_fd_sc_hd__sedfxbp_2' - skipping.
Warning: Found unsupported expression 'D&DE&!SCE|IQ&!DE&!SCE|SCD&SCE' in pin attribute of cell 'sky130_fd_sc_hd__sedfxtp_1' - skipping.
Warning: Found unsupported expression 'D&DE&!SCE|IQ&!DE&!SCE|SCD&SCE' in pin attribute of cell 'sky130_fd_sc_hd__sedfxtp_2' - skipping.
Warning: Found unsupported expression 'D&DE&!SCE|IQ&!DE&!SCE|SCD&SCE' in pin attribute of cell 'sky130_fd_sc_hd__sedfxtp_4' - skipping.
Warning: Found unsupported expression 'D&!SCE|SCD&SCE' in pin attribute of cell 'sky130_fd_sc_hd__sdfbbn_1' - skipping.
Warning: Found unsupported expression 'D&!SCE|SCD&SCE' in pin attribute of cell 'sky130_fd_sc_hd__sdfbbn_2' - skipping.
Warning: Found unsupported expression 'D&!SCE|SCD&SCE' in pin attribute of cell 'sky130_fd_sc_hd__sdfrtn_1' - skipping.
  cell sky130_fd_sc_hd__dfbbn_1 (noninv, pins=6, area=32.53) is a direct match for cell type $_DFFSR_NNN_.
Warning: Found unsupported expression 'D&!SCE|SCD&SCE' in pin attribute of cell 'sky130_fd_sc_hd__sdfbbn_1' - skipping.
Warning: Found unsupported expression 'D&!SCE|SCD&SCE' in pin attribute of cell 'sky130_fd_sc_hd__sdfbbn_2' - skipping.
Warning: Found unsupported expression 'D&!SCE|SCD&SCE' in pin attribute of cell 'sky130_fd_sc_hd__sdfrtn_1' - skipping.
Warning: Found unsupported expression 'D&!SCE|SCD&SCE' in pin attribute of cell 'sky130_fd_sc_hd__sdfbbn_1' - skipping.
Warning: Found unsupported expression 'D&!SCE|SCD&SCE' in pin attribute of cell 'sky130_fd_sc_hd__sdfbbn_2' - skipping.
Warning: Found unsupported expression 'D&!SCE|SCD&SCE' in pin attribute of cell 'sky130_fd_sc_hd__sdfrtn_1' - skipping.
Warning: Found unsupported expression 'D&!SCE|SCD&SCE' in pin attribute of cell 'sky130_fd_sc_hd__sdfbbn_1' - skipping.
Warning: Found unsupported expression 'D&!SCE|SCD&SCE' in pin attribute of cell 'sky130_fd_sc_hd__sdfbbn_2' - skipping.
Warning: Found unsupported expression 'D&!SCE|SCD&SCE' in pin attribute of cell 'sky130_fd_sc_hd__sdfrtn_1' - skipping.
Warning: Found unsupported expression 'D&DE|IQ&!DE' in pin attribute of cell 'sky130_fd_sc_hd__edfxbp_1' - skipping.
Warning: Found unsupported expression 'D&DE|IQ&!DE' in pin attribute of cell 'sky130_fd_sc_hd__edfxtp_1' - skipping.
Warning: Found unsupported expression 'D&!SCE|SCD&SCE' in pin attribute of cell 'sky130_fd_sc_hd__sdfbbp_1' - skipping.
Warning: Found unsupported expression 'D&!SCE|SCD&SCE' in pin attribute of cell 'sky130_fd_sc_hd__sdfrbp_1' - skipping.
Warning: Found unsupported expression 'D&!SCE|SCD&SCE' in pin attribute of cell 'sky130_fd_sc_hd__sdfrbp_2' - skipping.
Warning: Found unsupported expression 'D&!SCE|SCD&SCE' in pin attribute of cell 'sky130_fd_sc_hd__sdfrtp_1' - skipping.
Warning: Found unsupported expression 'D&!SCE|SCD&SCE' in pin attribute of cell 'sky130_fd_sc_hd__sdfrtp_2' - skipping.
Warning: Found unsupported expression 'D&!SCE|SCD&SCE' in pin attribute of cell 'sky130_fd_sc_hd__sdfrtp_4' - skipping.
Warning: Found unsupported expression 'D&!SCE|SCD&SCE' in pin attribute of cell 'sky130_fd_sc_hd__sdfsbp_1' - skipping.
Warning: Found unsupported expression 'D&!SCE|SCD&SCE' in pin attribute of cell 'sky130_fd_sc_hd__sdfsbp_2' - skipping.
Warning: Found unsupported expression 'D&!SCE|SCD&SCE' in pin attribute of cell 'sky130_fd_sc_hd__sdfstp_1' - skipping.
Warning: Found unsupported expression 'D&!SCE|SCD&SCE' in pin attribute of cell 'sky130_fd_sc_hd__sdfstp_2' - skipping.
Warning: Found unsupported expression 'D&!SCE|SCD&SCE' in pin attribute of cell 'sky130_fd_sc_hd__sdfstp_4' - skipping.
Warning: Found unsupported expression 'D&!SCE|SCD&SCE' in pin attribute of cell 'sky130_fd_sc_hd__sdfxbp_1' - skipping.
Warning: Found unsupported expression 'D&!SCE|SCD&SCE' in pin attribute of cell 'sky130_fd_sc_hd__sdfxbp_2' - skipping.
Warning: Found unsupported expression 'D&!SCE|SCD&SCE' in pin attribute of cell 'sky130_fd_sc_hd__sdfxtp_1' - skipping.
Warning: Found unsupported expression 'D&!SCE|SCD&SCE' in pin attribute of cell 'sky130_fd_sc_hd__sdfxtp_2' - skipping.
Warning: Found unsupported expression 'D&!SCE|SCD&SCE' in pin attribute of cell 'sky130_fd_sc_hd__sdfxtp_4' - skipping.
Warning: Found unsupported expression 'D&DE&!SCE|IQ&!DE&!SCE|SCD&SCE' in pin attribute of cell 'sky130_fd_sc_hd__sedfxbp_1' - skipping.
Warning: Found unsupported expression 'D&DE&!SCE|IQ&!DE&!SCE|SCD&SCE' in pin attribute of cell 'sky130_fd_sc_hd__sedfxbp_2' - skipping.
Warning: Found unsupported expression 'D&DE&!SCE|IQ&!DE&!SCE|SCD&SCE' in pin attribute of cell 'sky130_fd_sc_hd__sedfxtp_1' - skipping.
Warning: Found unsupported expression 'D&DE&!SCE|IQ&!DE&!SCE|SCD&SCE' in pin attribute of cell 'sky130_fd_sc_hd__sedfxtp_2' - skipping.
Warning: Found unsupported expression 'D&DE&!SCE|IQ&!DE&!SCE|SCD&SCE' in pin attribute of cell 'sky130_fd_sc_hd__sedfxtp_4' - skipping.
  cell sky130_fd_sc_hd__dfbbp_1 (noninv, pins=6, area=32.53) is a direct match for cell type $_DFFSR_PNN_.
Warning: Found unsupported expression 'D&DE|IQ&!DE' in pin attribute of cell 'sky130_fd_sc_hd__edfxbp_1' - skipping.
Warning: Found unsupported expression 'D&DE|IQ&!DE' in pin attribute of cell 'sky130_fd_sc_hd__edfxtp_1' - skipping.
Warning: Found unsupported expression 'D&!SCE|SCD&SCE' in pin attribute of cell 'sky130_fd_sc_hd__sdfbbp_1' - skipping.
Warning: Found unsupported expression 'D&!SCE|SCD&SCE' in pin attribute of cell 'sky130_fd_sc_hd__sdfrbp_1' - skipping.
Warning: Found unsupported expression 'D&!SCE|SCD&SCE' in pin attribute of cell 'sky130_fd_sc_hd__sdfrbp_2' - skipping.
Warning: Found unsupported expression 'D&!SCE|SCD&SCE' in pin attribute of cell 'sky130_fd_sc_hd__sdfrtp_1' - skipping.
Warning: Found unsupported expression 'D&!SCE|SCD&SCE' in pin attribute of cell 'sky130_fd_sc_hd__sdfrtp_2' - skipping.
Warning: Found unsupported expression 'D&!SCE|SCD&SCE' in pin attribute of cell 'sky130_fd_sc_hd__sdfrtp_4' - skipping.
Warning: Found unsupported expression 'D&!SCE|SCD&SCE' in pin attribute of cell 'sky130_fd_sc_hd__sdfsbp_1' - skipping.
Warning: Found unsupported expression 'D&!SCE|SCD&SCE' in pin attribute of cell 'sky130_fd_sc_hd__sdfsbp_2' - skipping.
Warning: Found unsupported expression 'D&!SCE|SCD&SCE' in pin attribute of cell 'sky130_fd_sc_hd__sdfstp_1' - skipping.
Warning: Found unsupported expression 'D&!SCE|SCD&SCE' in pin attribute of cell 'sky130_fd_sc_hd__sdfstp_2' - skipping.
Warning: Found unsupported expression 'D&!SCE|SCD&SCE' in pin attribute of cell 'sky130_fd_sc_hd__sdfstp_4' - skipping.
Warning: Found unsupported expression 'D&!SCE|SCD&SCE' in pin attribute of cell 'sky130_fd_sc_hd__sdfxbp_1' - skipping.
Warning: Found unsupported expression 'D&!SCE|SCD&SCE' in pin attribute of cell 'sky130_fd_sc_hd__sdfxbp_2' - skipping.
Warning: Found unsupported expression 'D&!SCE|SCD&SCE' in pin attribute of cell 'sky130_fd_sc_hd__sdfxtp_1' - skipping.
Warning: Found unsupported expression 'D&!SCE|SCD&SCE' in pin attribute of cell 'sky130_fd_sc_hd__sdfxtp_2' - skipping.
Warning: Found unsupported expression 'D&!SCE|SCD&SCE' in pin attribute of cell 'sky130_fd_sc_hd__sdfxtp_4' - skipping.
Warning: Found unsupported expression 'D&DE&!SCE|IQ&!DE&!SCE|SCD&SCE' in pin attribute of cell 'sky130_fd_sc_hd__sedfxbp_1' - skipping.
Warning: Found unsupported expression 'D&DE&!SCE|IQ&!DE&!SCE|SCD&SCE' in pin attribute of cell 'sky130_fd_sc_hd__sedfxbp_2' - skipping.
Warning: Found unsupported expression 'D&DE&!SCE|IQ&!DE&!SCE|SCD&SCE' in pin attribute of cell 'sky130_fd_sc_hd__sedfxtp_1' - skipping.
Warning: Found unsupported expression 'D&DE&!SCE|IQ&!DE&!SCE|SCD&SCE' in pin attribute of cell 'sky130_fd_sc_hd__sedfxtp_2' - skipping.
Warning: Found unsupported expression 'D&DE&!SCE|IQ&!DE&!SCE|SCD&SCE' in pin attribute of cell 'sky130_fd_sc_hd__sedfxtp_4' - skipping.
Warning: Found unsupported expression 'D&DE|IQ&!DE' in pin attribute of cell 'sky130_fd_sc_hd__edfxbp_1' - skipping.
Warning: Found unsupported expression 'D&DE|IQ&!DE' in pin attribute of cell 'sky130_fd_sc_hd__edfxtp_1' - skipping.
Warning: Found unsupported expression 'D&!SCE|SCD&SCE' in pin attribute of cell 'sky130_fd_sc_hd__sdfbbp_1' - skipping.
Warning: Found unsupported expression 'D&!SCE|SCD&SCE' in pin attribute of cell 'sky130_fd_sc_hd__sdfrbp_1' - skipping.
Warning: Found unsupported expression 'D&!SCE|SCD&SCE' in pin attribute of cell 'sky130_fd_sc_hd__sdfrbp_2' - skipping.
Warning: Found unsupported expression 'D&!SCE|SCD&SCE' in pin attribute of cell 'sky130_fd_sc_hd__sdfrtp_1' - skipping.
Warning: Found unsupported expression 'D&!SCE|SCD&SCE' in pin attribute of cell 'sky130_fd_sc_hd__sdfrtp_2' - skipping.
Warning: Found unsupported expression 'D&!SCE|SCD&SCE' in pin attribute of cell 'sky130_fd_sc_hd__sdfrtp_4' - skipping.
Warning: Found unsupported expression 'D&!SCE|SCD&SCE' in pin attribute of cell 'sky130_fd_sc_hd__sdfsbp_1' - skipping.
Warning: Found unsupported expression 'D&!SCE|SCD&SCE' in pin attribute of cell 'sky130_fd_sc_hd__sdfsbp_2' - skipping.
Warning: Found unsupported expression 'D&!SCE|SCD&SCE' in pin attribute of cell 'sky130_fd_sc_hd__sdfstp_1' - skipping.
Warning: Found unsupported expression 'D&!SCE|SCD&SCE' in pin attribute of cell 'sky130_fd_sc_hd__sdfstp_2' - skipping.
Warning: Found unsupported expression 'D&!SCE|SCD&SCE' in pin attribute of cell 'sky130_fd_sc_hd__sdfstp_4' - skipping.
Warning: Found unsupported expression 'D&!SCE|SCD&SCE' in pin attribute of cell 'sky130_fd_sc_hd__sdfxbp_1' - skipping.
Warning: Found unsupported expression 'D&!SCE|SCD&SCE' in pin attribute of cell 'sky130_fd_sc_hd__sdfxbp_2' - skipping.
Warning: Found unsupported expression 'D&!SCE|SCD&SCE' in pin attribute of cell 'sky130_fd_sc_hd__sdfxtp_1' - skipping.
Warning: Found unsupported expression 'D&!SCE|SCD&SCE' in pin attribute of cell 'sky130_fd_sc_hd__sdfxtp_2' - skipping.
Warning: Found unsupported expression 'D&!SCE|SCD&SCE' in pin attribute of cell 'sky130_fd_sc_hd__sdfxtp_4' - skipping.
Warning: Found unsupported expression 'D&DE&!SCE|IQ&!DE&!SCE|SCD&SCE' in pin attribute of cell 'sky130_fd_sc_hd__sedfxbp_1' - skipping.
Warning: Found unsupported expression 'D&DE&!SCE|IQ&!DE&!SCE|SCD&SCE' in pin attribute of cell 'sky130_fd_sc_hd__sedfxbp_2' - skipping.
Warning: Found unsupported expression 'D&DE&!SCE|IQ&!DE&!SCE|SCD&SCE' in pin attribute of cell 'sky130_fd_sc_hd__sedfxtp_1' - skipping.
Warning: Found unsupported expression 'D&DE&!SCE|IQ&!DE&!SCE|SCD&SCE' in pin attribute of cell 'sky130_fd_sc_hd__sedfxtp_2' - skipping.
Warning: Found unsupported expression 'D&DE&!SCE|IQ&!DE&!SCE|SCD&SCE' in pin attribute of cell 'sky130_fd_sc_hd__sedfxtp_4' - skipping.
Warning: Found unsupported expression 'D&DE|IQ&!DE' in pin attribute of cell 'sky130_fd_sc_hd__edfxbp_1' - skipping.
Warning: Found unsupported expression 'D&DE|IQ&!DE' in pin attribute of cell 'sky130_fd_sc_hd__edfxtp_1' - skipping.
Warning: Found unsupported expression 'D&!SCE|SCD&SCE' in pin attribute of cell 'sky130_fd_sc_hd__sdfbbp_1' - skipping.
Warning: Found unsupported expression 'D&!SCE|SCD&SCE' in pin attribute of cell 'sky130_fd_sc_hd__sdfrbp_1' - skipping.
Warning: Found unsupported expression 'D&!SCE|SCD&SCE' in pin attribute of cell 'sky130_fd_sc_hd__sdfrbp_2' - skipping.
Warning: Found unsupported expression 'D&!SCE|SCD&SCE' in pin attribute of cell 'sky130_fd_sc_hd__sdfrtp_1' - skipping.
Warning: Found unsupported expression 'D&!SCE|SCD&SCE' in pin attribute of cell 'sky130_fd_sc_hd__sdfrtp_2' - skipping.
Warning: Found unsupported expression 'D&!SCE|SCD&SCE' in pin attribute of cell 'sky130_fd_sc_hd__sdfrtp_4' - skipping.
Warning: Found unsupported expression 'D&!SCE|SCD&SCE' in pin attribute of cell 'sky130_fd_sc_hd__sdfsbp_1' - skipping.
Warning: Found unsupported expression 'D&!SCE|SCD&SCE' in pin attribute of cell 'sky130_fd_sc_hd__sdfsbp_2' - skipping.
Warning: Found unsupported expression 'D&!SCE|SCD&SCE' in pin attribute of cell 'sky130_fd_sc_hd__sdfstp_1' - skipping.
Warning: Found unsupported expression 'D&!SCE|SCD&SCE' in pin attribute of cell 'sky130_fd_sc_hd__sdfstp_2' - skipping.
Warning: Found unsupported expression 'D&!SCE|SCD&SCE' in pin attribute of cell 'sky130_fd_sc_hd__sdfstp_4' - skipping.
Warning: Found unsupported expression 'D&!SCE|SCD&SCE' in pin attribute of cell 'sky130_fd_sc_hd__sdfxbp_1' - skipping.
Warning: Found unsupported expression 'D&!SCE|SCD&SCE' in pin attribute of cell 'sky130_fd_sc_hd__sdfxbp_2' - skipping.
Warning: Found unsupported expression 'D&!SCE|SCD&SCE' in pin attribute of cell 'sky130_fd_sc_hd__sdfxtp_1' - skipping.
Warning: Found unsupported expression 'D&!SCE|SCD&SCE' in pin attribute of cell 'sky130_fd_sc_hd__sdfxtp_2' - skipping.
Warning: Found unsupported expression 'D&!SCE|SCD&SCE' in pin attribute of cell 'sky130_fd_sc_hd__sdfxtp_4' - skipping.
Warning: Found unsupported expression 'D&DE&!SCE|IQ&!DE&!SCE|SCD&SCE' in pin attribute of cell 'sky130_fd_sc_hd__sedfxbp_1' - skipping.
Warning: Found unsupported expression 'D&DE&!SCE|IQ&!DE&!SCE|SCD&SCE' in pin attribute of cell 'sky130_fd_sc_hd__sedfxbp_2' - skipping.
Warning: Found unsupported expression 'D&DE&!SCE|IQ&!DE&!SCE|SCD&SCE' in pin attribute of cell 'sky130_fd_sc_hd__sedfxtp_1' - skipping.
Warning: Found unsupported expression 'D&DE&!SCE|IQ&!DE&!SCE|SCD&SCE' in pin attribute of cell 'sky130_fd_sc_hd__sedfxtp_2' - skipping.
Warning: Found unsupported expression 'D&DE&!SCE|IQ&!DE&!SCE|SCD&SCE' in pin attribute of cell 'sky130_fd_sc_hd__sedfxtp_4' - skipping.
  final dff cell mappings:
    unmapped dff cell: $_DFF_N_
    \sky130_fd_sc_hd__dfxtp_1 _DFF_P_ (.CLK( C), .D( D), .Q( Q));
    \sky130_fd_sc_hd__dfrtn_1 _DFF_NN0_ (.CLK_N( C), .D( D), .Q( Q), .RESET_B( R));
    unmapped dff cell: $_DFF_NN1_
    unmapped dff cell: $_DFF_NP0_
    unmapped dff cell: $_DFF_NP1_
    \sky130_fd_sc_hd__dfrtp_1 _DFF_PN0_ (.CLK( C), .D( D), .Q( Q), .RESET_B( R));
    \sky130_fd_sc_hd__dfstp_2 _DFF_PN1_ (.CLK( C), .D( D), .Q( Q), .SET_B( R));
    unmapped dff cell: $_DFF_PP0_
    unmapped dff cell: $_DFF_PP1_
    \sky130_fd_sc_hd__dfbbn_1 _DFFSR_NNN_ (.CLK_N( C), .D( D), .Q( Q), .Q_N(~Q), .RESET_B( R), .SET_B( S));
    unmapped dff cell: $_DFFSR_NNP_
    unmapped dff cell: $_DFFSR_NPN_
    unmapped dff cell: $_DFFSR_NPP_
    \sky130_fd_sc_hd__dfbbp_1 _DFFSR_PNN_ (.CLK( C), .D( D), .Q( Q), .Q_N(~Q), .RESET_B( R), .SET_B( S));
    unmapped dff cell: $_DFFSR_PNP_
    unmapped dff cell: $_DFFSR_PPN_
    unmapped dff cell: $_DFFSR_PPP_

13.1. Executing DFFLEGALIZE pass (convert FFs to types supported by the target).
Mapping DFF cells in module `$paramod$5ff19c0ce473189292aafc7f2ccdeae6cf22053c\spi_slave':
  mapped 557 $_DFF_PN0_ cells to \sky130_fd_sc_hd__dfrtp_1 cells.
  mapped 3 $_DFF_PN1_ cells to \sky130_fd_sc_hd__dfstp_2 cells.
Mapping DFF cells in module `\compute_core':
  mapped 1083 $_DFF_PN0_ cells to \sky130_fd_sc_hd__dfrtp_1 cells.
  mapped 2 $_DFF_PN1_ cells to \sky130_fd_sc_hd__dfstp_2 cells.
  mapped 11520 $_DFF_P_ cells to \sky130_fd_sc_hd__dfxtp_1 cells.
Mapping DFF cells in module `\top':
  mapped 87 $_DFF_PN0_ cells to \sky130_fd_sc_hd__dfrtp_1 cells.
  mapped 160 $_DFF_P_ cells to \sky130_fd_sc_hd__dfxtp_1 cells.

14. Executing ABC pass (technology mapping using ABC).

14.1. Extracting gate netlist of module `$paramod$5ff19c0ce473189292aafc7f2ccdeae6cf22053c\spi_slave' to `<abc-temp-dir>/input.blif'..
Replacing 82 occurrences of constant undef bits with constant zero bits
Extracted 3896 gates and 4527 wires to a netlist network with 628 inputs and 552 outputs.

14.1.1. Executing ABC.
Running ABC command: "/nix/store/8822vi15d8b1mss0196a93yfdyhqsp8z-yosys-abc/bin/abc" -s -f <abc-temp-dir>/abc.script 2>&1
ABC: ABC command line: "source <abc-temp-dir>/abc.script".
ABC: 
ABC: + read_blif <abc-temp-dir>/input.blif 
ABC: + read_lib -w /openlane/pdks/sky130A/libs.ref/sky130_fd_sc_hd/lib/sky130_fd_sc_hd__tt_025C_1v80.lib 
ABC: Parsing finished successfully.  Parsing time =     0.06 sec
ABC: Scl_LibertyReadGenlib() skipped cell "sky130_fd_sc_hd__decap_12" without logic function.
ABC: Scl_LibertyReadGenlib() skipped cell "sky130_fd_sc_hd__decap_3" without logic function.
ABC: Scl_LibertyReadGenlib() skipped cell "sky130_fd_sc_hd__decap_4" without logic function.
ABC: Scl_LibertyReadGenlib() skipped cell "sky130_fd_sc_hd__decap_6" without logic function.
ABC: Scl_LibertyReadGenlib() skipped cell "sky130_fd_sc_hd__decap_8" without logic function.
ABC: Scl_LibertyReadGenlib() skipped sequential cell "sky130_fd_sc_hd__dfbbn_1".
ABC: Scl_LibertyReadGenlib() skipped sequential cell "sky130_fd_sc_hd__dfbbn_2".
ABC: Scl_LibertyReadGenlib() skipped sequential cell "sky130_fd_sc_hd__dfbbp_1".
ABC: Scl_LibertyReadGenlib() skipped sequential cell "sky130_fd_sc_hd__dfrbp_1".
ABC: Scl_LibertyReadGenlib() skipped sequential cell "sky130_fd_sc_hd__dfrbp_2".
ABC: Scl_LibertyReadGenlib() skipped sequential cell "sky130_fd_sc_hd__dfrtn_1".
ABC: Scl_LibertyReadGenlib() skipped sequential cell "sky130_fd_sc_hd__dfrtp_1".
ABC: Scl_LibertyReadGenlib() skipped sequential cell "sky130_fd_sc_hd__dfrtp_2".
ABC: Scl_LibertyReadGenlib() skipped sequential cell "sky130_fd_sc_hd__dfrtp_4".
ABC: Scl_LibertyReadGenlib() skipped sequential cell "sky130_fd_sc_hd__dfsbp_1".
ABC: Scl_LibertyReadGenlib() skipped sequential cell "sky130_fd_sc_hd__dfsbp_2".
ABC: Scl_LibertyReadGenlib() skipped sequential cell "sky130_fd_sc_hd__dfstp_1".
ABC: Scl_LibertyReadGenlib() skipped sequential cell "sky130_fd_sc_hd__dfstp_2".
ABC: Scl_LibertyReadGenlib() skipped sequential cell "sky130_fd_sc_hd__dfstp_4".
ABC: Scl_LibertyReadGenlib() skipped sequential cell "sky130_fd_sc_hd__dfxbp_1".
ABC: Scl_LibertyReadGenlib() skipped sequential cell "sky130_fd_sc_hd__dfxbp_2".
ABC: Scl_LibertyReadGenlib() skipped sequential cell "sky130_fd_sc_hd__dfxtp_1".
ABC: Scl_LibertyReadGenlib() skipped sequential cell "sky130_fd_sc_hd__dfxtp_2".
ABC: Scl_LibertyReadGenlib() skipped sequential cell "sky130_fd_sc_hd__dfxtp_4".
ABC: Scl_LibertyReadGenlib() skipped cell "sky130_fd_sc_hd__diode_2" without logic function.
ABC: Scl_LibertyReadGenlib() skipped cell "sky130_fd_sc_hd__dlclkp_1" without logic function.
ABC: Scl_LibertyReadGenlib() skipped cell "sky130_fd_sc_hd__dlclkp_2" without logic function.
ABC: Scl_LibertyReadGenlib() skipped cell "sky130_fd_sc_hd__dlclkp_4" without logic function.
ABC: Scl_LibertyReadGenlib() skipped sequential cell "sky130_fd_sc_hd__dlrbn_1".
ABC: Scl_LibertyReadGenlib() skipped sequential cell "sky130_fd_sc_hd__dlrbn_2".
ABC: Scl_LibertyReadGenlib() skipped sequential cell "sky130_fd_sc_hd__dlrbp_1".
ABC: Scl_LibertyReadGenlib() skipped sequential cell "sky130_fd_sc_hd__dlrbp_2".
ABC: Scl_LibertyReadGenlib() skipped sequential cell "sky130_fd_sc_hd__dlrtn_1".
ABC: Scl_LibertyReadGenlib() skipped sequential cell "sky130_fd_sc_hd__dlrtn_2".
ABC: Scl_LibertyReadGenlib() skipped sequential cell "sky130_fd_sc_hd__dlrtn_4".
ABC: Scl_LibertyReadGenlib() skipped sequential cell "sky130_fd_sc_hd__dlrtp_1".
ABC: Scl_LibertyReadGenlib() skipped sequential cell "sky130_fd_sc_hd__dlrtp_2".
ABC: Scl_LibertyReadGenlib() skipped sequential cell "sky130_fd_sc_hd__dlrtp_4".
ABC: Scl_LibertyReadGenlib() skipped sequential cell "sky130_fd_sc_hd__dlxbn_1".
ABC: Scl_LibertyReadGenlib() skipped sequential cell "sky130_fd_sc_hd__dlxbn_2".
ABC: Scl_LibertyReadGenlib() skipped sequential cell "sky130_fd_sc_hd__dlxbp_1".
ABC: Scl_LibertyReadGenlib() skipped sequential cell "sky130_fd_sc_hd__dlxtn_1".
ABC: Scl_LibertyReadGenlib() skipped sequential cell "sky130_fd_sc_hd__dlxtn_2".
ABC: Scl_LibertyReadGenlib() skipped sequential cell "sky130_fd_sc_hd__dlxtn_4".
ABC: Scl_LibertyReadGenlib() skipped sequential cell "sky130_fd_sc_hd__dlxtp_1".
ABC: Scl_LibertyReadGenlib() skipped three-state cell "sky130_fd_sc_hd__ebufn_1".
ABC: Scl_LibertyReadGenlib() skipped three-state cell "sky130_fd_sc_hd__ebufn_2".
ABC: Scl_LibertyReadGenlib() skipped three-state cell "sky130_fd_sc_hd__ebufn_4".
ABC: Scl_LibertyReadGenlib() skipped three-state cell "sky130_fd_sc_hd__ebufn_8".
ABC: Scl_LibertyReadGenlib() skipped sequential cell "sky130_fd_sc_hd__edfxbp_1".
ABC: Scl_LibertyReadGenlib() skipped sequential cell "sky130_fd_sc_hd__edfxtp_1".
ABC: Scl_LibertyReadGenlib() skipped three-state cell "sky130_fd_sc_hd__einvn_0".
ABC: Scl_LibertyReadGenlib() skipped three-state cell "sky130_fd_sc_hd__einvn_1".
ABC: Scl_LibertyReadGenlib() skipped three-state cell "sky130_fd_sc_hd__einvn_2".
ABC: Scl_LibertyReadGenlib() skipped three-state cell "sky130_fd_sc_hd__einvn_4".
ABC: Scl_LibertyReadGenlib() skipped three-state cell "sky130_fd_sc_hd__einvn_8".
ABC: Scl_LibertyReadGenlib() skipped three-state cell "sky130_fd_sc_hd__einvp_1".
ABC: Scl_LibertyReadGenlib() skipped three-state cell "sky130_fd_sc_hd__einvp_2".
ABC: Scl_LibertyReadGenlib() skipped three-state cell "sky130_fd_sc_hd__einvp_4".
ABC: Scl_LibertyReadGenlib() skipped three-state cell "sky130_fd_sc_hd__einvp_8".
ABC: Scl_LibertyReadGenlib() skipped cell "sky130_fd_sc_hd__lpflow_bleeder_1" without logic function.
ABC: Scl_LibertyReadGenlib() skipped cell "sky130_fd_sc_hd__lpflow_decapkapwr_12" without logic function.
ABC: Scl_LibertyReadGenlib() skipped cell "sky130_fd_sc_hd__lpflow_decapkapwr_3" without logic function.
ABC: Scl_LibertyReadGenlib() skipped cell "sky130_fd_sc_hd__lpflow_decapkapwr_4" without logic function.
ABC: Scl_LibertyReadGenlib() skipped cell "sky130_fd_sc_hd__lpflow_decapkapwr_6" without logic function.
ABC: Scl_LibertyReadGenlib() skipped cell "sky130_fd_sc_hd__lpflow_decapkapwr_8" without logic function.
ABC: Scl_LibertyReadGenlib() skipped sequential cell "sky130_fd_sc_hd__lpflow_inputisolatch_1".
ABC: Scl_LibertyReadGenlib() skipped sequential cell "sky130_fd_sc_hd__sdfbbn_1".
ABC: Scl_LibertyReadGenlib() skipped sequential cell "sky130_fd_sc_hd__sdfbbn_2".
ABC: Scl_LibertyReadGenlib() skipped sequential cell "sky130_fd_sc_hd__sdfbbp_1".
ABC: Scl_LibertyReadGenlib() skipped sequential cell "sky130_fd_sc_hd__sdfrbp_1".
ABC: Scl_LibertyReadGenlib() skipped sequential cell "sky130_fd_sc_hd__sdfrbp_2".
ABC: Scl_LibertyReadGenlib() skipped sequential cell "sky130_fd_sc_hd__sdfrtn_1".
ABC: Scl_LibertyReadGenlib() skipped sequential cell "sky130_fd_sc_hd__sdfrtp_1".
ABC: Scl_LibertyReadGenlib() skipped sequential cell "sky130_fd_sc_hd__sdfrtp_2".
ABC: Scl_LibertyReadGenlib() skipped sequential cell "sky130_fd_sc_hd__sdfrtp_4".
ABC: Scl_LibertyReadGenlib() skipped sequential cell "sky130_fd_sc_hd__sdfsbp_1".
ABC: Scl_LibertyReadGenlib() skipped sequential cell "sky130_fd_sc_hd__sdfsbp_2".
ABC: Scl_LibertyReadGenlib() skipped sequential cell "sky130_fd_sc_hd__sdfstp_1".
ABC: Scl_LibertyReadGenlib() skipped sequential cell "sky130_fd_sc_hd__sdfstp_2".
ABC: Scl_LibertyReadGenlib() skipped sequential cell "sky130_fd_sc_hd__sdfstp_4".
ABC: Scl_LibertyReadGenlib() skipped sequential cell "sky130_fd_sc_hd__sdfxbp_1".
ABC: Scl_LibertyReadGenlib() skipped sequential cell "sky130_fd_sc_hd__sdfxbp_2".
ABC: Scl_LibertyReadGenlib() skipped sequential cell "sky130_fd_sc_hd__sdfxtp_1".
ABC: Scl_LibertyReadGenlib() skipped sequential cell "sky130_fd_sc_hd__sdfxtp_2".
ABC: Scl_LibertyReadGenlib() skipped sequential cell "sky130_fd_sc_hd__sdfxtp_4".
ABC: Scl_LibertyReadGenlib() skipped cell "sky130_fd_sc_hd__sdlclkp_1" without logic function.
ABC: Scl_LibertyReadGenlib() skipped cell "sky130_fd_sc_hd__sdlclkp_2" without logic function.
ABC: Scl_LibertyReadGenlib() skipped cell "sky130_fd_sc_hd__sdlclkp_4" without logic function.
ABC: Scl_LibertyReadGenlib() skipped sequential cell "sky130_fd_sc_hd__sedfxbp_1".
ABC: Scl_LibertyReadGenlib() skipped sequential cell "sky130_fd_sc_hd__sedfxbp_2".
ABC: Scl_LibertyReadGenlib() skipped sequential cell "sky130_fd_sc_hd__sedfxtp_1".
ABC: Scl_LibertyReadGenlib() skipped sequential cell "sky130_fd_sc_hd__sedfxtp_2".
ABC: Scl_LibertyReadGenlib() skipped sequential cell "sky130_fd_sc_hd__sedfxtp_4".
ABC: Library "sky130_fd_sc_hd__tt_025C_1v80" from "/openlane/pdks/sky130A/libs.ref/sky130_fd_sc_hd/lib/sky130_fd_sc_hd__tt_025C_1v80.lib" has 334 cells (94 skipped: 63 seq; 13 tri-state; 18 no func; 0 dont_use).  Time =     0.08 sec
ABC: Memory =   19.85 MB. Time =     0.08 sec
ABC: Warning: Detected 9 multi-output gates (for example, "sky130_fd_sc_hd__fa_1").
ABC: + strash 
ABC: + &get -n 
ABC: + &fraig -x 
ABC: + &put 
ABC: + scorr 
ABC: Warning: The network is combinational (run "fraig" or "fraig_sweep").
ABC: + dc2 
ABC: + dretime 
ABC: + strash 
ABC: + &get -n 
ABC: + &dch -f 
ABC: + &nf 
ABC: + &put 
ABC: + write_blif <abc-temp-dir>/output.blif 

14.1.2. Re-integrating ABC results.
ABC RESULTS:   sky130_fd_sc_hd__clkinv_1 cells:        6
ABC RESULTS:   sky130_fd_sc_hd__or4_1 cells:        2
ABC RESULTS:   sky130_fd_sc_hd__o41ai_1 cells:        1
ABC RESULTS:   sky130_fd_sc_hd__o211a_1 cells:        1
ABC RESULTS:   sky130_fd_sc_hd__a2111o_1 cells:        1
ABC RESULTS:   sky130_fd_sc_hd__nor4b_1 cells:       16
ABC RESULTS:   sky130_fd_sc_hd__and4_1 cells:        2
ABC RESULTS:   sky130_fd_sc_hd__or3_1 cells:        7
ABC RESULTS:   sky130_fd_sc_hd__a32o_1 cells:        5
ABC RESULTS:   sky130_fd_sc_hd__nor4_1 cells:        8
ABC RESULTS:   sky130_fd_sc_hd__a41oi_1 cells:        1
ABC RESULTS:   sky130_fd_sc_hd__o22a_1 cells:        1
ABC RESULTS:   sky130_fd_sc_hd__nand4_1 cells:      105
ABC RESULTS:   sky130_fd_sc_hd__a31o_1 cells:        1
ABC RESULTS:   sky130_fd_sc_hd__o2bb2ai_1 cells:      184
ABC RESULTS:   sky130_fd_sc_hd__and3b_1 cells:        2
ABC RESULTS:   sky130_fd_sc_hd__mux2_1 cells:       37
ABC RESULTS:   sky130_fd_sc_hd__nand2b_1 cells:        2
ABC RESULTS:   sky130_fd_sc_hd__lpflow_inputiso1p_1 cells:        4
ABC RESULTS:   sky130_fd_sc_hd__o21a_1 cells:        3
ABC RESULTS:   sky130_fd_sc_hd__lpflow_isobufsrc_1 cells:        5
ABC RESULTS:   sky130_fd_sc_hd__xnor2_1 cells:        6
ABC RESULTS:   sky130_fd_sc_hd__and3_1 cells:        9
ABC RESULTS:   sky130_fd_sc_hd__a22o_1 cells:      253
ABC RESULTS:   sky130_fd_sc_hd__a2111oi_0 cells:        2
ABC RESULTS:   sky130_fd_sc_hd__a211oi_1 cells:        2
ABC RESULTS:   sky130_fd_sc_hd__a221o_1 cells:        3
ABC RESULTS:   sky130_fd_sc_hd__a221oi_1 cells:        4
ABC RESULTS:   sky130_fd_sc_hd__o32ai_1 cells:        2
ABC RESULTS:   sky130_fd_sc_hd__o31ai_1 cells:        2
ABC RESULTS:   sky130_fd_sc_hd__nor3_1 cells:       16
ABC RESULTS:   sky130_fd_sc_hd__xor2_1 cells:        1
ABC RESULTS:   sky130_fd_sc_hd__a21o_1 cells:        9
ABC RESULTS:   sky130_fd_sc_hd__and2_0 cells:       13
ABC RESULTS:   sky130_fd_sc_hd__a21oi_1 cells:       21
ABC RESULTS:   sky130_fd_sc_hd__mux2i_1 cells:        1
ABC RESULTS:   sky130_fd_sc_hd__a31oi_1 cells:        3
ABC RESULTS:   sky130_fd_sc_hd__o21ai_0 cells:       48
ABC RESULTS:   sky130_fd_sc_hd__nor2_1 cells:      153
ABC RESULTS:   sky130_fd_sc_hd__o221ai_1 cells:        1
ABC RESULTS:   sky130_fd_sc_hd__a222oi_1 cells:        5
ABC RESULTS:   sky130_fd_sc_hd__a22oi_1 cells:       16
ABC RESULTS:   sky130_fd_sc_hd__nand3_1 cells:      124
ABC RESULTS:   sky130_fd_sc_hd__o22ai_1 cells:        9
ABC RESULTS:   sky130_fd_sc_hd__nand2_1 cells:       88
ABC RESULTS:   sky130_fd_sc_hd__a32oi_1 cells:        8
ABC RESULTS:        internal signals:     3347
ABC RESULTS:           input signals:      628
ABC RESULTS:          output signals:      552
Removing temp directory.

14.2. Extracting gate netlist of module `\compute_core' to `<abc-temp-dir>/input.blif'..
Replacing 639 occurrences of constant undef bits with constant zero bits
Extracted 41147 gates and 54090 wires to a netlist network with 12940 inputs and 12605 outputs.

14.2.1. Executing ABC.
Running ABC command: "/nix/store/8822vi15d8b1mss0196a93yfdyhqsp8z-yosys-abc/bin/abc" -s -f <abc-temp-dir>/abc.script 2>&1
ABC: ABC command line: "source <abc-temp-dir>/abc.script".
ABC: 
ABC: + read_blif <abc-temp-dir>/input.blif 
ABC: + read_lib -w /openlane/pdks/sky130A/libs.ref/sky130_fd_sc_hd/lib/sky130_fd_sc_hd__tt_025C_1v80.lib 
ABC: Parsing finished successfully.  Parsing time =     0.06 sec
ABC: Scl_LibertyReadGenlib() skipped cell "sky130_fd_sc_hd__decap_12" without logic function.
ABC: Scl_LibertyReadGenlib() skipped cell "sky130_fd_sc_hd__decap_3" without logic function.
ABC: Scl_LibertyReadGenlib() skipped cell "sky130_fd_sc_hd__decap_4" without logic function.
ABC: Scl_LibertyReadGenlib() skipped cell "sky130_fd_sc_hd__decap_6" without logic function.
ABC: Scl_LibertyReadGenlib() skipped cell "sky130_fd_sc_hd__decap_8" without logic function.
ABC: Scl_LibertyReadGenlib() skipped sequential cell "sky130_fd_sc_hd__dfbbn_1".
ABC: Scl_LibertyReadGenlib() skipped sequential cell "sky130_fd_sc_hd__dfbbn_2".
ABC: Scl_LibertyReadGenlib() skipped sequential cell "sky130_fd_sc_hd__dfbbp_1".
ABC: Scl_LibertyReadGenlib() skipped sequential cell "sky130_fd_sc_hd__dfrbp_1".
ABC: Scl_LibertyReadGenlib() skipped sequential cell "sky130_fd_sc_hd__dfrbp_2".
ABC: Scl_LibertyReadGenlib() skipped sequential cell "sky130_fd_sc_hd__dfrtn_1".
ABC: Scl_LibertyReadGenlib() skipped sequential cell "sky130_fd_sc_hd__dfrtp_1".
ABC: Scl_LibertyReadGenlib() skipped sequential cell "sky130_fd_sc_hd__dfrtp_2".
ABC: Scl_LibertyReadGenlib() skipped sequential cell "sky130_fd_sc_hd__dfrtp_4".
ABC: Scl_LibertyReadGenlib() skipped sequential cell "sky130_fd_sc_hd__dfsbp_1".
ABC: Scl_LibertyReadGenlib() skipped sequential cell "sky130_fd_sc_hd__dfsbp_2".
ABC: Scl_LibertyReadGenlib() skipped sequential cell "sky130_fd_sc_hd__dfstp_1".
ABC: Scl_LibertyReadGenlib() skipped sequential cell "sky130_fd_sc_hd__dfstp_2".
ABC: Scl_LibertyReadGenlib() skipped sequential cell "sky130_fd_sc_hd__dfstp_4".
ABC: Scl_LibertyReadGenlib() skipped sequential cell "sky130_fd_sc_hd__dfxbp_1".
ABC: Scl_LibertyReadGenlib() skipped sequential cell "sky130_fd_sc_hd__dfxbp_2".
ABC: Scl_LibertyReadGenlib() skipped sequential cell "sky130_fd_sc_hd__dfxtp_1".
ABC: Scl_LibertyReadGenlib() skipped sequential cell "sky130_fd_sc_hd__dfxtp_2".
ABC: Scl_LibertyReadGenlib() skipped sequential cell "sky130_fd_sc_hd__dfxtp_4".
ABC: Scl_LibertyReadGenlib() skipped cell "sky130_fd_sc_hd__diode_2" without logic function.
ABC: Scl_LibertyReadGenlib() skipped cell "sky130_fd_sc_hd__dlclkp_1" without logic function.
ABC: Scl_LibertyReadGenlib() skipped cell "sky130_fd_sc_hd__dlclkp_2" without logic function.
ABC: Scl_LibertyReadGenlib() skipped cell "sky130_fd_sc_hd__dlclkp_4" without logic function.
ABC: Scl_LibertyReadGenlib() skipped sequential cell "sky130_fd_sc_hd__dlrbn_1".
ABC: Scl_LibertyReadGenlib() skipped sequential cell "sky130_fd_sc_hd__dlrbn_2".
ABC: Scl_LibertyReadGenlib() skipped sequential cell "sky130_fd_sc_hd__dlrbp_1".
ABC: Scl_LibertyReadGenlib() skipped sequential cell "sky130_fd_sc_hd__dlrbp_2".
ABC: Scl_LibertyReadGenlib() skipped sequential cell "sky130_fd_sc_hd__dlrtn_1".
ABC: Scl_LibertyReadGenlib() skipped sequential cell "sky130_fd_sc_hd__dlrtn_2".
ABC: Scl_LibertyReadGenlib() skipped sequential cell "sky130_fd_sc_hd__dlrtn_4".
ABC: Scl_LibertyReadGenlib() skipped sequential cell "sky130_fd_sc_hd__dlrtp_1".
ABC: Scl_LibertyReadGenlib() skipped sequential cell "sky130_fd_sc_hd__dlrtp_2".
ABC: Scl_LibertyReadGenlib() skipped sequential cell "sky130_fd_sc_hd__dlrtp_4".
ABC: Scl_LibertyReadGenlib() skipped sequential cell "sky130_fd_sc_hd__dlxbn_1".
ABC: Scl_LibertyReadGenlib() skipped sequential cell "sky130_fd_sc_hd__dlxbn_2".
ABC: Scl_LibertyReadGenlib() skipped sequential cell "sky130_fd_sc_hd__dlxbp_1".
ABC: Scl_LibertyReadGenlib() skipped sequential cell "sky130_fd_sc_hd__dlxtn_1".
ABC: Scl_LibertyReadGenlib() skipped sequential cell "sky130_fd_sc_hd__dlxtn_2".
ABC: Scl_LibertyReadGenlib() skipped sequential cell "sky130_fd_sc_hd__dlxtn_4".
ABC: Scl_LibertyReadGenlib() skipped sequential cell "sky130_fd_sc_hd__dlxtp_1".
ABC: Scl_LibertyReadGenlib() skipped three-state cell "sky130_fd_sc_hd__ebufn_1".
ABC: Scl_LibertyReadGenlib() skipped three-state cell "sky130_fd_sc_hd__ebufn_2".
ABC: Scl_LibertyReadGenlib() skipped three-state cell "sky130_fd_sc_hd__ebufn_4".
ABC: Scl_LibertyReadGenlib() skipped three-state cell "sky130_fd_sc_hd__ebufn_8".
ABC: Scl_LibertyReadGenlib() skipped sequential cell "sky130_fd_sc_hd__edfxbp_1".
ABC: Scl_LibertyReadGenlib() skipped sequential cell "sky130_fd_sc_hd__edfxtp_1".
ABC: Scl_LibertyReadGenlib() skipped three-state cell "sky130_fd_sc_hd__einvn_0".
ABC: Scl_LibertyReadGenlib() skipped three-state cell "sky130_fd_sc_hd__einvn_1".
ABC: Scl_LibertyReadGenlib() skipped three-state cell "sky130_fd_sc_hd__einvn_2".
ABC: Scl_LibertyReadGenlib() skipped three-state cell "sky130_fd_sc_hd__einvn_4".
ABC: Scl_LibertyReadGenlib() skipped three-state cell "sky130_fd_sc_hd__einvn_8".
ABC: Scl_LibertyReadGenlib() skipped three-state cell "sky130_fd_sc_hd__einvp_1".
ABC: Scl_LibertyReadGenlib() skipped three-state cell "sky130_fd_sc_hd__einvp_2".
ABC: Scl_LibertyReadGenlib() skipped three-state cell "sky130_fd_sc_hd__einvp_4".
ABC: Scl_LibertyReadGenlib() skipped three-state cell "sky130_fd_sc_hd__einvp_8".
ABC: Scl_LibertyReadGenlib() skipped cell "sky130_fd_sc_hd__lpflow_bleeder_1" without logic function.
ABC: Scl_LibertyReadGenlib() skipped cell "sky130_fd_sc_hd__lpflow_decapkapwr_12" without logic function.
ABC: Scl_LibertyReadGenlib() skipped cell "sky130_fd_sc_hd__lpflow_decapkapwr_3" without logic function.
ABC: Scl_LibertyReadGenlib() skipped cell "sky130_fd_sc_hd__lpflow_decapkapwr_4" without logic function.
ABC: Scl_LibertyReadGenlib() skipped cell "sky130_fd_sc_hd__lpflow_decapkapwr_6" without logic function.
ABC: Scl_LibertyReadGenlib() skipped cell "sky130_fd_sc_hd__lpflow_decapkapwr_8" without logic function.
ABC: Scl_LibertyReadGenlib() skipped sequential cell "sky130_fd_sc_hd__lpflow_inputisolatch_1".
ABC: Scl_LibertyReadGenlib() skipped sequential cell "sky130_fd_sc_hd__sdfbbn_1".
ABC: Scl_LibertyReadGenlib() skipped sequential cell "sky130_fd_sc_hd__sdfbbn_2".
ABC: Scl_LibertyReadGenlib() skipped sequential cell "sky130_fd_sc_hd__sdfbbp_1".
ABC: Scl_LibertyReadGenlib() skipped sequential cell "sky130_fd_sc_hd__sdfrbp_1".
ABC: Scl_LibertyReadGenlib() skipped sequential cell "sky130_fd_sc_hd__sdfrbp_2".
ABC: Scl_LibertyReadGenlib() skipped sequential cell "sky130_fd_sc_hd__sdfrtn_1".
ABC: Scl_LibertyReadGenlib() skipped sequential cell "sky130_fd_sc_hd__sdfrtp_1".
ABC: Scl_LibertyReadGenlib() skipped sequential cell "sky130_fd_sc_hd__sdfrtp_2".
ABC: Scl_LibertyReadGenlib() skipped sequential cell "sky130_fd_sc_hd__sdfrtp_4".
ABC: Scl_LibertyReadGenlib() skipped sequential cell "sky130_fd_sc_hd__sdfsbp_1".
ABC: Scl_LibertyReadGenlib() skipped sequential cell "sky130_fd_sc_hd__sdfsbp_2".
ABC: Scl_LibertyReadGenlib() skipped sequential cell "sky130_fd_sc_hd__sdfstp_1".
ABC: Scl_LibertyReadGenlib() skipped sequential cell "sky130_fd_sc_hd__sdfstp_2".
ABC: Scl_LibertyReadGenlib() skipped sequential cell "sky130_fd_sc_hd__sdfstp_4".
ABC: Scl_LibertyReadGenlib() skipped sequential cell "sky130_fd_sc_hd__sdfxbp_1".
ABC: Scl_LibertyReadGenlib() skipped sequential cell "sky130_fd_sc_hd__sdfxbp_2".
ABC: Scl_LibertyReadGenlib() skipped sequential cell "sky130_fd_sc_hd__sdfxtp_1".
ABC: Scl_LibertyReadGenlib() skipped sequential cell "sky130_fd_sc_hd__sdfxtp_2".
ABC: Scl_LibertyReadGenlib() skipped sequential cell "sky130_fd_sc_hd__sdfxtp_4".
ABC: Scl_LibertyReadGenlib() skipped cell "sky130_fd_sc_hd__sdlclkp_1" without logic function.
ABC: Scl_LibertyReadGenlib() skipped cell "sky130_fd_sc_hd__sdlclkp_2" without logic function.
ABC: Scl_LibertyReadGenlib() skipped cell "sky130_fd_sc_hd__sdlclkp_4" without logic function.
ABC: Scl_LibertyReadGenlib() skipped sequential cell "sky130_fd_sc_hd__sedfxbp_1".
ABC: Scl_LibertyReadGenlib() skipped sequential cell "sky130_fd_sc_hd__sedfxbp_2".
ABC: Scl_LibertyReadGenlib() skipped sequential cell "sky130_fd_sc_hd__sedfxtp_1".
ABC: Scl_LibertyReadGenlib() skipped sequential cell "sky130_fd_sc_hd__sedfxtp_2".
ABC: Scl_LibertyReadGenlib() skipped sequential cell "sky130_fd_sc_hd__sedfxtp_4".
ABC: Library "sky130_fd_sc_hd__tt_025C_1v80" from "/openlane/pdks/sky130A/libs.ref/sky130_fd_sc_hd/lib/sky130_fd_sc_hd__tt_025C_1v80.lib" has 334 cells (94 skipped: 63 seq; 13 tri-state; 18 no func; 0 dont_use).  Time =     0.08 sec
ABC: Memory =   19.85 MB. Time =     0.08 sec
ABC: Warning: Detected 9 multi-output gates (for example, "sky130_fd_sc_hd__fa_1").
ABC: + strash 
ABC: + &get -n 
ABC: + &fraig -x 
ABC: + &put 
ABC: + scorr 
ABC: Warning: The network is combinational (run "fraig" or "fraig_sweep").
ABC: + dc2 
ABC: + dretime 
ABC: + strash 
ABC: + &get -n 
ABC: + &dch -f 
ABC: + &nf 
ABC: + &put 
ABC: + write_blif <abc-temp-dir>/output.blif 

14.2.2. Re-integrating ABC results.
ABC RESULTS:   sky130_fd_sc_hd__or3b_1 cells:        1
ABC RESULTS:   sky130_fd_sc_hd__nand3b_1 cells:        1
ABC RESULTS:   sky130_fd_sc_hd__a31oi_1 cells:        4
ABC RESULTS:   sky130_fd_sc_hd__o31ai_1 cells:        2
ABC RESULTS:   sky130_fd_sc_hd__nand4bb_1 cells:        5
ABC RESULTS:   sky130_fd_sc_hd__or4b_1 cells:        9
ABC RESULTS:   sky130_fd_sc_hd__nor3b_1 cells:        3
ABC RESULTS:   sky130_fd_sc_hd__nand4b_1 cells:        8
ABC RESULTS:   sky130_fd_sc_hd__nor4b_1 cells:       11
ABC RESULTS:   sky130_fd_sc_hd__and4b_1 cells:       32
ABC RESULTS:   sky130_fd_sc_hd__a2111o_1 cells:       25
ABC RESULTS:   sky130_fd_sc_hd__a2111oi_0 cells:      180
ABC RESULTS:   sky130_fd_sc_hd__a222oi_1 cells:     1568
ABC RESULTS:   sky130_fd_sc_hd__a21boi_0 cells:       13
ABC RESULTS:   sky130_fd_sc_hd__o211ai_1 cells:       38
ABC RESULTS:   sky130_fd_sc_hd__o211a_1 cells:       52
ABC RESULTS:   sky130_fd_sc_hd__nor4bb_1 cells:        9
ABC RESULTS:   sky130_fd_sc_hd__a2bb2oi_1 cells:        5
ABC RESULTS:   sky130_fd_sc_hd__o21a_1 cells:        6
ABC RESULTS:   sky130_fd_sc_hd__a21o_1 cells:        2
ABC RESULTS:   sky130_fd_sc_hd__a221o_1 cells:        3
ABC RESULTS:   sky130_fd_sc_hd__nor4_1 cells:      217
ABC RESULTS:   sky130_fd_sc_hd__and4_1 cells:      169
ABC RESULTS:   sky130_fd_sc_hd__a22oi_1 cells:     2267
ABC RESULTS:   sky130_fd_sc_hd__o221ai_1 cells:        1
ABC RESULTS:   sky130_fd_sc_hd__a211o_1 cells:       41
ABC RESULTS:   sky130_fd_sc_hd__clkinv_1 cells:        7
ABC RESULTS:   sky130_fd_sc_hd__or3_1 cells:       46
ABC RESULTS:   sky130_fd_sc_hd__o21ba_1 cells:        1
ABC RESULTS:   sky130_fd_sc_hd__nand3_1 cells:     2474
ABC RESULTS:   sky130_fd_sc_hd__o22a_1 cells:       25
ABC RESULTS:   sky130_fd_sc_hd__or4_1 cells:      265
ABC RESULTS:   sky130_fd_sc_hd__nand2b_1 cells:       13
ABC RESULTS:   sky130_fd_sc_hd__and3_1 cells:      571
ABC RESULTS:   sky130_fd_sc_hd__nand4_1 cells:     1238
ABC RESULTS:   sky130_fd_sc_hd__a22o_1 cells:      200
ABC RESULTS:   sky130_fd_sc_hd__a221oi_1 cells:        9
ABC RESULTS:   sky130_fd_sc_hd__xor2_1 cells:       21
ABC RESULTS:   sky130_fd_sc_hd__xor3_1 cells:       38
ABC RESULTS:   sky130_fd_sc_hd__nor3_1 cells:       49
ABC RESULTS:   sky130_fd_sc_hd__nor2b_1 cells:        5
ABC RESULTS:   sky130_fd_sc_hd__a211oi_1 cells:      101
ABC RESULTS:   sky130_fd_sc_hd__o22ai_1 cells:       66
ABC RESULTS:   sky130_fd_sc_hd__a21oi_1 cells:      118
ABC RESULTS:   sky130_fd_sc_hd__lpflow_isobufsrc_1 cells:       10
ABC RESULTS:   sky130_fd_sc_hd__xnor2_1 cells:       95
ABC RESULTS:   sky130_fd_sc_hd__maj3_1 cells:       43
ABC RESULTS:   sky130_fd_sc_hd__xnor3_1 cells:       34
ABC RESULTS:   sky130_fd_sc_hd__lpflow_inputiso1p_1 cells:       11
ABC RESULTS:   sky130_fd_sc_hd__o31a_1 cells:        1
ABC RESULTS:   sky130_fd_sc_hd__o32a_1 cells:        1
ABC RESULTS:   sky130_fd_sc_hd__and2_0 cells:       27
ABC RESULTS:   sky130_fd_sc_hd__o21ai_0 cells:       62
ABC RESULTS:   sky130_fd_sc_hd__nand2_1 cells:     1049
ABC RESULTS:   sky130_fd_sc_hd__nor2_1 cells:      148
ABC RESULTS:   sky130_fd_sc_hd__mux2_1 cells:    12355
ABC RESULTS:   sky130_fd_sc_hd__and3b_1 cells:        1
ABC RESULTS:        internal signals:    28545
ABC RESULTS:           input signals:    12940
ABC RESULTS:          output signals:    12605
Removing temp directory.

14.3. Extracting gate netlist of module `\top' to `<abc-temp-dir>/input.blif'..
Replacing 602 occurrences of constant undef bits with constant zero bits
Extracted 1460 gates and 2247 wires to a netlist network with 784 inputs and 247 outputs.

14.3.1. Executing ABC.
Running ABC command: "/nix/store/8822vi15d8b1mss0196a93yfdyhqsp8z-yosys-abc/bin/abc" -s -f <abc-temp-dir>/abc.script 2>&1
ABC: ABC command line: "source <abc-temp-dir>/abc.script".
ABC: 
ABC: + read_blif <abc-temp-dir>/input.blif 
ABC: + read_lib -w /openlane/pdks/sky130A/libs.ref/sky130_fd_sc_hd/lib/sky130_fd_sc_hd__tt_025C_1v80.lib 
ABC: Parsing finished successfully.  Parsing time =     0.05 sec
ABC: Scl_LibertyReadGenlib() skipped cell "sky130_fd_sc_hd__decap_12" without logic function.
ABC: Scl_LibertyReadGenlib() skipped cell "sky130_fd_sc_hd__decap_3" without logic function.
ABC: Scl_LibertyReadGenlib() skipped cell "sky130_fd_sc_hd__decap_4" without logic function.
ABC: Scl_LibertyReadGenlib() skipped cell "sky130_fd_sc_hd__decap_6" without logic function.
ABC: Scl_LibertyReadGenlib() skipped cell "sky130_fd_sc_hd__decap_8" without logic function.
ABC: Scl_LibertyReadGenlib() skipped sequential cell "sky130_fd_sc_hd__dfbbn_1".
ABC: Scl_LibertyReadGenlib() skipped sequential cell "sky130_fd_sc_hd__dfbbn_2".
ABC: Scl_LibertyReadGenlib() skipped sequential cell "sky130_fd_sc_hd__dfbbp_1".
ABC: Scl_LibertyReadGenlib() skipped sequential cell "sky130_fd_sc_hd__dfrbp_1".
ABC: Scl_LibertyReadGenlib() skipped sequential cell "sky130_fd_sc_hd__dfrbp_2".
ABC: Scl_LibertyReadGenlib() skipped sequential cell "sky130_fd_sc_hd__dfrtn_1".
ABC: Scl_LibertyReadGenlib() skipped sequential cell "sky130_fd_sc_hd__dfrtp_1".
ABC: Scl_LibertyReadGenlib() skipped sequential cell "sky130_fd_sc_hd__dfrtp_2".
ABC: Scl_LibertyReadGenlib() skipped sequential cell "sky130_fd_sc_hd__dfrtp_4".
ABC: Scl_LibertyReadGenlib() skipped sequential cell "sky130_fd_sc_hd__dfsbp_1".
ABC: Scl_LibertyReadGenlib() skipped sequential cell "sky130_fd_sc_hd__dfsbp_2".
ABC: Scl_LibertyReadGenlib() skipped sequential cell "sky130_fd_sc_hd__dfstp_1".
ABC: Scl_LibertyReadGenlib() skipped sequential cell "sky130_fd_sc_hd__dfstp_2".
ABC: Scl_LibertyReadGenlib() skipped sequential cell "sky130_fd_sc_hd__dfstp_4".
ABC: Scl_LibertyReadGenlib() skipped sequential cell "sky130_fd_sc_hd__dfxbp_1".
ABC: Scl_LibertyReadGenlib() skipped sequential cell "sky130_fd_sc_hd__dfxbp_2".
ABC: Scl_LibertyReadGenlib() skipped sequential cell "sky130_fd_sc_hd__dfxtp_1".
ABC: Scl_LibertyReadGenlib() skipped sequential cell "sky130_fd_sc_hd__dfxtp_2".
ABC: Scl_LibertyReadGenlib() skipped sequential cell "sky130_fd_sc_hd__dfxtp_4".
ABC: Scl_LibertyReadGenlib() skipped cell "sky130_fd_sc_hd__diode_2" without logic function.
ABC: Scl_LibertyReadGenlib() skipped cell "sky130_fd_sc_hd__dlclkp_1" without logic function.
ABC: Scl_LibertyReadGenlib() skipped cell "sky130_fd_sc_hd__dlclkp_2" without logic function.
ABC: Scl_LibertyReadGenlib() skipped cell "sky130_fd_sc_hd__dlclkp_4" without logic function.
ABC: Scl_LibertyReadGenlib() skipped sequential cell "sky130_fd_sc_hd__dlrbn_1".
ABC: Scl_LibertyReadGenlib() skipped sequential cell "sky130_fd_sc_hd__dlrbn_2".
ABC: Scl_LibertyReadGenlib() skipped sequential cell "sky130_fd_sc_hd__dlrbp_1".
ABC: Scl_LibertyReadGenlib() skipped sequential cell "sky130_fd_sc_hd__dlrbp_2".
ABC: Scl_LibertyReadGenlib() skipped sequential cell "sky130_fd_sc_hd__dlrtn_1".
ABC: Scl_LibertyReadGenlib() skipped sequential cell "sky130_fd_sc_hd__dlrtn_2".
ABC: Scl_LibertyReadGenlib() skipped sequential cell "sky130_fd_sc_hd__dlrtn_4".
ABC: Scl_LibertyReadGenlib() skipped sequential cell "sky130_fd_sc_hd__dlrtp_1".
ABC: Scl_LibertyReadGenlib() skipped sequential cell "sky130_fd_sc_hd__dlrtp_2".
ABC: Scl_LibertyReadGenlib() skipped sequential cell "sky130_fd_sc_hd__dlrtp_4".
ABC: Scl_LibertyReadGenlib() skipped sequential cell "sky130_fd_sc_hd__dlxbn_1".
ABC: Scl_LibertyReadGenlib() skipped sequential cell "sky130_fd_sc_hd__dlxbn_2".
ABC: Scl_LibertyReadGenlib() skipped sequential cell "sky130_fd_sc_hd__dlxbp_1".
ABC: Scl_LibertyReadGenlib() skipped sequential cell "sky130_fd_sc_hd__dlxtn_1".
ABC: Scl_LibertyReadGenlib() skipped sequential cell "sky130_fd_sc_hd__dlxtn_2".
ABC: Scl_LibertyReadGenlib() skipped sequential cell "sky130_fd_sc_hd__dlxtn_4".
ABC: Scl_LibertyReadGenlib() skipped sequential cell "sky130_fd_sc_hd__dlxtp_1".
ABC: Scl_LibertyReadGenlib() skipped three-state cell "sky130_fd_sc_hd__ebufn_1".
ABC: Scl_LibertyReadGenlib() skipped three-state cell "sky130_fd_sc_hd__ebufn_2".
ABC: Scl_LibertyReadGenlib() skipped three-state cell "sky130_fd_sc_hd__ebufn_4".
ABC: Scl_LibertyReadGenlib() skipped three-state cell "sky130_fd_sc_hd__ebufn_8".
ABC: Scl_LibertyReadGenlib() skipped sequential cell "sky130_fd_sc_hd__edfxbp_1".
ABC: Scl_LibertyReadGenlib() skipped sequential cell "sky130_fd_sc_hd__edfxtp_1".
ABC: Scl_LibertyReadGenlib() skipped three-state cell "sky130_fd_sc_hd__einvn_0".
ABC: Scl_LibertyReadGenlib() skipped three-state cell "sky130_fd_sc_hd__einvn_1".
ABC: Scl_LibertyReadGenlib() skipped three-state cell "sky130_fd_sc_hd__einvn_2".
ABC: Scl_LibertyReadGenlib() skipped three-state cell "sky130_fd_sc_hd__einvn_4".
ABC: Scl_LibertyReadGenlib() skipped three-state cell "sky130_fd_sc_hd__einvn_8".
ABC: Scl_LibertyReadGenlib() skipped three-state cell "sky130_fd_sc_hd__einvp_1".
ABC: Scl_LibertyReadGenlib() skipped three-state cell "sky130_fd_sc_hd__einvp_2".
ABC: Scl_LibertyReadGenlib() skipped three-state cell "sky130_fd_sc_hd__einvp_4".
ABC: Scl_LibertyReadGenlib() skipped three-state cell "sky130_fd_sc_hd__einvp_8".
ABC: Scl_LibertyReadGenlib() skipped cell "sky130_fd_sc_hd__lpflow_bleeder_1" without logic function.
ABC: Scl_LibertyReadGenlib() skipped cell "sky130_fd_sc_hd__lpflow_decapkapwr_12" without logic function.
ABC: Scl_LibertyReadGenlib() skipped cell "sky130_fd_sc_hd__lpflow_decapkapwr_3" without logic function.
ABC: Scl_LibertyReadGenlib() skipped cell "sky130_fd_sc_hd__lpflow_decapkapwr_4" without logic function.
ABC: Scl_LibertyReadGenlib() skipped cell "sky130_fd_sc_hd__lpflow_decapkapwr_6" without logic function.
ABC: Scl_LibertyReadGenlib() skipped cell "sky130_fd_sc_hd__lpflow_decapkapwr_8" without logic function.
ABC: Scl_LibertyReadGenlib() skipped sequential cell "sky130_fd_sc_hd__lpflow_inputisolatch_1".
ABC: Scl_LibertyReadGenlib() skipped sequential cell "sky130_fd_sc_hd__sdfbbn_1".
ABC: Scl_LibertyReadGenlib() skipped sequential cell "sky130_fd_sc_hd__sdfbbn_2".
ABC: Scl_LibertyReadGenlib() skipped sequential cell "sky130_fd_sc_hd__sdfbbp_1".
ABC: Scl_LibertyReadGenlib() skipped sequential cell "sky130_fd_sc_hd__sdfrbp_1".
ABC: Scl_LibertyReadGenlib() skipped sequential cell "sky130_fd_sc_hd__sdfrbp_2".
ABC: Scl_LibertyReadGenlib() skipped sequential cell "sky130_fd_sc_hd__sdfrtn_1".
ABC: Scl_LibertyReadGenlib() skipped sequential cell "sky130_fd_sc_hd__sdfrtp_1".
ABC: Scl_LibertyReadGenlib() skipped sequential cell "sky130_fd_sc_hd__sdfrtp_2".
ABC: Scl_LibertyReadGenlib() skipped sequential cell "sky130_fd_sc_hd__sdfrtp_4".
ABC: Scl_LibertyReadGenlib() skipped sequential cell "sky130_fd_sc_hd__sdfsbp_1".
ABC: Scl_LibertyReadGenlib() skipped sequential cell "sky130_fd_sc_hd__sdfsbp_2".
ABC: Scl_LibertyReadGenlib() skipped sequential cell "sky130_fd_sc_hd__sdfstp_1".
ABC: Scl_LibertyReadGenlib() skipped sequential cell "sky130_fd_sc_hd__sdfstp_2".
ABC: Scl_LibertyReadGenlib() skipped sequential cell "sky130_fd_sc_hd__sdfstp_4".
ABC: Scl_LibertyReadGenlib() skipped sequential cell "sky130_fd_sc_hd__sdfxbp_1".
ABC: Scl_LibertyReadGenlib() skipped sequential cell "sky130_fd_sc_hd__sdfxbp_2".
ABC: Scl_LibertyReadGenlib() skipped sequential cell "sky130_fd_sc_hd__sdfxtp_1".
ABC: Scl_LibertyReadGenlib() skipped sequential cell "sky130_fd_sc_hd__sdfxtp_2".
ABC: Scl_LibertyReadGenlib() skipped sequential cell "sky130_fd_sc_hd__sdfxtp_4".
ABC: Scl_LibertyReadGenlib() skipped cell "sky130_fd_sc_hd__sdlclkp_1" without logic function.
ABC: Scl_LibertyReadGenlib() skipped cell "sky130_fd_sc_hd__sdlclkp_2" without logic function.
ABC: Scl_LibertyReadGenlib() skipped cell "sky130_fd_sc_hd__sdlclkp_4" without logic function.
ABC: Scl_LibertyReadGenlib() skipped sequential cell "sky130_fd_sc_hd__sedfxbp_1".
ABC: Scl_LibertyReadGenlib() skipped sequential cell "sky130_fd_sc_hd__sedfxbp_2".
ABC: Scl_LibertyReadGenlib() skipped sequential cell "sky130_fd_sc_hd__sedfxtp_1".
ABC: Scl_LibertyReadGenlib() skipped sequential cell "sky130_fd_sc_hd__sedfxtp_2".
ABC: Scl_LibertyReadGenlib() skipped sequential cell "sky130_fd_sc_hd__sedfxtp_4".
ABC: Library "sky130_fd_sc_hd__tt_025C_1v80" from "/openlane/pdks/sky130A/libs.ref/sky130_fd_sc_hd/lib/sky130_fd_sc_hd__tt_025C_1v80.lib" has 334 cells (94 skipped: 63 seq; 13 tri-state; 18 no func; 0 dont_use).  Time =     0.08 sec
ABC: Memory =   19.85 MB. Time =     0.08 sec
ABC: Warning: Detected 9 multi-output gates (for example, "sky130_fd_sc_hd__fa_1").
ABC: + strash 
ABC: + &get -n 
ABC: + &fraig -x 
ABC: + &put 
ABC: + scorr 
ABC: Warning: The network is combinational (run "fraig" or "fraig_sweep").
ABC: + dc2 
ABC: + dretime 
ABC: + strash 
ABC: + &get -n 
ABC: + &dch -f 
ABC: + &nf 
ABC: + &put 
ABC: + write_blif <abc-temp-dir>/output.blif 

14.3.2. Re-integrating ABC results.
ABC RESULTS:   sky130_fd_sc_hd__clkinv_1 cells:       27
ABC RESULTS:   sky130_fd_sc_hd__and3b_1 cells:        1
ABC RESULTS:   sky130_fd_sc_hd__lpflow_inputiso1p_1 cells:        1
ABC RESULTS:   sky130_fd_sc_hd__o221ai_1 cells:        8
ABC RESULTS:   sky130_fd_sc_hd__o21bai_1 cells:        3
ABC RESULTS:   sky130_fd_sc_hd__a211oi_1 cells:        6
ABC RESULTS:   sky130_fd_sc_hd__a22oi_1 cells:       29
ABC RESULTS:   sky130_fd_sc_hd__mux2i_1 cells:      125
ABC RESULTS:   sky130_fd_sc_hd__o22ai_1 cells:       77
ABC RESULTS:   sky130_fd_sc_hd__lpflow_isobufsrc_1 cells:        3
ABC RESULTS:   sky130_fd_sc_hd__and2_0 cells:        1
ABC RESULTS:   sky130_fd_sc_hd__and4b_1 cells:        1
ABC RESULTS:   sky130_fd_sc_hd__o21ai_0 cells:       67
ABC RESULTS:   sky130_fd_sc_hd__a21o_1 cells:        1
ABC RESULTS:   sky130_fd_sc_hd__nand2b_1 cells:        5
ABC RESULTS:   sky130_fd_sc_hd__a32o_1 cells:       25
ABC RESULTS:   sky130_fd_sc_hd__o2bb2ai_1 cells:        2
ABC RESULTS:   sky130_fd_sc_hd__xnor2_1 cells:        2
ABC RESULTS:   sky130_fd_sc_hd__a22o_1 cells:       14
ABC RESULTS:   sky130_fd_sc_hd__a21oi_1 cells:       68
ABC RESULTS:   sky130_fd_sc_hd__a31oi_1 cells:        3
ABC RESULTS:   sky130_fd_sc_hd__or3_1 cells:        2
ABC RESULTS:   sky130_fd_sc_hd__nor4_1 cells:        2
ABC RESULTS:   sky130_fd_sc_hd__nor4b_1 cells:        1
ABC RESULTS:   sky130_fd_sc_hd__nand3_1 cells:       26
ABC RESULTS:   sky130_fd_sc_hd__and4_1 cells:        2
ABC RESULTS:   sky130_fd_sc_hd__nand3b_1 cells:        2
ABC RESULTS:   sky130_fd_sc_hd__nor2_1 cells:       29
ABC RESULTS:   sky130_fd_sc_hd__nor3b_1 cells:        5
ABC RESULTS:   sky130_fd_sc_hd__and3_1 cells:        3
ABC RESULTS:   sky130_fd_sc_hd__nor2b_1 cells:        2
ABC RESULTS:   sky130_fd_sc_hd__nand4_1 cells:        5
ABC RESULTS:   sky130_fd_sc_hd__nand2_1 cells:       75
ABC RESULTS:   sky130_fd_sc_hd__nor3_1 cells:        8
ABC RESULTS:   sky130_fd_sc_hd__mux2_1 cells:      193
ABC RESULTS:        internal signals:     1216
ABC RESULTS:           input signals:      784
ABC RESULTS:          output signals:      247
Removing temp directory.

15. Executing OPT pass (performing simple optimizations).

15.1. Executing OPT_EXPR pass (perform const folding).
Optimizing module $paramod$5ff19c0ce473189292aafc7f2ccdeae6cf22053c\spi_slave.
Optimizing module compute_core.
Optimizing module top.

15.2. Executing OPT_MERGE pass (detect identical cells).
Finding identical cells in module `$paramod$5ff19c0ce473189292aafc7f2ccdeae6cf22053c\spi_slave'.
Finding identical cells in module `\compute_core'.
Finding identical cells in module `\top'.
Removed a total of 0 cells.

15.3. Executing OPT_MUXTREE pass (detect dead branches in mux trees).
Running muxtree optimizer on module $paramod$5ff19c0ce473189292aafc7f2ccdeae6cf22053c\spi_slave..
  Creating internal representation of mux trees.
  No muxes found in this module.
Running muxtree optimizer on module \compute_core..
  Creating internal representation of mux trees.
  No muxes found in this module.
Running muxtree optimizer on module \top..
  Creating internal representation of mux trees.
  No muxes found in this module.
Removed 0 multiplexer ports.

15.4. Executing OPT_REDUCE pass (consolidate $*mux and $reduce_* inputs).
  Optimizing cells in module $paramod$5ff19c0ce473189292aafc7f2ccdeae6cf22053c\spi_slave.
  Optimizing cells in module \compute_core.
  Optimizing cells in module \top.
Performed a total of 0 changes.

15.5. Executing OPT_MERGE pass (detect identical cells).
Finding identical cells in module `$paramod$5ff19c0ce473189292aafc7f2ccdeae6cf22053c\spi_slave'.
Finding identical cells in module `\compute_core'.
Finding identical cells in module `\top'.
Removed a total of 0 cells.

15.6. Executing OPT_DFF pass (perform DFF optimizations).

15.7. Executing OPT_CLEAN pass (remove unused cells and wires).
Finding unused cells or wires in module $paramod$5ff19c0ce473189292aafc7f2ccdeae6cf22053c\spi_slave..
Finding unused cells or wires in module \compute_core..
Finding unused cells or wires in module \top..
Removed 0 unused cells and 31085 unused wires.
<suppressed ~709 debug messages>

15.8. Executing OPT_EXPR pass (perform const folding).
Optimizing module $paramod$5ff19c0ce473189292aafc7f2ccdeae6cf22053c\spi_slave.
Optimizing module compute_core.
Optimizing module top.

15.9. Rerunning OPT passes. (Maybe there is more to do..)

15.10. Executing OPT_MUXTREE pass (detect dead branches in mux trees).
Running muxtree optimizer on module $paramod$5ff19c0ce473189292aafc7f2ccdeae6cf22053c\spi_slave..
  Creating internal representation of mux trees.
  No muxes found in this module.
Running muxtree optimizer on module \compute_core..
  Creating internal representation of mux trees.
  No muxes found in this module.
Running muxtree optimizer on module \top..
  Creating internal representation of mux trees.
  No muxes found in this module.
Removed 0 multiplexer ports.

15.11. Executing OPT_REDUCE pass (consolidate $*mux and $reduce_* inputs).
  Optimizing cells in module $paramod$5ff19c0ce473189292aafc7f2ccdeae6cf22053c\spi_slave.
  Optimizing cells in module \compute_core.
  Optimizing cells in module \top.
Performed a total of 0 changes.

15.12. Executing OPT_MERGE pass (detect identical cells).
Finding identical cells in module `$paramod$5ff19c0ce473189292aafc7f2ccdeae6cf22053c\spi_slave'.
Finding identical cells in module `\compute_core'.
Finding identical cells in module `\top'.
Removed a total of 0 cells.

15.13. Executing OPT_DFF pass (perform DFF optimizations).

15.14. Executing OPT_CLEAN pass (remove unused cells and wires).
Finding unused cells or wires in module $paramod$5ff19c0ce473189292aafc7f2ccdeae6cf22053c\spi_slave..
Finding unused cells or wires in module \compute_core..
Finding unused cells or wires in module \top..

15.15. Executing OPT_EXPR pass (perform const folding).
Optimizing module $paramod$5ff19c0ce473189292aafc7f2ccdeae6cf22053c\spi_slave.
Optimizing module compute_core.
Optimizing module top.

15.16. Finished OPT passes. (There is nothing left to do.)

16. Printing statistics.

=== $paramod$5ff19c0ce473189292aafc7f2ccdeae6cf22053c\spi_slave ===

   Number of wires:               1193
   Number of wire bits:           1840
   Number of public wires:          25
   Number of public wire bits:     647
   Number of memories:               0
   Number of memory bits:            0
   Number of processes:              0
   Number of cells:               1753
     sky130_fd_sc_hd__a2111o_1       1
     sky130_fd_sc_hd__a2111oi_0      2
     sky130_fd_sc_hd__a211oi_1       2
     sky130_fd_sc_hd__a21o_1         9
     sky130_fd_sc_hd__a21oi_1       21
     sky130_fd_sc_hd__a221o_1        3
     sky130_fd_sc_hd__a221oi_1       4
     sky130_fd_sc_hd__a222oi_1       5
     sky130_fd_sc_hd__a22o_1       253
     sky130_fd_sc_hd__a22oi_1       16
     sky130_fd_sc_hd__a31o_1         1
     sky130_fd_sc_hd__a31oi_1        3
     sky130_fd_sc_hd__a32o_1         5
     sky130_fd_sc_hd__a32oi_1        8
     sky130_fd_sc_hd__a41oi_1        1
     sky130_fd_sc_hd__and2_0        13
     sky130_fd_sc_hd__and3_1         9
     sky130_fd_sc_hd__and3b_1        2
     sky130_fd_sc_hd__and4_1         2
     sky130_fd_sc_hd__clkinv_1       6
     sky130_fd_sc_hd__dfrtp_1      557
     sky130_fd_sc_hd__dfstp_2        3
     sky130_fd_sc_hd__lpflow_inputiso1p_1      4
     sky130_fd_sc_hd__lpflow_isobufsrc_1      5
     sky130_fd_sc_hd__mux2_1        37
     sky130_fd_sc_hd__mux2i_1        1
     sky130_fd_sc_hd__nand2_1       88
     sky130_fd_sc_hd__nand2b_1       2
     sky130_fd_sc_hd__nand3_1      124
     sky130_fd_sc_hd__nand4_1      105
     sky130_fd_sc_hd__nor2_1       153
     sky130_fd_sc_hd__nor3_1        16
     sky130_fd_sc_hd__nor4_1         8
     sky130_fd_sc_hd__nor4b_1       16
     sky130_fd_sc_hd__o211a_1        1
     sky130_fd_sc_hd__o21a_1         3
     sky130_fd_sc_hd__o21ai_0       48
     sky130_fd_sc_hd__o221ai_1       1
     sky130_fd_sc_hd__o22a_1         1
     sky130_fd_sc_hd__o22ai_1        9
     sky130_fd_sc_hd__o2bb2ai_1    184
     sky130_fd_sc_hd__o31ai_1        2
     sky130_fd_sc_hd__o32ai_1        2
     sky130_fd_sc_hd__o41ai_1        1
     sky130_fd_sc_hd__or3_1          7
     sky130_fd_sc_hd__or4_1          2
     sky130_fd_sc_hd__xnor2_1        6
     sky130_fd_sc_hd__xor2_1         1

   Chip area for module '$paramod$5ff19c0ce473189292aafc7f2ccdeae6cf22053c\spi_slave': 22103.699200

=== compute_core ===

   Number of wires:              23915
   Number of wire bits:          37362
   Number of public wires:         159
   Number of public wire bits:   13604
   Number of memories:               0
   Number of memory bits:            0
   Number of processes:              0
   Number of cells:              36363
     sky130_fd_sc_hd__a2111o_1      25
     sky130_fd_sc_hd__a2111oi_0    180
     sky130_fd_sc_hd__a211o_1       41
     sky130_fd_sc_hd__a211oi_1     101
     sky130_fd_sc_hd__a21boi_0      13
     sky130_fd_sc_hd__a21o_1         2
     sky130_fd_sc_hd__a21oi_1      118
     sky130_fd_sc_hd__a221o_1        3
     sky130_fd_sc_hd__a221oi_1       9
     sky130_fd_sc_hd__a222oi_1    1568
     sky130_fd_sc_hd__a22o_1       200
     sky130_fd_sc_hd__a22oi_1     2267
     sky130_fd_sc_hd__a2bb2oi_1      5
     sky130_fd_sc_hd__a31oi_1        4
     sky130_fd_sc_hd__and2_0        27
     sky130_fd_sc_hd__and3_1       571
     sky130_fd_sc_hd__and3b_1        1
     sky130_fd_sc_hd__and4_1       169
     sky130_fd_sc_hd__and4b_1       32
     sky130_fd_sc_hd__clkinv_1       7
     sky130_fd_sc_hd__dfrtp_1     1083
     sky130_fd_sc_hd__dfstp_2        2
     sky130_fd_sc_hd__dfxtp_1    11520
     sky130_fd_sc_hd__lpflow_inputiso1p_1     11
     sky130_fd_sc_hd__lpflow_isobufsrc_1     10
     sky130_fd_sc_hd__maj3_1        43
     sky130_fd_sc_hd__mux2_1     12355
     sky130_fd_sc_hd__nand2_1     1049
     sky130_fd_sc_hd__nand2b_1      13
     sky130_fd_sc_hd__nand3_1     2474
     sky130_fd_sc_hd__nand3b_1       1
     sky130_fd_sc_hd__nand4_1     1238
     sky130_fd_sc_hd__nand4b_1       8
     sky130_fd_sc_hd__nand4bb_1      5
     sky130_fd_sc_hd__nor2_1       148
     sky130_fd_sc_hd__nor2b_1        5
     sky130_fd_sc_hd__nor3_1        49
     sky130_fd_sc_hd__nor3b_1        3
     sky130_fd_sc_hd__nor4_1       217
     sky130_fd_sc_hd__nor4b_1       11
     sky130_fd_sc_hd__nor4bb_1       9
     sky130_fd_sc_hd__o211a_1       52
     sky130_fd_sc_hd__o211ai_1      38
     sky130_fd_sc_hd__o21a_1         6
     sky130_fd_sc_hd__o21ai_0       62
     sky130_fd_sc_hd__o21ba_1        1
     sky130_fd_sc_hd__o221ai_1       1
     sky130_fd_sc_hd__o22a_1        25
     sky130_fd_sc_hd__o22ai_1       66
     sky130_fd_sc_hd__o31a_1         1
     sky130_fd_sc_hd__o31ai_1        2
     sky130_fd_sc_hd__o32a_1         1
     sky130_fd_sc_hd__or3_1         46
     sky130_fd_sc_hd__or3b_1         1
     sky130_fd_sc_hd__or4_1        265
     sky130_fd_sc_hd__or4b_1         9
     sky130_fd_sc_hd__xnor2_1       95
     sky130_fd_sc_hd__xnor3_1       34
     sky130_fd_sc_hd__xor2_1        21
     sky130_fd_sc_hd__xor3_1        38
     sky130_sram_1kbyte_1rw1r_32x256_8      2

   Area for cell type \sky130_sram_1kbyte_1rw1r_32x256_8 is unknown!

   Chip area for module '\compute_core': 474946.761600

=== top ===

   Number of wires:                859
   Number of wire bits:           1858
   Number of public wires:          35
   Number of public wire bits:    1033
   Number of memories:               0
   Number of memory bits:            0
   Number of processes:              0
   Number of cells:               1073
     $paramod$5ff19c0ce473189292aafc7f2ccdeae6cf22053c\spi_slave      1
     compute_core                    1
     sky130_fd_sc_hd__a211oi_1       6
     sky130_fd_sc_hd__a21o_1         1
     sky130_fd_sc_hd__a21oi_1       68
     sky130_fd_sc_hd__a22o_1        14
     sky130_fd_sc_hd__a22oi_1       29
     sky130_fd_sc_hd__a31oi_1        3
     sky130_fd_sc_hd__a32o_1        25
     sky130_fd_sc_hd__and2_0         1
     sky130_fd_sc_hd__and3_1         3
     sky130_fd_sc_hd__and3b_1        1
     sky130_fd_sc_hd__and4_1         2
     sky130_fd_sc_hd__and4b_1        1
     sky130_fd_sc_hd__clkinv_1      27
     sky130_fd_sc_hd__dfrtp_1       87
     sky130_fd_sc_hd__dfxtp_1      160
     sky130_fd_sc_hd__lpflow_inputiso1p_1      1
     sky130_fd_sc_hd__lpflow_isobufsrc_1      3
     sky130_fd_sc_hd__mux2_1       193
     sky130_fd_sc_hd__mux2i_1      125
     sky130_fd_sc_hd__nand2_1       75
     sky130_fd_sc_hd__nand2b_1       5
     sky130_fd_sc_hd__nand3_1       26
     sky130_fd_sc_hd__nand3b_1       2
     sky130_fd_sc_hd__nand4_1        5
     sky130_fd_sc_hd__nor2_1        29
     sky130_fd_sc_hd__nor2b_1        2
     sky130_fd_sc_hd__nor3_1         8
     sky130_fd_sc_hd__nor3b_1        5
     sky130_fd_sc_hd__nor4_1         2
     sky130_fd_sc_hd__nor4b_1        1
     sky130_fd_sc_hd__o21ai_0       67
     sky130_fd_sc_hd__o21bai_1       3
     sky130_fd_sc_hd__o221ai_1       8
     sky130_fd_sc_hd__o22ai_1       77
     sky130_fd_sc_hd__o2bb2ai_1      2
     sky130_fd_sc_hd__or3_1          2
     sky130_fd_sc_hd__xnor2_1        2

   Area for cell type \compute_core is unknown!
   Area for cell type $paramod$5ff19c0ce473189292aafc7f2ccdeae6cf22053c\spi_slave is unknown!

   Chip area for module '\top': 11661.184000

=== design hierarchy ===

   top                               1
     $paramod$5ff19c0ce473189292aafc7f2ccdeae6cf22053c\spi_slave      1
     compute_core                    1

   Number of wires:              25967
   Number of wire bits:          41060
   Number of public wires:         219
   Number of public wire bits:   15284
   Number of memories:               0
   Number of memory bits:            0
   Number of processes:              0
   Number of cells:              39187
     sky130_fd_sc_hd__a2111o_1      26
     sky130_fd_sc_hd__a2111oi_0    182
     sky130_fd_sc_hd__a211o_1       41
     sky130_fd_sc_hd__a211oi_1     109
     sky130_fd_sc_hd__a21boi_0      13
     sky130_fd_sc_hd__a21o_1        12
     sky130_fd_sc_hd__a21oi_1      207
     sky130_fd_sc_hd__a221o_1        6
     sky130_fd_sc_hd__a221oi_1      13
     sky130_fd_sc_hd__a222oi_1    1573
     sky130_fd_sc_hd__a22o_1       467
     sky130_fd_sc_hd__a22oi_1     2312
     sky130_fd_sc_hd__a2bb2oi_1      5
     sky130_fd_sc_hd__a31o_1         1
     sky130_fd_sc_hd__a31oi_1       10
     sky130_fd_sc_hd__a32o_1        30
     sky130_fd_sc_hd__a32oi_1        8
     sky130_fd_sc_hd__a41oi_1        1
     sky130_fd_sc_hd__and2_0        41
     sky130_fd_sc_hd__and3_1       583
     sky130_fd_sc_hd__and3b_1        4
     sky130_fd_sc_hd__and4_1       173
     sky130_fd_sc_hd__and4b_1       33
     sky130_fd_sc_hd__clkinv_1      40
     sky130_fd_sc_hd__dfrtp_1     1727
     sky130_fd_sc_hd__dfstp_2        5
     sky130_fd_sc_hd__dfxtp_1    11680
     sky130_fd_sc_hd__lpflow_inputiso1p_1     16
     sky130_fd_sc_hd__lpflow_isobufsrc_1     18
     sky130_fd_sc_hd__maj3_1        43
     sky130_fd_sc_hd__mux2_1     12585
     sky130_fd_sc_hd__mux2i_1      126
     sky130_fd_sc_hd__nand2_1     1212
     sky130_fd_sc_hd__nand2b_1      20
     sky130_fd_sc_hd__nand3_1     2624
     sky130_fd_sc_hd__nand3b_1       3
     sky130_fd_sc_hd__nand4_1     1348
     sky130_fd_sc_hd__nand4b_1       8
     sky130_fd_sc_hd__nand4bb_1      5
     sky130_fd_sc_hd__nor2_1       330
     sky130_fd_sc_hd__nor2b_1        7
     sky130_fd_sc_hd__nor3_1        73
     sky130_fd_sc_hd__nor3b_1        8
     sky130_fd_sc_hd__nor4_1       227
     sky130_fd_sc_hd__nor4b_1       28
     sky130_fd_sc_hd__nor4bb_1       9
     sky130_fd_sc_hd__o211a_1       53
     sky130_fd_sc_hd__o211ai_1      38
     sky130_fd_sc_hd__o21a_1         9
     sky130_fd_sc_hd__o21ai_0      177
     sky130_fd_sc_hd__o21ba_1        1
     sky130_fd_sc_hd__o21bai_1       3
     sky130_fd_sc_hd__o221ai_1      10
     sky130_fd_sc_hd__o22a_1        26
     sky130_fd_sc_hd__o22ai_1      152
     sky130_fd_sc_hd__o2bb2ai_1    186
     sky130_fd_sc_hd__o31a_1         1
     sky130_fd_sc_hd__o31ai_1        4
     sky130_fd_sc_hd__o32a_1         1
     sky130_fd_sc_hd__o32ai_1        2
     sky130_fd_sc_hd__o41ai_1        1
     sky130_fd_sc_hd__or3_1         55
     sky130_fd_sc_hd__or3b_1         1
     sky130_fd_sc_hd__or4_1        267
     sky130_fd_sc_hd__or4b_1         9
     sky130_fd_sc_hd__xnor2_1      103
     sky130_fd_sc_hd__xnor3_1       34
     sky130_fd_sc_hd__xor2_1        22
     sky130_fd_sc_hd__xor3_1        38
     sky130_sram_1kbyte_1rw1r_32x256_8      2

   Area for cell type \sky130_sram_1kbyte_1rw1r_32x256_8 is unknown!

   Chip area for top module '\top': 508711.644800

17. Executing Verilog backend.

17.1. Executing BMUXMAP pass.

17.2. Executing DEMUXMAP pass.
Dumping module `$paramod$5ff19c0ce473189292aafc7f2ccdeae6cf22053c\spi_slave'.
Dumping module `\compute_core'.
Dumping module `\top'.

Warnings: 29 unique messages, 237 total
End of script. Logfile hash: 82e142c197, CPU: user 14.20s system 0.36s, MEM: 656.99 MB peak
Yosys 0.38 (git sha1 543faed9c8c, clang++ 17.0.6 -fPIC -Os)
Time spent: 24% 1x abc (4 sec), 22% 49x opt_expr (4 sec), ...
